tree
version=v4
num_class=5
num_tree_per_iteration=5
label_index=0
max_feature_idx=19
objective=multiclass num_class:5
feature_names=weeks_silent active_weeks base_txn_mean last4_txn_ratio slope_last8 ticket_ratio weeks_since_cashin cashin_ratio_last4 pay_cycle district_changed weeks_since_district_change app_share_shift burst_ratio weeks_since_burst weeks_after_fee post_fee_ratio fail_last6 fail_rate_last6 cashout_ok_ratio_last4 fade_weeks
feature_infos=[3:19] [4:49] [0:4.3103795742990156] [0.10197368421052631:13250000] [-0.83636363636363242:2892857.1428571478] [-1:5.7218659651142074] [-1:10] [0:7250000] [0:2] [0:1] [-1:33] [-0.13404336365944813:0.31869792697105509] [1:169.92214765100672] [1:49] [-5:11] [-1:6250000] [0:20] [0:1] [0:2250000] [0:5]
tree_sizes=1672 1654 1657 1657 1650 1705 1683 1701 1701 1692 1704 1689 1708 1703 1701 1703 1695 1700 1704 1693 1708 1695 1711 1712 1698 1706 1702 1711 1714 1702 1719 1706 1720 1711 1702 1715 1703 1708 1717 1696 1718 1706 1716 1720 1704 1722 1702 1714 1715 1703 1713 1715 1706 1719 1694 1718 1698 1714 1719 1709 1716 1710 1711 1723 1711 1722 1703 1711 1718 1702 1717 1706 1711 1726 1703 1719 1712 1706 1726 1702 1718 1701 1712 1730 1717 1712 1708 1718 1720 1698 1724 1705 1700 1721 1702 1725 1710 1705 1715 1707 1723 1713 1711 1723 1706 1729 1713 1708 1725 1710 1725 1702 1708 1719 1714 1710 1711 1708 1720 1707 1725 1704 1701 1725 1709 1738 1708 1708 1718 1709 1719 1714 1704 1716 1716 1718 1722 1710 1726 1702 1725 1719 1711 1724 1708 1716 1713 1713 1724 1702 1723 1707 1714 1729 1707 1719 1707 1709 1724 1709 1728 1717 1717 1723 1713 1729 1720 1711 1732 1717 1728 1712 1716 1728 1714 1716 1715 1718 1708 1717 1720 1717 1715 1721 1727 1724 1711 1716 1713 1714 1729 1714 1718 1721 1709 1727 1723 1719 1718 1714 1726 1715 1716 1720 1726 1718 1719 1721 1721 1710 1725 1713 1710 1723 1721 1716 1720 1716 1719 1714 1717 1710 1716 1719 1715 1718 1714 1713 1724 1722 1723 1710 1726 1716 1719 1724 1718 1716 1720 1721 1716 1718 1718 1722 1718 1722 1709 1713 1728 1719 1730 1714 1717 1714 1719 1726 1713 1717 1717 1720 1728 1709 1712 1715 1717 1731 1721 1708 1731 1723 1720 1719 1707 1721 1724 1732 1717 1712 1729 1716 1731 1714 1715 1720 1721 1724 1717 1718 1730 1715 1742 1722 1717 1726 1727 1732 1711 1715 1730 1726 1728 1721 1711 1730 1726 1731 1726 1718 1729 1724 1728 1724 1728 1721 1721 1725 1721 1720 1729 1740 1727 1723 1724 1728 1728 1731 1720 1728 1722 1739 1734 1727 1725 1736 1736 1743 1721 1725 1731 1742 1731 1721 1730 1727 1732 1721 1721 1717 1734 1727 1727 1723 1727 1736 1726 1748 1729 1716 1726 1734 1719 1722 1727 1723 1723 1723 1716 1726 1738 1731 1727 1718 1732 1721 1734 1730 1728 1726 1727 1732 1724 1728 1743 1730 1738 1736 1714 1722 1728 1728 1715 1729 1739 1732 1738 1738 1725 1732 1742 1725 1739 1724 1730 1728 1729 1737 1732 1737 1737 1746 1729 1728 1723 1737 1736 1723 1722 1743 1731 1743 1733 1737 1736 1733 1734 1737 1736 1741 1739 1744 1740 1741 1743 1739 1740 1733 1725 1732 1749 1737 1717 1723 1734 1739 1747 1728 1735 1747 1745 1749 1732 1732 1751 1730 1745 1729 1732 1750 1748 1743 1734 1735 1750 1746 1753 1741 1736 1737 1753 1734 1731 1736 1741 1731 1744 1741 1737 1742 1738 1746 1743 1732 1733 1738 1750 1738 1742 1744 1751 1744 1733 1738 1760 1750 1747 1743 1742 1734 1758 1743

Tree=0
num_leaves=15
num_cat=0
split_feature=6 19 2 6 16 19 11 11 7 12 16 7 8 7
split_gain=1314.94 383.438 156.33 82.567 81.3271 78.3279 43.8949 42.3709 41.7053 41.2253 38.5384 22.8694 22.3109 20.969
threshold=2.5000000000000004 1.0000000180025095e-35 1.157981609470111 1.0000000180025095e-35 4.5000000000000009 1.5000000000000002 0.095345011758259116 0.12920411876812046 0.74511541257724467 6.5823684153897037 3.5000000000000004 0.87426470588235305 1.5000000000000002 0.39685742235265348
decision_type=2 2 2 2 2 2 2 2 2 2 2 2 2 2
left_child=3 2 13 -1 7 6 8 9 10 11 -3 -4 -13 -2
right_child=1 5 4 -5 -6 -7 -8 -9 -10 -11 -12 12 -14 -15
leaf_value=-1.4802586926401182 -1.5455097181941519 -1.4721939853223176 -1.4306281090598316 -1.6594379036022864 -1.6317163270507218 -1.6423782800653204 -1.6429368381295901 -1.6244450325004227 -1.6156017865104404 -1.5628225838326459 -1.6381006772224052 -1.4486105547287196 -1.5780863552484847 -1.6492745759850547
leaf_weight=6.5139993280172339 8.4519729539752024 23.842898316681389 117.57951018214226 495.13065692782402 6.3155135661363593 49.602538846433163 10.609981611371039 3.3354602158069602 9.9846883043646795 6.9463583007454863 4.1025950387120238 8.7194469198584539 5.3802290931344023 11.48416495323181
leaf_count=48 54 177 958 2029 28 226 44 15 47 45 18 68 28 55
internal_value=-1.60944 -1.51965 -1.47383 -1.65711 -1.45615 -1.59819 -1.55304 -1.44834 -1.52789 -1.44411 -1.49655 -1.43784 -1.49802 -1.60528
internal_weight=768 266.355 168.213 501.645 148.277 98.1427 48.5402 141.961 37.9302 138.626 27.9455 131.679 14.0997 19.9361
internal_count=3840 1763 1251 2077 1142 512 286 1114 242 1099 195 1054 96 109
is_linear=0
shrinkage=1


Tree=1
num_leaves=15
num_cat=0
split_feature=10 11 1 10 4 17 2 3 4 11 11 1 1 15
split_gain=2281.91 218.247 88.4052 42.0722 21.8127 18.2178 14.1816 12.587 12.4598 6.63747 4.25479 3.63721 2.5398 2.27683
threshold=1.5000000000000002 0.08077455543044694 9.5000000000000018 2.5000000000000004 -0.071287964004499396 0.25543478260869573 1.6823119775013222 0.9432054661487238 0.073509799959587618 0.064267454312832442 0.14116070146414791 32.500000000000007 16.500000000000004 0.027281746031746035
decision_type=2 2 2 2 2 2 2 2 2 2 2 2 2 2
left_child=-1 2 4 7 13 8 -6 -4 10 12 11 -3 -5 -2
right_child=1 5 3 9 6 -7 -8 -9 -10 -11 -12 -13 -14 -15
leaf_value=-1.6594379384388978 -1.4572029240871824 -1.4235643744842745 -1.4556861793028615 -1.6147902252898669 -1.4695096600482711 -1.5140436631378942 -1.587426310872309 -1.5662019850878437 -1.4895406028296205 -1.5756189796473536 -1.4104728599929797 -1.4653987456820559 -1.6544498272750541 -1.4222785903446309
leaf_weight=574.60913017392159 10.315957754850393 27.916311234235764 5.4395563602447492 5.8408587127924028 4.805674269795416 5.3808373510837546 5.4320599436759949 4.8947504609823227 6.139730989933013 4.6668615341186515 84.582402154803276 6.3838116973638526 13.070126131176947 8.5219184309244138
leaf_count=3034 41 110 24 31 21 21 27 25 28 23 326 28 68 33
internal_value=-1.60944 -1.46088 -1.5373 -1.59215 -1.47333 -1.42396 -1.53208 -1.50803 -1.42008 -1.62902 -1.4165 -1.43135 -1.6422 -1.4414
internal_weight=768 193.391 62.9878 33.9122 29.0756 130.403 10.2377 10.3343 125.022 23.5778 118.883 34.3001 18.911 18.8379
internal_count=3840 806 293 171 122 513 48 49 492 122 464 138 99 74
is_linear=0
shrinkage=1


Tree=2
num_leaves=15
num_cat=0
split_feature=12 12 12 18 1 13 7 4 2 1 10 13 12 2
split_gain=2635.67 36.0943 28.8145 16.7864 8.86641 8.13994 18.3835 8.05826 5.16514 4.91421 2.47726 2.33213 4.30312 2.03599
threshold=8.0467141980316281 14.229223217848045 6.8788467189344802 1.2480769230769233 27.500000000000004 1.5000000000000002 1.0424679487179491 0.091620879120879392 1.4994289093636901 20.500000000000004 1.5000000000000002 3.5000000000000004 4.9210919501868258 1.4477586136961855
decision_type=2 2 2 2 2 2 2 2 2 2 2 2 2 2
left_child=2 3 5 7 -4 6 -1 -2 -5 -10 -3 12 13 -7
right_child=1 10 4 8 -6 11 -8 -9 9 -11 -12 -13 -14 -15
leaf_value=-1.6464855362172406 -1.5821229081184496 -1.4107265458756155 -1.5249769557084267 -1.4198409925413449 -1.6240473016757813 -1.6373305282138115 -1.518665548043832 -1.4881286085926444 -1.4359486159473545 -1.5135537496410409 -1.4411482390906061 -1.6591643900969346 -1.6120384864064912 -1.6584769676487023
leaf_weight=18.099557220935825 4.2450381517410296 119.70862051844597 5.2304902821779233 8.4146209955215472 3.9744821637868881 14.845951944589613 3.3306571692228308 4.9265045821666718 3.9860634505748731 4.1781357079744339 7.0880714058876029 514.25543770194054 6.9242430925369254 48.792130365967751
leaf_count=125 19 638 26 46 19 75 16 25 21 24 37 2472 33 264
internal_value=-1.60944 -1.42339 -1.65555 -1.47736 -1.56775 -1.65689 -1.62662 -1.53163 -1.44733 -1.47566 -1.41243 -1.65799 -1.64947 -1.65354
internal_weight=768 152.547 615.453 25.7504 9.20497 606.248 21.4302 9.17154 16.5788 8.1642 126.797 584.818 70.5623 63.6381
internal_count=3840 810 3030 135 45 2985 141 44 91 45 675 2844 372 339
is_linear=0
shrinkage=1


Tree=3
num_leaves=15
num_cat=0
split_feature=5 0 11 17 6 5 7 17 10 0 12 6 5 2
split_gain=779.016 225.843 119.007 126.598 86.3663 85.1147 91.3603 115.265 205.939 138.727 80.5379 23.2106 22.3391 15.471
threshold=0.74027719285293514 6.5000000000000009 0.08077455543044694 0.15587044534412958 3.5000000000000004 1.0000063762497451 0.79849910394265244 0.12701612903225809 1.5000000000000002 12.500000000000002 6.8788467189344802 2.5000000000000004 0.55840840345674903 2.0414607712783139
decision_type=2 2 2 2 2 2 2 2 2 2 2 2 2 2
left_child=1 -1 3 4 -3 6 -2 8 9 10 11 -8 -6 -13
right_child=5 2 -4 -5 12 -7 7 -9 -10 -11 -12 13 -14 -15
leaf_value=-1.659437884634122 -1.6386998490733042 -1.4176160183086046 -1.6505847678654084 -1.6132690895617088 -1.4425338920101878 -1.6507429714732107 -1.4173713089829736 -1.6483211774064073 -1.6420002730865766 -1.659437884634122 -1.659437884634122 -1.4653925060401809 -1.587700856723703 -1.6044792136250681
leaf_weight=18.786983124911785 173.36353532969952 78.764639601111412 8.6403496861457807 11.597837284207342 3.5266305506229392 316.71217849105597 33.496432110667229 48.166976235806942 39.480534382164478 10.420301139354704 4.5010989904403678 7.0957239717245084 10.663115955889223 2.7836926653981209
leaf_count=98 1009 268 33 48 14 1690 111 196 154 70 24 31 74 20
internal_value=-1.60944 -1.49889 -1.47224 -1.45751 -1.43807 -1.63238 -1.61416 -1.58501 -1.55382 -1.49411 -1.45812 -1.43723 -1.55162 -1.50458
internal_weight=768 131.98 113.193 104.552 92.9544 636.02 319.308 145.945 97.7778 58.2972 47.8769 43.3758 14.1897 9.87942
internal_count=3840 535 437 404 356 3305 1615 606 410 256 186 162 88 51
is_linear=0
shrinkage=1


Tree=4
num_leaves=15
num_cat=0
split_feature=17 16 16 11 4 1 7 1 18 14 10 7 1 3
split_gain=2335.34 134.286 52.6564 41.7424 48.5507 25.2322 18.067 11.8936 10.5451 8.76908 6.71676 6.17848 4.88824 4.83274
threshold=0.15587044534412958 4.5000000000000009 1.0000000180025095e-35 0.10961072239829177 0.012203652828652987 6.5000000000000009 0.30025252525252527 19.500000000000004 1.3352059925093636 4.5000000000000009 1.5000000000000002 0.99662162162162182 35.500000000000007 1.3348909657320875
decision_type=2 2 2 2 2 2 2 2 2 2 2 2 2 2
left_child=2 3 -1 4 5 -2 -7 11 -6 -9 13 -4 -8 -3
right_child=1 10 7 -5 8 6 12 9 -10 -11 -12 -13 -14 -15
leaf_value=-1.6592208662319277 -1.5911119416349384 -1.4136228170230989 -1.6594379238986843 -1.63850983607627 -1.5490751153705111 -1.5378095507321181 -1.4233445084341523 -1.4866372021883976 -1.6446606968783262 -1.5796650280921323 -1.4659699942254913 -1.5695767042061095 -1.475578910092898 -1.4634106386179371
leaf_weight=576.25904759764671 3.6613139063119879 107.87483476102352 4.2477968782186535 5.976726531982421 9.0669264346361143 5.1419512629508999 19.86736382544041 4.7050111442804319 4.2322359532117835 5.4878917932510376 7.1117511987686148 3.4798501878976822 5.7826492488384238 5.1046540290117255
leaf_count=3018 16 434 27 23 44 31 82 23 25 28 29 16 22 22
internal_value=-1.60944 -1.44823 -1.6566 -1.51394 -1.49835 -1.46702 -1.45227 -1.57219 -1.57949 -1.53672 -1.41884 -1.61897 -1.43512 -1.41587
internal_weight=768 173.82 594.18 53.7292 47.7524 34.4533 30.792 17.9206 13.2992 10.1929 120.091 7.72765 25.65 112.979
internal_count=3840 728 3112 243 220 151 135 94 69 51 485 43 104 456
is_linear=0
shrinkage=1


Tree=5
num_leaves=15
num_cat=0
split_feature=6 19 12 11 16 6 7 4 4 5 8 12 6 14
split_gain=1153.33 292.507 117.796 123.345 136.719 73.1514 54.173 36.5381 20.0019 14.0815 13.9651 11.1016 9.05983 7.47981
threshold=2.5000000000000004 1.5000000000000002 6.5823684153897037 0.088879200447136306 4.5000000000000009 1.0000000180025095e-35 0.82080200501253142 0.010782097649186397 -0.16572871572871531 0.6934139121153946 1.5000000000000002 16.536497957816312 4.5000000000000009 8.5000000000000018
decision_type=2 2 2 2 2 2 2 2 2 2 2 2 2 2
left_child=5 2 3 4 6 -1 8 10 -2 13 -8 -4 -3 -10
right_child=1 12 11 -5 -6 -7 7 -9 9 -11 -12 -13 -14 -15
leaf_value=0.11197863008993154 0.062057780102325426 -0.041599323816011002 0.023117589208554265 -0.01896831766520727 -0.031684841384980775 -0.049366798182061813 0.072527047079236115 0.14286179700678686 0.081117524476767733 0.15528269538022663 -0.022572286519413093 -0.049915882206025962 0.017023054440553968 0.16901629208168356
leaf_weight=7.130353480577468 6.6625034287571898 40.390533946454525 11.513871915638449 16.086066231131554 13.008097507059572 475.67253239452839 7.0666974261403093 10.050276339054106 10.310460843145846 139.26893004775047 8.5082427337765694 9.4936809837818128 7.8758742734789839 3.1626860946416846
leaf_count=48 37 184 67 72 57 2029 41 72 60 1021 35 51 42 24
internal_value=1.50985e-05 0.0800837 0.103098 0.114183 0.124999 -0.0469839 0.136014 0.068537 0.146862 0.150561 0.0205764 -0.00988752 -0.0320336 0.101751
internal_weight=766.201 283.398 235.132 214.124 198.038 482.803 185.03 25.6252 159.405 152.742 15.5749 21.0076 48.2664 13.4731
internal_count=3840 1763 1537 1419 1347 2077 1290 148 1142 1105 76 118 226 84
is_linear=0
shrinkage=0.05


Tree=6
num_leaves=15
num_cat=0
split_feature=10 11 1 10 12 11 11 4 5 11 1 15 13 12
split_gain=1922.1 147.281 68.1968 35.5727 16.2917 11.9123 10.5472 10.2767 9.47242 6.14347 5.12616 2.4659 2.07288 1.37602
threshold=1.5000000000000002 0.08077455543044694 9.5000000000000018 2.5000000000000004 4.4216367364106945 0.14116070146414791 0.050049704152755621 -0.071287964004499396 1.184266038418049 0.064267454312832442 31.500000000000004 0.65978723404255335 14.500000000000002 2.2670209590830925
decision_type=2 2 2 2 2 2 2 2 2 2 2 2 2 2
left_child=-1 2 4 6 7 8 -4 13 10 11 12 -5 -3 -2
right_child=1 5 3 9 -6 -7 -8 -9 -10 -11 -12 -13 -14 -15
leaf_value=-0.049364359663074363 0.14214678838589376 0.16182346963309027 0.032753725906809722 -0.005155615921333353 0.036714013447966092 0.164282846323169 0.13155289390020397 0.084625871517421625 0.085977625696514792 0.031641366234136097 0.11017113319287715 -0.044427753749945384 0.13024956853803299 0.16957059170883301
leaf_weight=551.92120046168566 11.402950540184984 22.205738708376888 4.6692367717623693 5.8458173722028794 5.1985770463943473 102.1643218100071 6.4091177582740784 7.6785428896546355 8.5000254660844785 4.7691725343465796 8.44774281978607 12.639380812644957 6.7870843112468711 7.6380544900894156
leaf_count=3034 40 76 24 35 23 345 25 33 34 23 33 64 25 26
internal_value=-1.35891e-05 0.127054 0.0650866 0.016174 0.117699 0.154774 0.0899116 0.133456 0.133628 -0.0189545 0.144446 -0.0320082 0.154432 0.153147
internal_weight=766.277 214.356 66.2509 34.3327 31.9181 148.105 11.0784 26.7195 45.9406 23.2544 37.4406 18.4852 28.9928 19.041
internal_count=3840 806 293 171 122 513 49 99 168 122 134 99 101 66
is_linear=0
shrinkage=0.05


Tree=7
num_leaves=15
num_cat=0
split_feature=12 12 12 5 13 7 1 2 12 13 12 12 2 9
split_gain=2157.72 27.1479 22.757 11.9346 8.02936 16.2291 7.3831 4.63829 5.07767 2.32631 4.15137 2.02285 2.02162 2.11281
threshold=8.0467141980316281 6.8788467189344802 14.229223217848045 1.0683696469294268 1.5000000000000002 1.0424679487179491 27.500000000000004 1.4994289093636901 11.725466407049524 3.5000000000000004 4.9210919501868258 4.1908123719209316 1.4477586136961855 1.0000000180025095e-35
decision_type=2 2 2 2 2 2 2 2 2 2 2 2 2 2
left_child=1 4 3 -2 5 11 -3 -5 -9 10 12 -1 13 -6
right_child=2 6 -4 7 9 -7 -8 8 -10 -11 -12 -13 -14 -15
leaf_value=-0.043229552513270868 0.043654372311295764 0.075732649832076643 0.163155861397832 0.15025276766360815 -0.010897864352468218 0.081111644197957675 -0.01390769789746274 0.077490077183576353 0.14654459101198489 -0.049079097424750445 -0.0025063687425384926 0.0046187689309122038 -0.048410062838825207 -0.049546897138506019
leaf_weight=14.969399243593221 4.9564212262630489 5.546362601220606 145.08079741895199 12.267084479331972 8.4501501247286779 3.545227736234664 3.9209278151392937 6.5459719821810705 4.4866969585418701 493.93242456763983 6.9132987409830085 2.5912248492240897 46.999469481408596 6.0806080028414717
leaf_count=107 22 26 675 59 50 16 19 32 22 2472 33 18 264 25
internal_value=-1.92028e-05 -0.045383 0.155161 0.114109 -0.0467457 -0.016469 0.0386076 0.129096 0.105573 -0.047882 -0.0392431 -0.0361691 -0.0433707 -0.0270711
internal_weight=766.286 592.949 173.337 28.2562 583.482 21.1059 9.46729 23.2998 11.0327 562.376 68.4435 17.5606 61.5302 14.5308
internal_count=3840 3030 810 135 2985 141 45 113 54 2844 372 125 339 75
is_linear=0
shrinkage=0.05


Tree=8
num_leaves=15
num_cat=0
split_feature=5 0 11 17 5 7 0 17 10 6 12 7 6 5
split_gain=661.625 189.727 104.671 108.771 71.8881 72.1588 89.5129 101.003 159.264 69.045 58.3431 25.787 14.6281 14.3157
threshold=0.75526129329148006 6.5000000000000009 0.08077455543044694 0.15587044534412958 1.0000063762497451 0.79849910394265244 12.500000000000002 0.12701612903225809 1.5000000000000002 2.5000000000000004 6.8788467189344802 0.28317610062893089 2.5000000000000004 0.59317807916471932
decision_type=2 2 2 2 2 2 2 2 2 2 2 2 2 2
left_child=1 -1 3 9 5 -2 7 8 10 -3 12 13 -7 -11
right_child=4 2 -4 -5 -6 6 -8 -9 -10 11 -12 -13 -14 -15
leaf_value=-0.049387100121440014 -0.02892867918937371 0.16362669177720546 -0.041777950654224807 -0.0091942466516896967 -0.040457873065929489 0.15824483525814581 -0.049497097821528543 -0.032581988603455826 -0.026172630773094653 0.10425128575175013 -0.049352186975792529 0.12055691812091898 0.090380810938434752 -0.015847619465465073
leaf_weight=20.457448795437813 162.75486548990011 86.644541904330254 9.9713277816772443 13.181317217648028 306.04598864912987 35.17152251303196 35.148506909608841 31.679266035556793 26.15796222537756 3.4390068724751499 4.3205413967370978 11.983370341360567 10.255974687635897 8.9096880033612234
leaf_count=112 972 249 40 56 1690 102 175 131 105 16 24 50 50 68
internal_value=3.11728e-05 0.0924481 0.114081 0.126598 -0.0233304 -0.00617176 0.0197773 0.0424094 0.073707 0.142727 0.126225 0.068305 0.142923 0.0175989
internal_weight=766.121 154.587 134.129 124.158 611.535 305.489 142.734 107.585 75.906 110.977 49.748 24.3321 45.4275 12.3487
internal_count=3840 591 479 439 3249 1559 587 412 281 383 176 134 152 84
is_linear=0
shrinkage=0.05


Tree=9
num_leaves=15
num_cat=0
split_feature=17 16 4 11 16 6 13 18 18 7 12 18 11 3
split_gain=1945.47 102.469 33.6345 39.0882 30.3672 16.664 13.6112 9.13635 8.19049 7.13526 5.74984 4.55413 3.94035 3.24512
threshold=0.11437908496732027 4.5000000000000009 0.018356643356643377 0.10961072239829177 1.0000000180025095e-35 2.5000000000000004 16.500000000000004 0.79559312638580948 1.2647569444444446 0.49550219023779735 6.1820850337719913 1.3217647058823532 0.047880829527813397 1.0647621397265843
decision_type=2 2 2 2 2 2 2 2 2 2 2 2 2 2
left_child=4 2 3 5 -1 7 11 -2 13 -7 12 -6 -3 -4
right_child=1 10 8 -5 6 9 -8 -9 -10 -11 -12 -13 -14 -15
leaf_value=-0.049139287803419668 0.15393374464381157 0.16277236639806184 0.016283064682430577 -0.02610909458258949 0.024348276280626455 0.02566729475105145 0.10583378988537787 0.096476991280897387 -0.036916501507285142 0.10687025952066845 0.10950738450167233 -0.050082747767915603 0.12902880933953412 0.073142207959753833
leaf_weight=553.53635089099407 21.839539021253589 121.92223881185055 5.609200604259966 5.3231702595949164 5.0274461135268194 5.7266072928905469 3.9927186965942374 10.127073302865027 4.9146265015006056 5.1274369135499001 5.8002300262451163 3.4760709777474403 9.312341168522833 4.5408473461866379
leaf_count=3018 77 430 28 21 23 39 16 37 30 23 22 22 34 20
internal_value=-1.34706e-05 0.133933 0.0812688 0.101671 -0.0473992 0.117556 0.0296796 0.135731 0.0160662 0.0640275 0.158225 -0.00607767 0.160378 0.0417203
internal_weight=766.276 200.243 63.2085 48.1438 566.033 42.8207 12.4962 31.9666 15.0647 10.854 137.035 8.50352 131.235 10.15
internal_count=3840 761 275 197 3079 176 61 114 78 62 486 45 464 48
is_linear=0
shrinkage=0.05


Tree=10
num_leaves=15
num_cat=0
split_feature=6 19 12 11 16 6 7 4 4 8 12 6 5 5
split_gain=1020.15 238.855 91.9929 95.2093 107.292 65.6481 38.8592 28.6206 13.851 12.1707 9.14234 8.58512 7.44878 6.96048
threshold=2.5000000000000004 1.5000000000000002 6.8788467189344802 0.088879200447136306 4.5000000000000009 1.0000000180025095e-35 0.82080200501253142 0.010782097649186397 -0.12203549919575075 1.5000000000000002 16.536497957816312 4.5000000000000009 0.68194381120984726 0.85078726120979264
decision_type=2 2 2 2 2 2 2 2 2 2 2 2 2 2
left_child=5 2 3 4 6 -1 8 9 13 -8 -4 -3 -10 -2
right_child=1 11 10 -5 -6 -7 7 -9 12 -11 -12 -13 -14 -15
leaf_value=0.098765448827381891 0.03245440961892207 -0.040821606597988648 0.019377485050358925 -0.016821155541634113 -0.030945034395071014 -0.048771154977681537 0.06579179810252106 0.12410252195140559 0.091600759600159162 -0.02209476338776337 -0.049232472783787257 0.016167255616964814 0.13379817896936705 0.10585193265347813
leaf_weight=7.666573464870452 5.1139923036098471 39.026508249342442 10.428543969988825 16.092253215610981 12.829455226659773 456.15023602545261 7.4067941457033166 10.985140308737753 11.240754112601278 8.4143007770180702 9.0854118615388852 7.9557388797402373 150.20616638660431 8.7684151008725149
leaf_count=48 24 184 60 74 58 2029 41 72 66 35 51 42 1001 55
internal_value=2.43984e-05 0.072284 0.091682 0.100486 0.109268 -0.0463325 0.118167 0.0621004 0.126739 0.0190502 -0.0125663 -0.0311714 0.13086 0.0788138
internal_weight=761.37 297.553 250.571 231.057 214.965 463.817 202.136 26.8062 175.329 15.8211 19.514 46.9822 161.447 13.8824
internal_count=3840 1763 1537 1426 1352 2077 1294 148 1146 76 111 226 1067 79
is_linear=0
shrinkage=0.05


Tree=11
num_leaves=15
num_cat=0
split_feature=10 11 1 10 3 17 11 4 11 2 12 11 10 1
split_gain=1652.29 106.134 55.3936 28.3804 21.2247 9.72357 9.43762 5.97731 5.43808 3.03687 2.50333 1.74448 2.30681 4.94229
threshold=1.5000000000000002 0.08077455543044694 11.500000000000002 2.5000000000000004 1.0835034013605445 0.25543478260869573 0.057614456276032323 0.075702387910161206 0.064267454312832442 1.6532660775605388 2.3471589795220358 0.15061696831342566 2.5000000000000004 22.500000000000004
decision_type=2 2 2 2 2 2 2 2 2 2 2 2 2 2
left_child=-1 2 4 6 9 7 -4 11 -5 -2 -11 12 -3 -14
right_child=1 5 3 8 -6 -7 -8 -9 -10 10 -12 -13 13 -15
leaf_value=-0.048770760784604031 0.13257895877694534 0.14450165938603471 0.025051449895422274 -0.040639521770632576 0.013391055268977964 0.072151537731041784 0.11872239762338721 0.088574585268550901 0.022003844251278232 0.083166957365278238 0.12044210395359692 0.14166707050917485 0.13644977149160389 0.095574871929461305
leaf_weight=529.35366475582123 14.325429901480673 18.302352160215378 5.1086396276950854 15.306674495339395 6.0541755110025397 6.2442841827869406 5.6773934364318848 6.4311366081237784 4.4779907763004294 9.0422936826944369 8.9748358726501447 99.100002765655518 21.414591386914253 11.296343371272085
leaf_count=3034 47 57 26 86 29 21 20 25 21 32 32 301 66 43
internal_value=-2.55427e-05 0.111313 0.0593292 0.00910969 0.0993129 0.133337 0.0743566 0.135778 -0.026461 0.115397 0.101735 0.1378 0.130287 0.122334
internal_weight=761.11 231.756 68.9674 30.5707 38.3967 162.789 10.786 156.544 19.7847 32.3426 18.0171 150.113 51.0133 32.7109
internal_count=3840 806 293 153 140 513 46 492 107 111 64 467 166 109
is_linear=0
shrinkage=0.05


Tree=12
num_leaves=15
num_cat=0
split_feature=12 12 13 12 4 13 7 15 2 11 13 2 9 15
split_gain=1814.87 25.6573 33.1966 15.8726 10.0608 5.17091 13.5761 3.62141 7.36266 2.03691 1.74698 3.16072 3.54497 6.00324
threshold=8.0467141980316281 6.3974541429475025 5.5000000000000009 14.229223217848045 0.046364197853054408 1.5000000000000002 1.050568181818182 1.2964997964997969 1.7135435631864651 0.015454613494316595 3.5000000000000004 1.4477586136961855 1.0000000180025095e-35 0.49489795918367352
decision_type=2 2 2 2 2 2 2 2 2 2 2 2 2 2
left_child=1 5 -3 4 -2 6 -1 9 -9 -6 11 12 13 -7
right_child=3 2 -4 -5 7 10 -8 8 -10 -11 -12 -13 -14 -15
leaf_value=-0.040522336713675555 0.034630790870274562 0.096533540505526858 -0.049474684481790689 0.1397982266697225 0.13998410200159112 0.046571880843358254 0.067628404123956654 0.12499560822427924 0.038104520328854745 0.10015953786476504 -0.048467278708194873 -0.046074565482876639 -0.049009658705528758 -0.033563676472453154
leaf_weight=16.525079078972343 4.8816402480006245 7.2802422046661368 8.3670498505234701 160.23191007971764 10.866544947028162 3.8935200423002261 3.5197808742523184 6.0038595795631391 4.1047223657369614 4.557360813021659 469.08577542752028 49.274101927876472 6.5918589755892745 5.8463882878422737
leaf_count=122 21 36 39 675 49 24 15 27 17 21 2449 285 28 32
internal_value=-4.29161e-05 -0.0446828 0.0184588 0.133513 0.100398 -0.0464638 -0.0215316 0.112973 0.0897123 0.128217 -0.0473985 -0.0397563 -0.0206936 -0.00152956
internal_weight=761.03 570.384 15.6473 190.646 30.4141 554.737 20.0449 25.5325 10.1086 15.4239 534.692 65.6059 16.3318 9.73991
internal_count=3840 3030 75 810 135 2955 137 114 44 70 2818 369 84 56
is_linear=0
shrinkage=0.05


Tree=13
num_leaves=15
num_cat=0
split_feature=5 0 11 16 5 7 17 10 0 6 12 6 4 8
split_gain=569.621 154.234 82.4626 84.0823 68.2622 66.4328 95.5505 169.032 91.8043 49.6623 47.2947 26.4327 20.7294 18.5775
threshold=0.75526129329148006 6.5000000000000009 0.08077455543044694 2.5000000000000004 1.0000063762497451 0.62387724550898216 0.12701612903225809 1.5000000000000002 12.500000000000002 2.5000000000000004 6.8788467189344802 2.5000000000000004 -0.094764343877819374 1.5000000000000002
decision_type=2 2 2 2 2 2 2 2 2 2 2 2 2 2
left_child=1 -1 3 9 5 -2 7 8 10 -3 11 -7 -11 -13
right_child=4 2 -4 -5 -6 6 -8 -9 -10 12 -12 13 -14 -15
leaf_value=-0.04877412819563328 -0.033843760971425642 0.1389651482984324 -0.040906647707641311 -0.021699681160696423 -0.039629792725839913 0.14183459685405425 -0.038544355090198289 -0.034470194644162143 -0.049025860676098418 0.13113028205358815 -0.048794802190630905 0.014333411449871084 0.032169710264522158 0.13121403588282532
leaf_weight=19.601867236196995 124.54907836765051 97.524957984685898 9.5909201875329 10.984676405787466 295.51869810372591 43.511600941419601 58.546426109969616 46.925395540893078 10.541132554411886 7.4512265026569393 4.3274685293436042 8.1896433830261213 18.259393848478794 5.8126999810338011
leaf_count=112 818 255 40 48 1690 117 253 194 77 25 25 55 111 20
internal_value=6.98413e-05 0.0827981 0.100732 0.110853 -0.0225399 -0.00583913 0.0137721 0.0394447 0.0873636 0.122668 0.110612 0.122606 0.0608496 0.0628533
internal_weight=761.335 163.413 143.811 134.22 597.922 302.403 177.854 119.308 72.3825 123.236 61.8414 57.5139 25.7106 14.0023
internal_count=3840 591 479 439 3249 1559 741 488 294 391 217 192 136 75
is_linear=0
shrinkage=0.05


Tree=14
num_leaves=15
num_cat=0
split_feature=17 16 16 11 4 13 18 18 1 8 17 18 12 3
split_gain=1661.88 73.3342 29.1499 27.5036 31.3149 11.5963 10.9677 9.46752 6.29729 4.65881 4.40202 4.21836 3.84586 2.86205
threshold=0.11437908496732027 4.5000000000000009 1.0000000180025095e-35 0.11400737744892402 0.012203652828652987 16.500000000000004 0.98245073891625634 1.2647569444444446 13.500000000000002 1.5000000000000002 0.18465909090909094 1.3217647058823532 6.1820850337719913 0.79748196448390696
decision_type=2 2 2 2 2 2 2 2 2 2 2 2 2 2
left_child=2 3 -1 4 6 11 10 9 -8 -6 -2 -4 -3 -12
right_child=1 12 5 -5 7 -7 8 -9 -10 -11 13 -13 -14 -15
leaf_value=-0.048539195871325186 0.077473133680978357 0.13774029541594868 0.022887479861323577 -0.037236646436393357 0.074453599095423012 0.095732816281050084 0.025358619863560847 -0.036403908304973261 0.094204772916117341 0.0071725435052886789 0.1402439614717165 -0.049420064714413244 0.097505890593086106 0.10652372297178286
leaf_weight=531.00652587413788 5.2529020011425009 144.67343579232693 5.1056294739246351 5.2071476727724066 6.4406017363071424 4.232658475637435 5.6403853222727767 4.8844680711626998 8.079126372933386 4.2845657616853714 16.691109217703346 3.3343167304992676 6.1936170160770407 10.100767552852629
leaf_count=3018 20 464 23 21 27 16 25 31 34 23 58 22 22 36
internal_value=-2.58141e-05 0.116799 -0.0467506 0.0730903 0.0824507 0.0281929 0.103309 0.0212973 0.0659006 0.0475757 0.119325 -0.00567861 0.136089 0.127531
internal_weight=761.127 217.448 543.679 66.5811 61.3739 12.6726 45.7643 15.6096 13.7195 10.7252 32.0448 8.43995 150.867 26.7919
internal_count=3840 761 3079 275 254 61 173 81 59 50 114 45 486 94
is_linear=0
shrinkage=0.05


Tree=15
num_leaves=15
num_cat=0
split_feature=6 19 12 11 16 6 7 4 2 4 5 12 6 5
split_gain=908.886 198.827 73.7586 75.5081 84.9578 59.5087 29.7223 23.0078 11.223 10.8152 10.0265 8.61215 8.13076 7.49391
threshold=2.5000000000000004 1.5000000000000002 6.8788467189344802 0.088879200447136306 4.5000000000000009 1.0000000180025095e-35 0.82080200501253142 0.010782097649186397 1.6295784917539609 -0.15591577540106957 0.95776068230679401 16.536497957816312 4.5000000000000009 0.6934139121153946
decision_type=2 2 2 2 2 2 2 2 2 2 2 2 2 2
left_child=5 2 3 4 6 -1 9 8 -8 -2 -10 -4 -3 -11
right_child=1 12 11 -5 -6 -7 7 -9 10 13 -12 -13 -14 -15
leaf_value=0.08835110788665379 0.05779952819272386 -0.040060564586037434 0.018707037761498908 -0.015806102137713066 -0.029855755618624663 -0.048210841906220048 -0.024753364652985943 0.10950920274891547 0.004492759527133865 0.080902081680235924 0.11565886281985696 -0.048594901759838278 0.015352450459035442 0.11761255733843841
leaf_weight=8.125834643840788 8.8244591653346998 37.678928017616272 10.50645996630192 15.751554071903227 12.406274795532225 436.6816008836031 7.9353163465857568 11.794283226132391 4.1469312161207181 15.189691588282583 3.9703415557742119 8.6805597841739637 8.0307803228497487 163.94952744245529
leaf_count=48 46 184 60 74 58 2029 32 72 18 84 26 51 42 1016
internal_value=3.81862e-05 0.0659305 0.08265 0.0900735 0.0973813 -0.0457161 0.104696 0.0564872 0.0175305 0.111838 0.0588666 -0.0117416 -0.030325 0.1145
internal_weight=753.673 308.865 263.155 243.968 228.217 444.807 215.811 27.8469 16.0526 187.964 8.11727 19.187 45.7097 179.139
internal_count=3840 1763 1537 1426 1352 2077 1294 148 76 1146 44 111 226 1100
is_linear=0
shrinkage=0.05


Tree=16
num_leaves=15
num_cat=0
split_feature=10 11 18 17 1 11 11 4 17 18 12 15 11 10
split_gain=1440.09 80.3855 46.5934 32.365 12.368 16.0227 11.9393 10.4508 7.16358 4.93434 2.4194 2.19748 1.07381 2.17297
threshold=1.5000000000000002 0.08077455543044694 1.1645833333333335 0.11882352941176472 9.5000000000000018 0.061666945635392163 0.044538304309147937 0.037613243495597061 0.25543478260869573 1.6020833333333335 2.2199835443194513 0.027281746031746035 0.14116070146414791 2.5000000000000004
decision_type=2 2 2 2 2 2 2 2 2 2 2 2 2 2
left_child=-1 2 3 4 10 -6 -4 -8 9 12 -2 -12 13 -3
right_child=1 8 6 -5 5 -7 7 -9 -10 -11 11 -13 -14 -15
leaf_value=-0.04821291660805372 0.13120244392936561 0.13010168270803638 -0.039216046511617524 -0.010450589740581035 0.014603356672680682 0.12915154288370273 0.082627819424777926 -0.021662999174227034 0.06598093246680195 0.086919244016131658 0.078912381270443824 0.12006671565498393 0.12429868024862895 0.10689888275131861
leaf_weight=506.87298493087292 15.26353592425585 15.611850857734678 12.187996782362463 8.0335578098893148 7.9430698677897436 4.9585694968700409 5.2767208367586118 4.4094661772251129 6.5021669268608084 10.890962079167364 5.7948216348886472 7.3677148520946503 113.21423634886742 28.531371369957924
leaf_count=3034 46 45 73 33 39 16 22 22 21 38 20 22 321 88
internal_value=-3.88047e-05 0.0992276 0.0544599 0.0813788 0.0992292 0.0586284 -0.00628519 0.0351513 0.117477 0.119467 0.117657 0.101948 0.12172 0.115105
internal_weight=752.859 245.986 71.2355 49.3613 41.3277 12.9016 21.8742 9.68619 174.751 168.248 28.4261 13.1625 157.357 44.1432
internal_count=3840 806 293 176 143 55 117 44 513 492 88 42 454 133
is_linear=0
shrinkage=0.05


Tree=17
num_leaves=15
num_cat=0
split_feature=12 12 13 12 18 13 7 1 5 13 2 9 15 10
split_gain=1556.38 24.414 28.7619 12.0636 7.85074 5.13223 12.2641 2.07343 1.7977 1.7607 3.12302 3.38207 5.48624 1.11867
threshold=8.0467141980316281 6.3974541429475025 5.5000000000000009 11.725466407049524 1.2480769230769233 1.5000000000000002 1.050568181818182 35.500000000000007 1.3897362738479797 3.5000000000000004 1.4477586136961855 1.0000000180025095e-35 0.49489795918367352 3.5000000000000004
decision_type=2 2 2 2 2 2 2 2 2 2 2 2 2 2
left_child=1 5 -3 4 -2 6 -1 13 -6 10 11 12 -7 -5
right_child=3 2 -4 7 8 9 -8 -9 -10 -11 -12 -13 -14 -15
leaf_value=-0.039704449090435308 0.044900943209323474 0.085948612184874498 -0.048936566393713972 0.1234720928964977 0.13124891190893628 0.043509104739720889 0.061705095656783809 0.093261128878331698 0.092293856261980556 -0.047895744632633935 -0.045447106193266432 -0.048416950211799259 -0.032849818690670267 0.10231502999094784
leaf_weight=15.926808185875418 8.562351346015932 7.7548003271222106 8.0594931840896589 170.79529370367527 4.7417299002408964 4.0004362314939517 3.6680267825722686 6.1908434033393851 7.8889080435037613 449.12515857070684 47.373959399759769 6.306630812585353 5.7097008749842644 6.4850670844316474
leaf_count=122 35 36 39 670 20 24 15 24 35 2449 285 28 32 26
internal_value=-7.00616e-05 -0.0440151 0.0172066 0.117579 0.0818621 -0.0458346 -0.0207212 0.121705 0.106918 -0.0467947 -0.0389941 -0.0199076 -0.00139105 0.122698
internal_weight=752.589 547.925 15.8143 204.664 21.193 532.111 19.5948 183.471 12.6306 512.516 63.3907 16.0168 9.71014 177.28
internal_count=3840 3030 75 810 90 2955 137 720 55 2818 369 84 56 696
is_linear=0
shrinkage=0.05


Tree=18
num_leaves=15
num_cat=0
split_feature=5 0 11 16 5 7 17 10 0 7 12 6 15 2
split_gain=495.081 128.361 66.8413 66.3462 64.5443 61.1861 91.0041 153.425 77.6822 39.0477 37.8767 24.8042 18.5805 16.0999
threshold=0.75526129329148006 6.5000000000000009 0.08077455543044694 2.5000000000000004 1.0000063762497451 0.55640906269397905 0.11437908496732027 1.5000000000000002 12.500000000000002 0.19810191518467854 6.8788467189344802 2.5000000000000004 0.24795081967213117 1.7187187333386496
decision_type=2 2 2 2 2 2 2 2 2 2 2 2 2 2
left_child=1 -1 3 9 5 -2 7 8 10 -3 11 -7 -11 -13
right_child=4 2 -4 -5 -6 6 -8 -9 -10 12 -12 13 -14 -15
leaf_value=-0.048217231514824099 -0.035408556157344645 0.023286885678445484 -0.040070469472182658 -0.02070725938742092 -0.038804524028851532 0.12560405191465562 -0.037577442717801224 -0.034375983555303191 -0.048528423925109553 -0.02106828456002699 -0.04822144178355281 0.11558352699246276 0.12007285473600758 0.01262511032143558
leaf_weight=18.777894228696823 108.88866610080004 12.180919840931891 9.2237049564719182 10.734491705894468 284.98808664083481 48.333980232477188 62.847237199544907 48.068148590624332 10.368530139327047 2.3791735470294944 4.1407756656408301 6.3005606755614272 117.08002482354641 9.5556234717369062
leaf_count=112 762 76 40 48 1690 121 281 205 79 14 25 22 301 64
internal_value=0.000109969 0.0750948 0.090369 0.0988195 -0.0217852 -0.0055364 0.011618 0.0360076 0.0789965 0.108566 0.0983471 0.107802 0.117262 0.0535363
internal_weight=753.868 170.376 151.598 142.375 583.492 298.504 189.615 126.768 78.6995 131.64 68.3309 64.1902 119.459 15.8562
internal_count=3840 591 479 439 3249 1559 797 516 311 391 232 207 315 86
is_linear=0
shrinkage=0.05


Tree=19
num_leaves=15
num_cat=0
split_feature=17 16 4 11 18 16 5 18 2 1 0 16 3 10
split_gain=1444.13 67.213 22.0957 26.9408 12.4831 9.58865 9.49647 8.98725 4.77743 4.45601 2.90519 5.50721 2.77312 2.53275
threshold=0.072751322751322761 4.5000000000000009 0.019075851684547434 0.14116070146414791 0.79559312638580948 1.0000000180025095e-35 1.0230388273558932 1.2647569444444446 1.9893784585645766 22.500000000000004 11.500000000000002 2.5000000000000004 1.342871595425027 1.5000000000000002
decision_type=2 2 2 2 2 2 2 2 2 2 2 2 2 2
left_child=5 2 3 4 10 -1 9 8 -4 -6 11 -2 13 -3
right_child=1 12 7 -5 6 -7 -8 -9 -10 -11 -12 -13 -14 -15
leaf_value=-0.047972563701819765 0.06050309714587903 0.12265920164434996 0.012767617909268145 -0.036005418695364437 0.0073964516463803313 0.019577304165492155 0.10164330934849385 -0.038000583803018809 0.080469271320650154 0.062148478188661739 0.12957463430923419 0.11424750359519911 0.087731124136165295 0.095443245449651853
leaf_weight=508.52485448867083 6.9957764819264421 146.5784725099802 6.7561152800917643 4.8366240113973609 7.3248689472675341 5.3083373457193366 8.4147143885493261 5.8093298226594916 4.2417780682444572 7.5426605865359306 10.054411038756369 14.958538368344307 6.4970216304063788 9.0778362154960615
leaf_count=3018 25 435 29 20 36 27 33 38 20 28 32 48 22 29
internal_value=-3.94995e-05 0.101475 0.062988 0.0771549 0.0870537 -0.0472747 0.0591971 0.0123063 0.0388795 0.0351735 0.107316 0.0971218 0.119736 0.121072
internal_weight=752.921 239.088 76.9348 60.1276 55.291 513.833 23.2822 16.8072 10.9979 14.8675 32.0087 21.9543 162.153 155.656
internal_count=3840 795 309 222 202 3045 97 87 49 64 105 73 486 464
is_linear=0
shrinkage=0.05


Tree=20
num_leaves=15
num_cat=0
split_feature=6 19 12 11 16 6 7 4 8 4 12 6 18 5
split_gain=814.867 168.141 60.2224 61.787 68.0524 54.2873 26.058 20.4818 10.5067 8.56573 8.15126 7.69471 5.79173 5.74869
threshold=2.5000000000000004 1.5000000000000002 6.8788467189344802 0.11886497104474349 4.5000000000000009 1.0000000180025095e-35 0.82080200501253142 0.010782097649186397 1.5000000000000002 -0.13987263194429531 16.536497957816312 4.5000000000000009 2.1014705882352946 0.6934139121153946
decision_type=2 2 2 2 2 2 2 2 2 2 2 2 2 2
left_child=5 2 3 4 6 -1 9 8 -8 -2 12 -3 -4 -11
right_child=1 11 10 -5 -6 -7 7 -9 -10 13 -12 -13 -14 -15
leaf_value=0.079797288713947229 0.055713987705856942 -0.039314306790254161 -0.01539616045147392 -0.027345315036222298 -0.028772384915230122 -0.047686088703785018 0.055427877737710511 0.098059661681014196 -0.023503057363135176 0.073436081644199097 -0.048004747276425327 0.014572649190428026 0.059005933225911411 0.10488262390198472
leaf_weight=8.5213283449411374 10.426946207880972 36.347809739410877 5.7837139442563075 12.345019847154616 11.994581520557402 417.42642918229103 7.9566418156027838 12.466124549508093 8.9683223366737366 15.856205120682715 8.2839417010545713 8.1011878326535207 4.7751807197928429 174.18751761317253
leaf_count=48 53 184 29 57 58 2029 41 72 38 84 51 42 31 1023
internal_value=5.81327e-05 0.06069 0.075371 0.0817641 0.0873334 -0.0451357 0.093392 0.0494252 0.0136034 0.099838 -0.0108769 -0.029493 0.0182516 0.102259
internal_weight=743.441 317.493 273.044 254.201 241.856 425.948 229.862 29.3911 16.925 200.471 18.8428 44.449 10.5589 190.044
internal_count=3840 1763 1537 1426 1369 2077 1311 151 79 1160 111 226 60 1107
is_linear=0
shrinkage=0.05


Tree=21
num_leaves=15
num_cat=0
split_feature=10 11 1 10 3 11 4 11 18 2 4 11 1 4
split_gain=1268.11 63.5943 34.9818 38.6837 12.178 7.16327 6.65956 9.13712 3.24539 2.1842 2.11653 1.85984 4.73524 1.1153
threshold=1.5000000000000002 0.095345011758259116 11.500000000000002 2.5000000000000004 1.0835034013605445 0.061666945635392163 -0.049999999999999191 0.064267454312832442 1.6020833333333335 1.6532660775605388 -0.089730317991187955 0.12920411876812046 30.500000000000004 -0.16946832302269929
decision_type=2 2 2 2 2 2 2 2 2 2 2 2 2 2
left_child=-1 2 4 5 9 -4 7 -5 11 13 -11 12 -3 -2
right_child=1 8 3 6 -6 -7 -8 -9 -10 10 -12 -13 -14 -15
leaf_value=-0.04768988378492673 0.095279000555276716 0.11020650856890449 0.030740993251606726 -0.036044318516814763 0.019543396809466429 0.10010465562153002 -0.044652382418397904 0.062368097618799162 0.078366543410505723 0.093551301432366174 0.060993687552219178 0.11176064247043858 0.064833412704598192 0.11995446309547858
leaf_weight=484.58083479851484 10.061562865972521 20.932719916105274 5.5035428404808071 5.0258315876126307 6.389156036078929 11.498892471194265 13.382211931049822 4.4441896826028824 8.9927992224693281 16.183061517775059 7.2184217944741276 131.33173462748528 7.9280724227428427 8.4044662564992887
leaf_count=3034 28 57 27 25 30 35 78 17 29 48 25 356 26 25
internal_value=-5.60367e-05 0.0896554 0.0552103 0.0205434 0.0838412 0.0776522 -0.0219464 0.0101397 0.107594 0.0936534 0.0835086 0.109235 0.0977425 0.10651
internal_weight=741.877 257.297 88.1113 39.8547 48.2567 17.0024 22.8522 9.47002 169.185 41.8675 23.4015 160.193 28.8608 18.466
internal_count=3840 806 338 182 156 62 120 42 468 126 73 439 83 53
is_linear=0
shrinkage=0.05


Tree=22
num_leaves=15
num_cat=0
split_feature=12 13 12 13 12 15 2 15 13 12 5 2 9 7
split_gain=1353.49 49.3332 8.06372 7.76995 12.2943 5.09552 8.26091 4.53931 2.37524 3.92138 2.14594 1.97753 1.86776 3.25694
threshold=6.8788467189344802 5.5000000000000009 14.229223217848045 1.5000000000000002 3.9551032950817571 0.90661337209302328 1.3904437625272383 1.4950980392156865 3.5000000000000004 4.9210919501868258 1.2023200062650459 1.4477586136961855 1.0000000180025095e-35 0.66599462365591411
decision_type=2 2 2 2 2 2 2 2 2 2 2 2 2 2
left_child=3 2 5 4 10 -2 -7 -8 9 11 -1 12 13 -5
right_child=1 -3 -4 8 -6 6 7 -9 -10 -11 -12 -13 -14 -15
leaf_value=-0.044756619544230367 0.10447294808978408 -0.049568818224500065 0.10997236581423492 -0.049389952597600692 0.055193383272986542 0.11182968785802261 0.020900152708796537 0.078947459883568133 -0.047364749217183713 -0.00078105701315817142 0.0062723686036963502 -0.046691721367595834 -0.047801379865697588 0.015069454169238022
leaf_weight=12.634258590638639 17.856086790561676 5.2469467073678961 181.86734195053577 3.1940153986215574 4.8328375965356818 7.1231262087821987 7.9409051388502103 5.8484338670969009 433.62148521095514 6.7030842304229727 2.461695007979869 41.589643277227879 5.3306997790932646 5.0706948488950729
leaf_count=95 74 23 675 27 29 28 32 23 2472 33 17 264 25 23
internal_value=-0.00010104 0.101956 0.105559 -0.0448258 -0.0142149 0.0848559 0.0681059 0.0455196 -0.0460569 -0.0368937 -0.0364353 -0.0412801 -0.0247256 -0.0098418
internal_weight=741.321 225.883 220.636 515.438 19.9288 38.7686 20.9125 13.7893 495.51 61.8881 15.096 55.1851 13.5954 8.26471
internal_count=3840 855 832 2985 141 157 83 55 2844 372 112 339 75 50
is_linear=0
shrinkage=0.05


Tree=23
num_leaves=15
num_cat=0
split_feature=5 0 5 0 0 16 10 6 11 17 12 7 15 7
split_gain=433.49 108.675 60.8056 56.8151 91.453 58.8839 79.2428 82.8429 55.452 53.2764 34.9939 32.4633 19.2437 17.3457
threshold=0.75526129329148006 6.5000000000000009 1.0000063762497451 12.500000000000002 7.5000000000000009 4.5000000000000009 1.5000000000000002 3.5000000000000004 0.11400737744892402 0.29520697167755999 6.3974541429475025 0.19810191518467854 0.24795081967213117 0.29217479674796759
decision_type=2 2 2 2 2 2 2 2 2 2 2 2 2 2
left_child=1 -1 3 4 -2 6 7 10 9 11 13 -3 -13 -6
right_child=2 8 -4 -5 5 -7 -8 -9 -10 -11 -12 12 -14 -15
leaf_value=-0.047696781628941767 -0.038785465245195098 0.020238128874952549 -0.03798102962584754 -0.048089015168319503 -0.023010815526837456 -0.048002136465628037 -0.028886248324972254 -0.01809122179533084 -0.047842381494103289 -0.025109503086107994 -0.047697501173665238 -0.025147715827109868 0.10714358928397821 0.10031269384308722
leaf_weight=17.966655381023884 76.420649044215679 12.644250370562075 274.51129300147295 61.266825564205647 2.9716159328818312 21.924539640545845 31.576977975666523 24.705755978822708 7.8047864139080039 9.5975402146577817 4.541928991675376 2.8108527958393088 124.80086460709572 70.413728557527065
leaf_count=112 449 79 1690 384 25 101 149 208 35 42 28 16 307 215
internal_value=0.000155706 0.0688141 -0.021061 -0.00525291 0.00603229 0.0279685 0.0403791 0.0616898 0.0820917 0.088859 0.0869833 0.0966577 0.10423 0.0953189
internal_weight=743.958 175.625 568.333 293.822 232.555 156.135 134.21 102.633 157.658 149.854 77.9273 140.256 127.612 73.3853
internal_count=3840 591 3249 1559 1175 726 625 476 479 444 268 402 323 240
is_linear=0
shrinkage=0.05


Tree=24
num_leaves=15
num_cat=0
split_feature=17 16 11 4 18 16 18 5 1 2 3 18 12 11
split_gain=1268.04 53.1875 18.4848 22.6658 9.95047 9.31423 8.30429 7.85368 3.86533 3.69718 2.53413 2.81901 2.44164 2.064
threshold=0.072751322751322761 4.5000000000000009 0.14116070146414791 0.019075851684547434 0.79559312638580948 1.0000000180025095e-35 1.2647569444444446 1.0230388273558932 22.500000000000004 1.9893784585645766 0.73744220260613724 0.55618686868686884 5.9104600014976336 0.047880829527813397
decision_type=2 2 2 2 2 2 2 2 2 2 2 2 2 2
left_child=5 2 3 4 10 -1 9 8 -6 -5 -2 -12 13 -3
right_child=1 12 -4 6 7 -7 -8 -9 -10 -11 11 -13 -14 -15
leaf_value=-0.04743856341929284 0.11084929487187078 0.11011833855237985 -0.035929638766241057 0.013867592374137898 0.0064584458221290612 0.018977633452409357 -0.037114065198564965 0.091534490715513672 0.0568799144582737 0.072829994439113019 0.10367752186768874 0.064047933177733468 0.081065086192244465 0.088072891800109965
leaf_weight=486.19225078821182 15.780862480401991 151.14755421876907 4.9440876692533484 6.5959430038929003 7.400225944817068 5.336786910891532 5.5982968136668196 8.8777864947915059 7.8149978891015053 4.4538790583610535 8.7642261981964129 9.1958373486995679 8.4901870489120466 11.419363617897032
leaf_count=3018 50 425 21 28 36 27 38 33 28 20 26 29 27 34
internal_value=-5.73852e-05 0.0915047 0.0576925 0.0639071 0.0787057 -0.0467174 0.0124981 0.0541623 0.0323564 0.0376337 0.0962311 0.0833865 0.107205 0.10857
internal_weight=742.012 250.483 79.4261 74.4821 57.8339 491.529 16.6481 24.093 15.2152 11.0498 33.7409 17.9601 171.057 162.567
internal_count=3840 795 309 288 202 3045 86 97 64 48 105 55 486 459
is_linear=0
shrinkage=0.05


Tree=25
num_leaves=15
num_cat=0
split_feature=6 19 12 11 16 6 7 4 8 12 6 4 18 5
split_gain=734.793 143.738 50.0261 51.3146 56.204 49.6306 21.1877 17.1728 9.24549 7.68329 7.26537 7.12887 5.11947 4.68858
threshold=2.5000000000000004 1.5000000000000002 6.8788467189344802 0.11886497104474349 4.5000000000000009 1.0000000180025095e-35 0.82080200501253142 0.010782097649186397 1.5000000000000002 16.536497957816312 4.5000000000000009 -0.15591577540106957 2.1014705882352946 0.6934139121153946
decision_type=2 2 2 2 2 2 2 2 2 2 2 2 2 2
left_child=5 2 3 4 6 -1 11 8 -8 12 -3 -2 -4 -13
right_child=1 10 9 -5 -6 -7 7 -9 -10 -11 -12 13 -14 -15
leaf_value=0.072390881313528929 0.048197794698650626 -0.038543415187494309 -0.014578515161127929 -0.026222916544225722 -0.027680635884630864 -0.04719720706103888 0.050931976508139368 0.089073258461380644 -0.02281746920808557 -0.04744417023519662 0.013835435954733237 0.067146106751216239 0.055041495508964124 0.095036862845939069
leaf_weight=8.8689485937356931 9.4095156937837583 34.983511589467525 5.69404084980488 11.9481029137969 11.590081326663492 398.53592298924923 8.2075070515275037 12.996400624513624 8.812581479549408 7.8861424922943106 8.165738105773924 16.423353478312492 4.9240578562021255 182.61100105941296
leaf_count=48 46 184 29 57 58 2029 41 72 38 51 42 84 31 1030
internal_value=8.50902e-05 0.0563258 0.0693946 0.0750061 0.0798431 -0.0445938 0.0850692 0.045794 0.0127463 -0.010059 -0.028631 0.0907249 0.0177072 0.0927355
internal_weight=731.057 323.652 280.503 261.999 250.05 407.405 238.46 30.0165 17.0201 18.5042 43.1492 208.444 10.6181 199.034
internal_count=3840 1763 1537 1426 1369 2077 1311 151 79 111 226 1160 60 1114
is_linear=0
shrinkage=0.05


Tree=26
num_leaves=15
num_cat=0
split_feature=10 11 1 10 3 4 11 14 11 18 2 12 11 1
split_gain=1125.69 51.6873 28.9343 33.6913 9.93527 6.23697 8.13374 6.19519 6.54529 2.69979 1.77978 1.88015 1.52705 3.92942
threshold=1.5000000000000002 0.095345011758259116 11.500000000000002 2.5000000000000004 1.0835034013605445 -0.049999999999999191 0.064267454312832442 7.5000000000000009 0.072438221252411714 1.6020833333333335 1.6532660775605388 2.3471589795220358 0.12920411876812046 30.500000000000004
decision_type=2 2 2 2 2 2 2 2 2 2 2 2 2 2
left_child=-1 2 4 7 10 6 -5 8 -4 12 -2 -12 13 -3
right_child=1 9 3 5 -6 -7 -8 -9 -10 -11 11 -13 -14 -15
leaf_value=-0.047200104759636659 0.096327307444735777 0.10000151021172553 0.0073299854245645743 -0.03540457830113046 0.018505045896166503 -0.043982994691597735 0.05720907915165007 0.10569232707521346 0.087814900347398653 0.071463418018529665 0.06267340709551146 0.090525437015905375 0.10138021949596364 0.059348883482689609
leaf_weight=462.61116926372051 19.304141893982887 21.801979959011081 5.3036478981375712 4.8975931853055972 6.4495891630649558 12.887326240539549 4.5949371606111526 7.4674412459135047 4.8232850134372711 9.3051906675100309 12.675714485347273 11.608194142580031 136.59916199743748 8.1723060458898527
leaf_count=3034 53 57 26 25 30 78 17 22 14 29 38 35 356 26
internal_value=-7.98156e-05 0.0819027 0.0510873 0.0193709 0.0764251 -0.0213294 0.00942582 0.0711411 0.0456636 0.0976735 0.0849954 0.0759872 0.0991377 0.0889178
internal_weight=728.502 265.891 90.0119 39.9742 50.0376 22.3799 9.49253 17.5944 10.1269 175.879 43.5881 24.2839 166.573 29.9743
internal_count=3840 806 338 182 156 120 42 62 40 468 126 73 439 83
is_linear=0
shrinkage=0.05


Tree=27
num_leaves=15
num_cat=0
split_feature=12 13 13 12 12 15 2 6 13 12 5 2 9 7
split_gain=1192.11 38.8439 7.6799 11.1883 7.01864 4.12002 7.26781 3.16895 2.39834 3.77973 2.0475 1.9684 1.80855 3.07993
threshold=6.8788467189344802 3.5000000000000004 1.5000000000000002 3.9551032950817571 14.229223217848045 0.90661337209302328 1.7484981003080993 1.5000000000000002 3.5000000000000004 4.9210919501868258 1.2023200062650459 1.4477586136961855 1.0000000180025095e-35 0.66599462365591411
decision_type=2 2 2 2 2 2 2 2 2 2 2 2 2 2
left_child=2 4 3 10 5 -2 7 -7 9 11 -1 12 13 -4
right_child=1 -3 8 -5 -6 6 -8 -9 -10 -11 -12 -13 -14 -15
leaf_value=-0.044104931774814345 0.094194417907473071 -0.040855992597155021 -0.048884400785721094 0.051114674229931524 0.099865317118435118 0.1125246148825899 0.025871939851570075 0.063186114352511577 -0.046860659995238141 -0.00072935141918556662 0.0058827317416479501 -0.046171452120507474 -0.047318476354407779 0.014437657025942985
leaf_weight=12.115156568586828 18.429376468062401 5.3181290701031676 3.0780379697680456 4.9857096672058097 188.9155250787735 5.8897930234670657 8.4632877260446531 7.2736918926239014 413.98939254879951 6.6899218857288352 2.4653782695531836 39.805509746074677 5.0981160253286353 5.1054705008864403
leaf_count=95 73 24 27 29 675 22 32 29 2472 33 17 264 25 23
internal_value=-0.000136716 0.0927317 -0.0442411 -0.0135433 0.0958344 0.0768234 0.0620206 0.0852618 -0.0455088 -0.0361468 -0.0356527 -0.04061 -0.0239423 -0.00937947
internal_weight=727.622 234.29 493.333 19.5662 228.972 40.0561 21.6268 13.1635 473.766 59.7771 14.5805 53.0871 13.2816 8.18351
internal_count=3840 855 2985 141 831 156 83 51 2844 372 112 339 75 50
is_linear=0
shrinkage=0.05


Tree=28
num_leaves=15
num_cat=0
split_feature=5 0 5 0 0 16 10 6 11 17 6 12 2 7
split_gain=381.628 93.2406 57.1392 53.2858 83.2667 52.6517 68.3279 69.0878 46.9004 44.1799 26.5797 17.4657 16.9554 14.2973
threshold=0.75526129329148006 6.5000000000000009 1.0000063762497451 12.500000000000002 7.5000000000000009 4.5000000000000009 1.5000000000000002 3.5000000000000004 0.11400737744892402 0.29520697167755999 2.5000000000000004 5.3269823953851425 2.2780208646550419 0.29217479674796759
decision_type=2 2 2 2 2 2 2 2 2 2 2 2 2 2
left_child=1 -1 3 4 -2 6 7 11 9 10 -3 13 -12 -6
right_child=2 8 -4 -5 5 -7 -8 -9 -10 -11 12 -13 -14 -15
leaf_value=-0.047210554355432414 -0.037995710252191749 0.098627919128266114 -0.03715930556897365 -0.04757214245213108 -0.022310962192285198 -0.047447223414457604 -0.027908229327964836 -0.017181505808890309 -0.04731131985507625 -0.02413505859409102 0.06028372681374794 0.0026099235696495572 -0.05123296195300249 0.090632246194867871
leaf_weight=17.16918071359396 73.649914786219597 116.53732538223267 264.13903234153986 58.549322322010994 2.9168273508548728 20.879795998334885 30.604701407253742 24.178652599453926 7.4387113302946082 9.3493858426809293 24.861806817352775 6.8268197923898688 3.9500988572835913 71.195514373481274
leaf_count=112 449 261 1690 384 25 101 149 208 35 42 110 34 31 209
internal_value=0.000202477 0.0635898 -0.0203527 -0.00498122 0.00584894 0.026469 0.0378404 0.056983 0.0753228 0.0812197 0.0879965 0.0791378 0.0449948 0.0861872
internal_weight=732.247 179.307 552.941 288.802 230.252 156.602 135.723 105.118 162.137 154.699 145.349 80.9392 28.8119 74.1123
internal_count=3840 591 3249 1559 1175 726 625 476 479 444 402 268 141 234
is_linear=0
shrinkage=0.05


Tree=29
num_leaves=15
num_cat=0
split_feature=16 16 11 4 6 1 7 18 5 4 15 3 3 11
split_gain=1124.49 49.2568 17.4634 21.2777 10.5616 8.88662 5.71121 5.31143 7.83397 5.21334 2.95148 2.92512 2.01644 1.84378
threshold=1.0000000180025095e-35 4.5000000000000009 0.10961072239829177 0.086113160123487395 2.5000000000000004 19.500000000000004 0.49550219023779735 0.79559312638580948 1.0202089321494197 -0.047278511718166744 1.8377192982456141 0.73744220260613724 1.342871595425027 0.015017498105134116
decision_type=2 2 2 2 2 2 2 2 2 2 2 2 2 2
left_child=-1 2 3 4 7 6 -6 11 -9 -7 -5 -2 -3 -13
right_child=1 12 -4 10 5 9 -8 8 -10 -11 -12 13 -14 -15
leaf_value=-0.046940931216384568 0.11010132229162879 0.09838448790990563 -0.023172303012479616 -0.031080122549707035 -0.037841840559973888 0.099928009508429783 0.044701374826548436 0.034072349428323052 0.10066217651676784 0.030454680169801348 0.027524970714521303 0.092229418710503608 0.071139251140059936 0.059669855417929844
leaf_weight=464.32946173101664 13.353582710027696 170.70731981098652 7.2127796709537497 6.4263080134987813 4.8099879696965235 5.5938637182116508 3.7134335786104202 11.884717784821989 7.0290180891752234 5.2204218283295614 3.2272749319672585 10.923486799001696 7.0725394636392585 7.2231236696243277
leaf_count=3018 37 464 30 37 38 22 15 38 21 31 17 30 22 20
internal_value=-7.25189e-05 0.0822367 0.0513187 0.0580851 0.067714 0.0362994 -0.0018799 0.0797639 0.0588195 0.0663909 -0.0114879 0.0923396 0.0973006 0.0792693
internal_weight=728.727 264.398 86.618 79.4052 69.7516 19.3377 8.52342 50.4139 18.9137 10.8143 9.65358 31.5002 177.78 18.1466
internal_count=3840 822 336 306 252 106 53 146 59 53 54 87 486 50
is_linear=0
shrinkage=0.05


Tree=30
num_leaves=15
num_cat=0
split_feature=6 19 6 12 11 16 4 7 7 12 6 4 5 18
split_gain=664.414 123.824 45.5753 42.0251 43.0288 46.944 18.1908 11.9842 7.37813 7.2288 6.87701 6.83435 4.54735 4.51901
threshold=2.5000000000000004 1.5000000000000002 1.0000000180025095e-35 6.8788467189344802 0.11886497104474349 4.5000000000000009 -0.15591577540106957 1.0241841491841495 0.56342821782178232 16.536497957816312 4.5000000000000009 0.035821697099892545 0.65712686705271806 2.1014705882352946
decision_type=2 2 2 2 2 2 2 2 2 2 2 2 2 2
left_child=2 3 -1 4 5 6 8 12 -2 13 -3 -9 -8 -5
right_child=1 10 -4 9 -6 -7 7 11 -10 -11 -12 -13 -14 -15
leaf_value=0.066151894092081359 0.058147910486422476 -0.037781677226813901 -0.046737631889508163 -0.013780360643160423 -0.025079993504335832 -0.026577099439157672 0.052757901465932837 -0.015377397276910402 -0.011855256470331747 -0.046919460781980914 0.013250679185038897 0.075695159983870441 0.085502417916519483 0.051368828151287051
leaf_weight=9.1559970229864103 7.9405775219202024 33.645901322364807 379.86458028107882 5.6071593984961527 11.555144950747488 11.193147599697111 11.165761061012743 4.8698807060718519 7.1562280878424644 7.4945085495710364 8.2130501344799978 3.5701696276664734 210.30513317883015 5.0671127811074257
leaf_count=48 40 184 2029 29 57 58 54 21 29 51 42 19 1148 31
internal_value=0.000106546 0.0525488 -0.0440807 0.0643072 0.0693006 0.0735573 0.0781319 0.0816231 0.0249648 -0.0092805 -0.0277687 0.0231466 0.0838516 0.0171462
internal_weight=716.804 327.784 389.021 285.925 267.756 256.201 245.008 229.911 15.0968 18.1688 41.859 8.44005 221.471 10.6743
internal_count=3840 1763 2077 1537 1426 1369 1311 1242 69 111 226 40 1202 60
is_linear=0
shrinkage=0.05


Tree=31
num_leaves=15
num_cat=0
split_feature=10 11 4 10 1 11 11 11 11 10 1 15 12 3
split_gain=1005.89 43.0716 24.6422 14.0793 26.9121 8.51084 5.82504 2.69392 2.33544 6.15612 7.86875 2.97283 2.30556 2.18719
threshold=1.5000000000000002 0.095345011758259116 -0.10914862914862974 2.5000000000000004 11.500000000000002 0.053817714911885091 0.035122842966414665 0.061666945635392163 0.15061696831342566 3.5000000000000004 13.500000000000002 0.8765243902439025 4.7167272067675521 0.81467228913797374
decision_type=2 2 2 2 2 2 2 2 2 2 2 2 2 2
left_child=-1 2 7 5 6 -4 -5 13 9 -3 -11 -12 -6 -2
right_child=1 8 3 4 12 -7 -8 -9 -10 10 11 -13 -14 -15
leaf_value=-0.046742411569991281 0.04747557408367805 0.094924540083769549 0.011765359270787862 0.028353422552333463 -0.044770388045030411 0.083529412995460572 0.086868779471260663 0.10553033050308483 0.093418886829207612 0.096544121118851522 0.013254787410189001 0.060846972832474366 -0.0077758591413347386 0.080470854541214151
leaf_weight=441.04550834000111 6.595471695065501 32.477903798222542 5.9879438579082516 9.8934118896722811 12.765712566673757 13.325192064046858 7.4599634110927573 8.0103855133056623 125.88745577633381 9.0922354161739367 6.851139307022093 6.2971844673156738 6.2850701808929434 21.059855006635189
leaf_count=3034 21 84 28 38 73 39 23 21 317 23 24 20 37 58
internal_value=-0.000106198 0.0755171 0.0475451 0.0267717 0.00846475 0.0612793 0.0535083 0.0799975 0.0896703 0.0810463 0.0607798 0.0360483 -0.0325655 0.0726019
internal_weight=713.034 271.989 91.383 55.7173 36.4042 19.3131 17.3534 35.6657 180.606 54.7185 22.2406 13.1483 19.0508 27.6553
internal_count=3840 806 338 238 171 67 61 100 468 151 67 44 110 79
is_linear=0
shrinkage=0.05


Tree=32
num_leaves=15
num_cat=0
split_feature=12 5 11 13 7 12 15 2 13 12 2 2 9 7
split_gain=1058.66 26.6655 8.24313 7.58781 10.3068 4.52809 3.28799 5.63722 2.42239 3.64064 2.03363 1.95943 1.7458 2.90423
threshold=6.8788467189344802 0.96889731182218075 0.084569459610752337 1.5000000000000002 1.0424679487179491 14.229223217848045 0.36788399570354463 1.5524822972179015 3.5000000000000004 4.9210919501868258 1.5591961431449395 1.4477586136961855 1.0000000180025095e-35 0.66599462365591411
decision_type=2 2 2 2 2 2 2 2 2 2 2 2 2 2
left_child=3 -2 5 4 10 6 -3 -8 9 11 -1 12 13 -5
right_child=1 2 -4 8 -6 -7 7 -9 -10 -11 -12 -13 -14 -15
leaf_value=-0.0018294374784645889 -0.038560769109201809 0.095150344700298387 0.03068749158366528 -0.048409732449082803 0.056751690605941943 0.092229256563475262 0.086255011823457295 0.040374290547207592 -0.046387863454062095 -0.00070865546746302715 -0.043312465044514151 -0.045682833168212797 -0.046858327706637316 0.013740624249522382
leaf_weight=4.0398565009236362 4.2693441435694686 12.091613948345183 6.2115948498249045 2.9620585963129979 4.1608223989605895 190.79928395152092 13.642353132367136 13.146444946527479 394.73820508271456 6.6793048679828635 10.995887942612169 38.066986285150051 4.8651419579982749 5.1439578235149384
leaf_count=31 20 46 22 27 16 665 51 51 2472 33 94 264 25 23
internal_value=-0.000170995 0.0852816 0.087523 -0.0436826 -0.0128938 0.0890601 0.073508 0.0637393 -0.0449889 -0.0354213 -0.0321667 -0.0399641 -0.0231809 -0.00897004
internal_weight=711.813 240.161 235.891 471.652 19.1966 229.68 38.8804 26.7888 452.456 57.7174 15.0357 51.0381 12.9712 8.10602
internal_count=3840 855 835 2985 141 813 148 102 2844 372 125 339 75 50
is_linear=0
shrinkage=0.05


Tree=33
num_leaves=15
num_cat=0
split_feature=5 0 5 7 17 10 0 11 17 7 15 6 2 13
split_gain=337.592 80.8531 53.6409 50.9847 65.497 101.739 49.2959 40.2781 37.5291 22.746 15.1216 14.6278 11.9125 9.15766
threshold=0.75526129329148006 6.5000000000000009 1.0081827804407786 0.55640906269397905 0.11437908496732027 1.5000000000000002 12.500000000000002 0.08077455543044694 0.29520697167755999 0.19810191518467854 0.24795081967213117 2.5000000000000004 1.7187187333386496 2.5000000000000004
decision_type=2 2 2 2 2 2 2 2 2 2 2 2 2 2
left_child=1 -1 3 -2 5 6 11 8 9 -3 -11 13 -13 -5
right_child=2 7 -4 4 -6 -7 -8 -9 -10 10 -12 12 -14 -15
leaf_value=-0.046751629378187186 -0.033467405202625193 0.017889572593667191 -0.036708749433754399 0.034647743586349387 -0.034080041710670361 -0.031755320286193676 -0.047149006147675449 -0.037948514584125001 -0.0231544763953897 -0.026368058641694281 0.089957139974823908 0.085164822625635572 0.0031711680901577188 0.094734046296993418
leaf_weight=16.380476653575897 101.93885397166014 12.854303039610384 248.2581175789237 7.2426806390285483 57.222454518079758 43.936609879136086 9.2644122764468175 8.2534389123320562 9.1037672683596593 2.8541302680969229 132.09690850228071 7.4083533734083202 11.017864145338534 50.948318138718605
leaf_count=112 787 78 1648 28 284 209 80 40 42 16 303 25 73 115
internal_value=0.000256343 0.0592033 -0.019663 -0.00501921 0.0104853 0.0301292 0.0617891 0.0697117 0.0753746 0.0814433 0.0874969 0.0749617 0.0361371 0.0872555
internal_weight=718.781 181.543 537.238 288.98 187.041 129.818 85.8816 165.163 156.909 147.805 134.951 76.6172 18.4262 58.191
internal_count=3840 591 3249 1601 814 530 321 479 439 397 319 241 98 143
is_linear=0
shrinkage=0.05


Tree=34
num_leaves=15
num_cat=0
split_feature=16 16 11 4 1 7 4 3 9 7 17 18 15 16
split_gain=1005.33 40.5887 15.2942 17.5384 7.74273 9.06774 10.6173 6.39948 4.7501 3.30233 3.24035 2.84769 2.7935 1.82951
threshold=1.0000000180025095e-35 4.5000000000000009 0.14116070146414791 0.086113160123487395 6.5000000000000009 0.35429852320675109 -0.040036396724294911 0.96724789368539932 1.0000000180025095e-35 0.930500894454383 0.18898809523809526 0.8097619047619049 1.8377192982456141 3.5000000000000004
decision_type=2 2 2 2 2 2 2 2 2 2 2 2 2 2
left_child=-1 2 3 4 -2 6 -6 -8 9 10 -7 -11 -5 -12
right_child=1 -3 -4 12 5 8 7 -9 -10 11 13 -13 -14 -15
leaf_value=-0.046475329355619738 0.010216600195479514 0.089307733117435409 -0.03577422810520707 -0.030240008793505226 0.077537262206557669 0.043810227867515227 -0.052444463147374568 0.040616939881921575 0.037926843695994902 0.080878149514529152 0.10188411377452114 0.11984213002279376 0.026914615631731593 0.06964748854528123
leaf_weight=442.89158154278994 6.7033590525388709 182.52297352254391 5.1346246004104605 6.2638557553291303 6.4728339686989784 7.9294123947620418 4.0515424907207471 3.3955743163824081 7.0674840807914725 10.765366867184641 7.1251495778560647 8.3082702457904798 3.2456591352820396 11.512740284204483
leaf_count=3018 24 486 23 37 28 28 28 22 22 30 20 24 17 33
internal_value=-8.85742e-05 0.0758611 0.0479635 0.0531537 0.0614384 0.0665917 0.0306986 -0.0100123 0.0760708 0.0819774 0.0705816 0.0978504 -0.0107328 0.0819714
internal_weight=713.39 270.499 87.9759 82.8412 73.3317 66.6284 13.92 7.44712 52.7084 45.6409 26.5673 19.0736 9.50951 18.6379
internal_count=3840 822 336 313 259 235 78 50 157 135 81 54 54 53
is_linear=0
shrinkage=0.05


Tree=35
num_leaves=15
num_cat=0
split_feature=6 19 6 7 11 16 12 4 8 6 2 12 11 5
split_gain=602.253 107.479 41.9684 35.5356 34.1061 32.4119 18.7649 17.1321 9.07739 6.49941 5.11414 5.00349 4.13039 4.5211
threshold=2.5000000000000004 1.5000000000000002 1.0000000180025095e-35 1.1122565864833909 0.14116070146414791 4.5000000000000009 6.8788467189344802 -0.17570970695970695 1.5000000000000002 4.5000000000000009 1.6942955106182855 16.536497957816312 0.072438221252411714 0.74027719285293514
decision_type=2 2 2 2 2 2 2 2 2 2 2 2 2 2
left_child=2 3 -1 4 5 6 7 10 -5 -3 -2 -8 13 -9
right_child=1 9 -4 8 -6 -7 11 12 -10 -11 -12 -13 -14 -15
leaf_value=0.06074161418911244 -0.017348693154211402 -0.037036680380874897 -0.046307647657455007 0.048362017418390767 -0.036574563126789167 -0.022834976987159861 0.027983513718968539 0.059480135067250174 -0.036283701499697028 0.01266074280575305 0.052549779532739371 -0.046791947220113178 0.040591375282942654 0.080392197978353563
leaf_weight=9.3936730325221998 6.26103777438402 32.347574859857559 361.53182534128428 4.3771953284740421 8.1540587991476041 9.6244748607277852 8.406096510589121 29.769220732152462 11.458917729556561 8.2583718150854093 4.4959508553147316 3.0484441965818396 7.7838075309991828 196.1081515699625
leaf_count=48 24 184 2029 27 40 52 48 147 60 42 23 21 40 1055
internal_value=0.000122321 0.0492493 -0.0435966 0.0599347 0.0641489 0.0672423 0.0706305 0.0735618 -0.0128871 -0.0269293 0.0118658 0.00808321 0.0764021 0.0776361
internal_weight=701.019 330.093 370.925 289.487 273.651 265.497 255.873 244.418 15.8361 40.6059 10.757 11.4545 233.661 225.877
internal_count=3840 1763 2077 1537 1450 1410 1358 1289 87 226 47 69 1242 1202
is_linear=0
shrinkage=0.05


Tree=36
num_leaves=15
num_cat=0
split_feature=10 11 18 17 11 5 5 8 1 11 18 12 11 1
split_gain=903.456 36.8516 21.4948 25.0439 16.067 7.48746 6.05065 5.37877 3.37927 4.6921 2.2752 1.68601 1.20603 3.17691
threshold=1.5000000000000002 0.095345011758259116 1.1645833333333335 0.18898809523809526 0.044538304309147937 0.75526129329148006 1.1798472407031921 1.0000000180025095e-35 17.500000000000004 0.066732811526830318 1.6020833333333335 3.4897484138723192 0.12920411876812046 30.500000000000004
decision_type=2 2 2 2 2 2 2 2 2 2 2 2 2 2
left_child=-1 2 3 5 -4 -2 7 -6 11 -10 12 -7 13 -3
right_child=1 10 4 -5 6 8 -8 -9 9 -11 -12 -13 -14 -15
leaf_value=-0.046315340275169072 -0.0071246036003765516 0.085309581765922488 -0.038027337524933959 -0.020599313483042874 0.024172400912419713 0.088262809069491036 -0.0062626946957371676 0.093262435945876396 0.02127317334198639 0.081592464575000509 0.059638229954310874 0.061767684180122344 0.086388629365176869 0.049604475705875679
leaf_weight=419.91870059818029 2.8285778313875189 22.818279147148136 11.39125866442919 8.3567099049687368 5.4779364913702029 33.171267606317997 5.0254438892006865 5.7993641719222069 5.9114290475845319 7.0916956439614296 9.7723670303821546 7.3314647376537314 142.39194077253342 8.5696682929992658
leaf_count=3034 11 57 73 34 24 88 21 17 28 20 29 22 356 26
internal_value=-0.000131871 0.0701497 0.0443941 0.060174 0.00753324 0.072156 0.0393679 0.059702 0.0763472 0.0541703 0.0831129 0.0834669 0.084433 0.0755612
internal_weight=695.856 275.937 92.3851 64.6911 27.694 56.3344 16.3027 11.2773 53.5059 13.0031 183.552 40.5027 173.78 31.3879
internal_count=3840 806 338 203 135 169 62 41 158 48 468 110 439 83
is_linear=0
shrinkage=0.05


Tree=37
num_leaves=15
num_cat=0
split_feature=12 5 13 12 12 1 13 12 12 6 4 2 5 9
split_gain=946.15 22.9502 7.4764 9.92775 7.11671 3.41491 2.45415 3.52208 2.34198 2.64035 2.97212 1.95652 1.89629 1.69492
threshold=6.8788467189344802 0.96889731182218075 1.5000000000000002 3.9551032950817571 9.1781814677969695 20.500000000000004 3.5000000000000004 4.9210919501868258 16.536497957816312 3.5000000000000004 0.079924506387920827 1.4477586136961855 1.2023200062650459 1.0000000180025095e-35
decision_type=2 2 2 2 2 2 2 2 2 2 2 2 2 2
left_child=2 -2 3 12 5 -3 7 11 9 10 -6 13 -1 -4
right_child=1 4 6 -5 8 -7 -8 -9 -10 -11 -12 -13 -14 -15
leaf_value=-0.043135334779968039 -0.03772367052263461 0.072790532937508035 -0.0084651680393939381 0.047141296285646783 0.048436024558797183 0.02615468895017193 -0.045944785247597313 -0.00056085246564716495 0.085837467702269368 0.03984256685777799 0.08477375856098264 -0.045221635014278706 0.0054762176900309753 -0.046433101565461377
leaf_weight=11.270155042409899 4.1303791105747214 7.5769356191158286 8.0113525837659818 5.1151036247611037 7.0272997915744773 8.1450398117303831 375.91121942549944 6.6534049808979026 183.3415792286396 5.3514403551816931 28.242999091744423 36.369361825287342 2.4406102523207656 4.6428566426038733
leaf_count=95 20 28 50 29 24 31 2472 33 629 24 99 264 17 25
internal_value=-0.000202294 0.0791343 -0.0431483 -0.0123046 0.081148 0.04863 -0.0444937 -0.0346968 0.0834308 0.0725684 0.0775338 -0.0393297 -0.0344821 -0.0223957
internal_weight=694.23 243.816 450.414 18.8259 239.685 15.722 431.588 55.677 223.963 40.6217 35.2703 49.0236 13.7108 12.6542
internal_count=3840 855 2985 141 835 59 2844 372 776 147 123 339 112 75
is_linear=0
shrinkage=0.05


Tree=38
num_leaves=15
num_cat=0
split_feature=5 0 11 5 7 0 16 10 17 6 12 19 6 3
split_gain=300.784 82.6794 46.058 44.4415 46.8464 55.0643 60.5518 72.7978 39.1413 22.213 15.8919 15.3258 14.5512 10.0382
threshold=0.77302163456585893 6.5000000000000009 0.08077455543044694 1.0081827804407786 0.55640906269397905 12.500000000000002 4.5000000000000009 1.5000000000000002 0.18898809523809526 2.5000000000000004 5.1788091782760448 1.0000000180025095e-35 2.5000000000000004 1.1252256317689533
decision_type=2 2 2 2 2 2 2 2 2 2 2 2 2 2
left_child=1 -1 8 4 -2 6 7 10 9 -3 12 -11 -6 -14
right_child=3 2 -4 -5 5 -7 -8 -9 -10 11 -12 -13 13 -15
leaf_value=-0.046447580472739072 -0.034925285451970621 0.085377947946925131 -0.039469576815334632 -0.035896689303704703 0.084064788729545897 -0.046651220836624874 -0.043776098954638416 -0.026804323722280855 -0.017181370293699209 0.011414057613731234 -0.004614466726421196 0.081889718556056201 0.053504373167128208 -0.033296718467886177
leaf_weight=19.13544250279665 92.428680129349232 124.96221360564232 10.3607075586915 238.40053257346153 55.495687752962112 35.247165158390999 27.029997736215591 30.075695745646954 12.192394286394117 19.759532384574413 7.5943363010883322 12.654315084218977 13.765763267874719 4.3939493373036376
leaf_count=135 742 266 53 1648 132 220 143 147 59 123 38 39 60 35
internal_value=0.000318948 0.0523629 0.0628714 -0.0202192 -0.00617008 0.00913963 0.0233528 0.0396518 0.0691245 0.0758108 0.0642515 0.0389276 0.071352 0.0325019
internal_weight=703.496 199.065 179.929 504.432 266.031 173.603 138.355 111.325 169.568 157.376 81.2497 32.4138 73.6554 18.1597
internal_count=3840 675 540 3165 1517 775 555 412 487 428 265 162 227 95
is_linear=0
shrinkage=0.05


Tree=39
num_leaves=15
num_cat=0
split_feature=16 16 11 4 18 18 5 1 2 0 16 12 6 17
split_gain=902.328 34.858 13.2293 15.0144 8.17116 7.67805 6.90851 5.06073 3.57985 2.1432 3.61939 1.71591 1.64279 2.13743
threshold=1.0000000180025095e-35 4.5000000000000009 0.14116070146414791 0.019075851684547434 1.3217647058823532 0.79559312638580948 1.0230388273558932 22.500000000000004 1.9893784585645766 11.500000000000002 2.5000000000000004 5.9104600014976336 2.5000000000000004 0.53137254901960795
decision_type=2 2 2 2 2 2 2 2 2 2 2 2 2 2
left_child=-1 2 3 5 8 9 7 -7 -5 10 -2 12 -3 -14
right_child=1 11 -4 4 -6 6 -8 -9 -10 -11 -12 -13 13 -15
leaf_value=-0.046036342359331205 0.039305290917648922 0.086166877661935815 -0.034835264220412797 0.0095984851870465071 -0.037608604886719063 -0.0043928799541387582 0.073321260047274753 0.0482513185844759 0.0646324830954004 0.092929537341024285 0.080110962921436837 0.061782493207852007 0.05368097164174386 0.081921139374254881
leaf_weight=421.78871089965105 7.9404308050870922 143.72270932793617 4.935904085636138 6.9057280868291873 6.1641115918755522 8.9299409165978485 10.560533784329889 9.3397243544459325 5.1649337783455849 11.975486129522322 17.216844692826271 9.254281669855116 9.4413762092590314 23.079017251729965
leaf_count=3018 26 371 23 29 45 42 36 32 22 33 48 27 28 60
internal_value=-0.000111894 0.0704206 0.0447229 0.0493868 0.00922871 0.0604881 0.0411283 0.0225196 0.0331471 0.0755192 0.0672314 0.0827687 0.0838706 0.0737224
internal_weight=696.42 274.631 89.1336 84.1977 18.2348 65.963 28.8302 18.2697 12.0707 37.1328 25.1573 185.497 176.243 32.5204
internal_count=3840 822 336 313 96 217 110 74 51 107 74 486 459 88
is_linear=0
shrinkage=0.05


Tree=40
num_leaves=15
num_cat=0
split_feature=6 19 6 7 11 16 12 4 8 7 18 2 5 11
split_gain=546.654 93.7713 38.8369 30.8692 29.4101 27.8449 16.0869 15.1931 10.6718 6.1996 7.56618 4.55453 3.81707 3.86964
threshold=2.5000000000000004 1.5000000000000002 1.0000000180025095e-35 1.0241841491841495 0.14116070146414791 4.5000000000000009 6.8788467189344802 -0.17570970695970695 1.5000000000000002 0.30025252525252527 0.55618686868686884 1.6942955106182855 0.65712686705271806 0.072438221252411714
decision_type=2 2 2 2 2 2 2 2 2 2 2 2 2 2
left_child=2 3 -1 4 5 6 7 11 -5 10 -3 -2 -9 -14
right_child=1 9 -4 8 -6 -7 -8 12 -10 -11 -12 -13 13 -15
leaf_value=0.056205469955803569 -0.017099028352783121 -0.042013002868793281 -0.04590153004013442 0.047805264965013722 -0.03560380432550795 -0.021816151900954144 0.0080416671463039192 0.044021759809465093 -0.036190230492026541 -0.039179578138033966 0.038443052192067083 0.048519841125780033 0.074159003674027973 0.038499102078079023
leaf_weight=9.5721921026706678 6.216737322509287 5.1110043227672559 343.48083017021418 5.6073682755231866 7.7877945005893698 9.3439162224531156 11.420566104352472 12.064447313547133 11.613474637269974 27.451840929687023 6.8231414929032326 4.601889468729496 214.99794273078442 7.8867104500532141
leaf_count=48 24 25 2029 33 40 52 69 56 62 163 38 23 1138 40
internal_value=0.000143229 0.0463131 -0.0431331 0.0560958 0.0601723 0.0629708 0.0660512 0.0687468 -0.00884002 -0.0261001 0.00398636 0.0108131 0.0714145 0.0728972
internal_weight=683.98 330.927 353.053 291.541 274.32 266.532 257.188 245.768 17.2208 39.386 11.9341 10.8186 234.949 222.885
internal_count=3840 1763 2077 1537 1442 1402 1350 1281 95 226 63 47 1234 1178
is_linear=0
shrinkage=0.05


Tree=41
num_leaves=15
num_cat=0
split_feature=10 11 10 18 17 11 15 10 15 14 18 12 7 11
split_gain=815.154 31.9141 18.6331 15.8327 18.0782 11.4053 5.67901 4.6188 2.22033 4.82031 2.11432 1.79938 1.12625 1.11723
threshold=1.5000000000000002 0.095345011758259116 6.5000000000000009 1.1645833333333335 0.11882352941176472 0.044538304309147937 0.50257731958762897 2.5000000000000004 0.49489795918367352 6.5000000000000009 1.6020833333333335 3.1938659323320868 1.247916666666667 0.12920411876812046
decision_type=2 2 2 2 2 2 2 2 2 2 2 2 2 2
left_child=-1 2 3 4 8 12 -7 -8 11 -10 13 -2 -5 -3
right_child=1 10 -4 5 -6 6 7 -9 9 -11 -12 -13 -14 -15
leaf_value=-0.045916170374465867 0.084136537356294783 0.070406281191153844 -0.047247558877973918 -0.049835543360118459 -0.010739165879941105 0.091020146950543571 0.049644392121241027 -0.011445756172326816 0.036145460239188784 0.087830867692937464 0.055157721426364992 0.057611131321644637 -0.012705824201623361 0.080773555165918512
leaf_weight=399.31583995372057 27.808987677097321 31.743055686354637 5.5374030768871298 4.8148242905735987 7.7615979313850394 3.8280013650655773 6.6876195222139341 5.7580013200640678 11.26387555897236 7.5245702862739554 9.9134359657764417 8.3022279366850835 3.546864777803421 143.30854964256287
leaf_count=3034 73 83 40 33 31 12 20 28 35 22 29 25 19 356
internal_value=-0.000158309 0.0656153 0.0416939 0.0473356 0.0606871 0.0133754 0.0377619 0.0213809 0.0707851 0.0568449 0.0776214 0.0780382 -0.0340858 0.0788936
internal_weight=677.115 277.799 92.834 87.2966 62.6613 24.6353 16.2736 12.4456 54.8997 18.7884 184.965 36.1112 8.36169 175.052
internal_count=3840 806 338 298 186 112 60 48 155 57 468 98 52 439
is_linear=0
shrinkage=0.05


Tree=42
num_leaves=15
num_cat=0
split_feature=12 5 13 12 12 15 13 12 12 6 4 2 5 9
split_gain=848.932 18.1555 7.40005 9.11759 6.6927 3.07792 2.49296 3.38102 2.22204 2.30156 2.59708 1.95804 1.81193 1.64033
threshold=6.8788467189344802 0.99083184486233111 1.5000000000000002 3.9551032950817571 9.1781814677969695 0.90661337209302328 3.5000000000000004 4.9210919501868258 16.536497957816312 3.5000000000000004 0.079924506387920827 1.4477586136961855 1.2023200062650459 1.0000000180025095e-35
decision_type=2 2 2 2 2 2 2 2 2 2 2 2 2 2
left_child=2 -2 3 12 5 -3 7 11 9 10 -6 13 -1 -4
right_child=1 4 6 -5 8 -7 -8 -9 -10 -11 -12 -13 -14 -15
leaf_value=-0.042539332477585234 -0.028249097325305783 0.064933629183282979 -0.0079795562728226816 0.044309443438060842 0.04499868977113905 0.02057131987701567 -0.045526638970850464 -0.00058158222478985034 0.080268573088862483 0.037055994201074631 0.078739567787531425 -0.044772234931858619 0.0052199601612893743 -0.046009625780369795
leaf_weight=10.777976348996164 4.2728011906146994 8.3514143377542478 7.9269768819212896 5.2202953100204459 7.1203736066818228 7.3519046306610099 357.50256405770779 6.6436100825667372 184.3944953083992 5.4185317754745475 28.652662456035614 34.688056446611881 2.4345223382115355 4.4144249856472015
leaf_count=95 21 32 50 29 24 26 2472 33 629 24 99 264 17 25
internal_value=-0.0002406 0.0739169 -0.0426287 -0.0116353 0.0757261 0.0441643 -0.0440181 -0.0339702 0.0779232 0.0674239 0.0720237 -0.0386869 -0.0337393 -0.0215826
internal_weight=675.171 245.562 429.608 18.4328 241.289 15.7033 411.176 53.6731 225.586 41.1916 35.773 47.0295 13.2125 12.3414
internal_count=3840 855 2985 141 834 58 2844 372 776 147 123 339 112 75
is_linear=0
shrinkage=0.05


Tree=43
num_leaves=15
num_cat=0
split_feature=5 0 0 0 12 7 16 10 11 17 6 11 19 1
split_gain=268.293 73.0985 43.3186 68.4365 54.4269 69.6252 63.0989 80.3042 40.0451 33.9278 19.9184 13.7083 13.1846 12.6231
threshold=0.77302163456585893 6.5000000000000009 6.5000000000000009 12.500000000000002 9.1781814677969695 0.60078125000000016 1.5000000000000002 1.5000000000000002 0.08077455543044694 0.29520697167755999 2.5000000000000004 0.095345011758259116 1.0000000180025095e-35 9.5000000000000018
decision_type=2 2 2 2 2 2 2 2 2 2 2 2 2 2
left_child=1 -1 -2 4 5 -4 7 -7 9 10 -3 13 -12 -9
right_child=2 8 3 -5 -6 6 -8 11 -10 -11 12 -13 -14 -15
leaf_value=-0.046043093890560507 -0.046431435539803861 0.079255682543043771 -0.024549831625330063 -0.046326077660159941 -0.044684824470718414 0.080293111507333426 -0.024930217160860291 -0.024940725139073666 -0.03872511179384977 -0.024636904719959621 0.010301459622916414 -0.046445776110179887 0.074833196150438139 0.07269567205903657
leaf_weight=18.22859625518322 114.6673421934247 127.32745645940304 80.432802602648735 101.54029909521341 51.173390232026577 75.909729428589344 34.504759483039379 6.9434609115123767 9.9030861258506757 10.004194512963293 20.07792241871357 16.725791171193123 13.066120669245718 6.3268655985593796
leaf_count=135 828 271 643 762 377 226 179 34 53 50 126 86 40 30
internal_value=0.00038158 0.0493776 -0.0195498 -0.0112982 0.00177728 0.0125434 0.0337919 0.0529239 0.0590206 0.0646987 0.0702682 -0.0163382 0.0357413 0.0216092
internal_weight=686.832 198.607 488.224 373.557 272.017 220.843 140.411 105.906 180.379 170.476 160.471 29.9961 33.144 13.2703
internal_count=3840 675 3165 2337 1575 1198 555 376 540 487 437 150 166 64
is_linear=0
shrinkage=0.05


Tree=44
num_leaves=15
num_cat=0
split_feature=16 16 11 4 1 7 4 13 9 5 15 7 1 3
split_gain=813.721 29.8328 11.5637 12.9403 6.24082 6.52692 8.26686 4.56122 3.97886 3.45399 2.71782 2.47725 2.92265 1.6571
threshold=1.0000000180025095e-35 4.5000000000000009 0.14116070146414791 0.086113160123487395 6.5000000000000009 0.39685742235265348 -0.040036396724294911 13.500000000000002 1.0000000180025095e-35 0.6934139121153946 1.8377192982456141 0.82080200501253142 25.500000000000004 1.342871595425027
decision_type=2 2 2 2 2 2 2 2 2 2 2 2 2 2
left_child=-1 2 3 4 -2 6 -6 -8 9 -7 -5 12 -11 -3
right_child=1 13 -4 10 5 8 7 -9 -10 11 -12 -13 -14 -15
leaf_value=-0.045623920311004026 0.0076535595715379948 0.078179486089166028 -0.03387997672645978 -0.029289944157775756 0.069264389503357171 0.035145234042161681 -0.037899168799427639 0.034818699147842497 0.031791313506699004 0.085324021897433627 0.027691417970867972 0.087822910668857751 0.044554269303905984 0.054268480995326107
leaf_weight=401.20603253692389 6.8447140753269187 179.3759178519249 4.7383734732866278 6.0275824889540655 7.1539458110928527 5.7002611681818953 4.5440971925854665 4.1040783748030663 7.2882775515317908 7.9605752229690578 3.2055321410298347 22.340316370129585 9.8164559900760633 7.5509325265884391
leaf_count=3018 24 464 23 37 29 16 35 21 22 22 17 61 29 22
internal_value=-0.000133373 0.0658381 0.042139 0.0463774 0.0531889 0.057712 0.029502 -0.00339018 0.0661062 0.0715647 -0.00950728 0.0767395 0.062811 0.0772136
internal_weight=677.857 276.651 89.7242 84.9858 75.7527 68.908 15.8021 8.64818 53.1059 45.8176 9.23311 40.1173 17.777 186.927
internal_count=3840 822 336 313 259 235 85 56 150 128 54 112 51 486
is_linear=0
shrinkage=0.05


Tree=45
num_leaves=15
num_cat=0
split_feature=6 19 6 2 11 17 7 4 12 1 7 18 7 8
split_gain=497.765 82.2449 35.9879 27.5916 23.2327 23.55 12.2192 11.6989 10.3278 6.62613 5.92871 6.83179 4.49726 11.6039
threshold=2.5000000000000004 1.5000000000000002 1.0000000180025095e-35 1.2357535450708086 0.14116070146414791 0.25543478260869573 0.34668803418803423 -0.18841455853174668 13.38548501164019 22.500000000000004 0.30025252525252527 0.55618686868686884 0.62387724550898216 1.5000000000000002
decision_type=2 2 2 2 2 2 2 2 2 2 2 2 2 2
left_child=2 3 -1 6 5 7 -2 -5 12 -7 11 -3 -9 -14
right_child=1 10 -4 4 -6 9 -8 8 -10 -11 -12 -13 13 -15
leaf_value=0.052168652687817535 0.036504273488084681 -0.041291124299739738 -0.045519856057878623 0.00012134263985823773 -0.033529085970711768 0.038370793216226357 -0.032496687119618971 0.069735984525743935 -0.021407231326001957 -0.032520637512279599 -0.038508401321073776 0.035830597464633171 0.068310691498124479 0.0079789275545651458
leaf_weight=9.7085746079683286 13.342743009328844 4.880925849080084 325.96205377578735 7.0668637901544562 6.8190359994769087 5.5324774757027617 12.35928515344858 196.09663333743811 3.3779751583933821 8.1546344012022001 26.289148017764091 6.9753939285874367 28.078728541731834 11.128584414720534
leaf_count=48 70 25 2029 29 37 32 68 1041 24 41 163 38 146 49
internal_value=0.000178849 0.0437753 -0.0426944 0.0527965 0.0575721 0.0599666 0.00332391 0.0635218 0.065399 -0.00386556 -0.0252706 0.00408167 0.0666451 0.0511862
internal_weight=665.773 330.102 335.671 291.957 266.255 259.436 25.702 245.749 238.682 13.6871 38.1455 11.8563 235.304 39.2073
internal_count=3840 1763 2077 1537 1399 1362 138 1289 1260 73 226 63 1236 195
is_linear=0
shrinkage=0.05


Tree=46
num_leaves=15
num_cat=0
split_feature=10 11 1 10 15 12 3 4 12 18 15 11 1 11
split_gain=737.598 27.7645 16.6386 20.4474 6.92965 5.9846 3.95764 2.9711 2.03895 1.99839 1.50563 1.09076 2.9125 0.937304
threshold=1.5000000000000002 0.095345011758259116 9.5000000000000018 2.5000000000000004 0.42956349206349215 4.2574572361331731 1.2702152267927187 -0.045830699536452225 1.6443589731579307 1.6020833333333335 0.89417693169092949 0.12920411876812046 30.500000000000004 0.023158599498246644
decision_type=2 2 2 2 2 2 2 2 2 2 2 2 2 2
left_child=-1 2 5 6 -5 8 10 -6 -2 11 -4 12 -3 -10
right_child=1 9 3 4 7 -7 -8 -9 13 -11 -12 -13 -14 -15
leaf_value=-0.045539515708704577 0.049966135237885366 0.075112071639220263 0.052064519491737953 0.032538983477909261 -0.0039462413977973529 0.016628700480723058 0.025220482657225231 -0.042957211355353631 0.067233234263345237 0.051155870063823189 0.086364042050112874 0.075992946247845874 0.041363347529547491 0.08558788888082805
leaf_weight=379.18810722976923 11.232579931616781 23.104592591524128 5.3891767337918299 6.9760315790772465 8.8585377037525213 6.6176580786705008 6.6736129075288764 10.869257695972916 16.156308084726337 10.008303314447401 7.8744845613837242 143.09738476574421 8.838265731930731 12.213610008358954
leaf_count=3034 32 57 19 34 38 24 24 68 45 29 22 356 26 32
internal_value=-0.000188241 0.0616903 0.0393809 0.018312 -0.0102936 0.0606417 0.056626 -0.0254398 0.0679964 0.0728857 0.0724278 0.0741281 0.0657741 0.0751351
internal_weight=657.098 277.91 92.8613 46.6411 26.7038 46.2202 19.9373 19.7278 39.6025 185.049 13.2637 175.04 31.9429 28.3699
internal_count=3840 806 338 205 140 133 65 106 109 468 41 439 83 77
is_linear=0
shrinkage=0.05


Tree=47
num_leaves=15
num_cat=0
split_feature=12 3 13 12 12 15 13 12 1 2 5 9 15 6
split_gain=763.633 15.5048 7.3618 8.42843 6.69433 4.4459 2.55011 3.29601 2.09255 1.96511 1.74613 1.59767 2.64357 1.16401
threshold=6.8788467189344802 0.99863013698630143 1.5000000000000002 3.9551032950817571 9.1781814677969695 0.90661337209302328 3.5000000000000004 4.9210919501868258 35.500000000000007 1.4477586136961855 1.2023200062650459 1.0000000180025095e-35 0.89417693169092949 3.5000000000000004
decision_type=2 2 2 2 2 2 2 2 2 2 2 2 2 2
left_child=2 -2 3 10 5 -3 7 9 13 11 -1 12 -4 -6
right_child=1 4 6 -5 8 -7 -8 -9 -10 -11 -12 -13 -14 -15
leaf_value=-0.041941867800084777 -0.020874196370307692 0.066872368999979059 0.02145858948356278 0.042076453044466618 0.075155545505307689 0.013647629474761738 -0.045129133530579575 -0.00019331768326035883 0.048530462088127412 -0.044336726161709562 0.0052145394576819555 -0.045623074198149483 -0.03664800625098568 0.058575964125274105
leaf_weight=10.295336097478868 4.6641579046845427 7.6578821092844001 3.9426014274358732 5.304102011024951 205.85770198702812 8.0456404313445073 339.53282835334539 6.5958643034100524 8.1725852787494642 33.036141499876976 2.4255694895982733 4.1970022618770599 3.8873835951089859 11.160374224185942
leaf_count=95 22 29 27 29 704 29 2472 33 28 264 17 25 23 43
internal_value=-0.000286958 0.0694183 -0.0421149 -0.0108726 0.0711665 0.0396029 -0.0435545 -0.0332049 0.0733676 -0.0380368 -0.0329503 -0.0207319 -0.00738982 0.0743029
internal_weight=654.775 245.558 409.217 18.025 240.894 15.7035 391.192 51.659 225.191 45.0631 12.7209 12.027 7.82999 217.018
internal_count=3840 855 2985 141 833 58 2844 372 775 339 112 75 50 747
is_linear=0
shrinkage=0.05


Tree=48
num_leaves=15
num_cat=0
split_feature=5 0 0 0 12 7 16 10 11 15 17 11 7 13
split_gain=240.211 64.9642 41.5172 64.8162 50.3882 62.271 55.2142 68.6563 35.1054 30.5624 19.2821 12.9223 11.845 11.8283
threshold=0.77302163456585893 6.5000000000000009 6.5000000000000009 12.500000000000002 9.1781814677969695 0.60078125000000016 1.5000000000000002 1.5000000000000002 0.08077455543044694 0.24795081967213117 0.29520697167755999 0.095345011758259116 0.19810191518467854 3.5000000000000004
decision_type=2 2 2 2 2 2 2 2 2 2 2 2 2 2
left_child=1 -1 -2 4 5 -4 7 -7 9 -3 12 13 -11 -9
right_child=2 8 3 -5 -6 6 -8 11 -10 10 -12 -13 -14 -15
leaf_value=-0.045656052379229956 -0.046003752371894004 -0.040116748272407028 -0.023614765704880546 -0.045915047871512259 -0.044172730736837973 0.074475354401667068 -0.023936819380844909 -0.046956934178762233 -0.03800211267248757 0.024334273435253143 -0.015181829351811248 -0.045998881241120615 0.073286713103232023 0.053308289022876112
leaf_weight=17.326652444899082 108.8807737454772 7.1680636480450621 77.994155578315258 96.466280229389668 48.496735952794552 77.173013597726822 33.403641782701015 4.3599521592259434 9.4652982503175718 13.53117301315069 7.1053733602166167 15.865045502781866 142.458745919168 9.0408777147531492
leaf_count=135 828 45 643 762 377 226 179 23 53 82 36 86 324 41
internal_value=0.000443433 0.0468062 -0.0189257 -0.0107992 0.00191982 0.0121814 0.0321459 0.0497463 0.0557199 0.0609302 0.0653712 -0.0154634 0.0690404 0.0206871
internal_weight=668.736 197.055 471.68 362.8 266.333 217.837 139.843 106.439 179.729 170.263 163.095 29.2659 155.99 13.4008
internal_count=3840 675 3165 2337 1575 1198 555 376 540 487 442 150 406 64
is_linear=0
shrinkage=0.05


Tree=49
num_leaves=15
num_cat=0
split_feature=16 16 11 4 1 7 13 4 7 18 18 15 3 16
split_gain=735.317 26.361 9.83524 11.5533 8.50246 7.05496 7.95564 6.38334 3.24092 4.71823 2.84828 2.58519 1.89953 1.56486
threshold=1.0000000180025095e-35 4.5000000000000009 0.10961072239829177 0.086113160123487395 5.5000000000000009 0.35429852320675109 19.500000000000004 -0.043670057019571586 0.930500894454383 0.84660633484162906 0.8097619047619049 1.8377192982456141 0.720871040723982 5.5000000000000009
decision_type=2 2 2 2 2 2 2 2 2 2 2 2 2 2
left_child=-1 2 3 4 -2 6 7 -6 9 12 -10 -5 -7 -3
right_child=1 13 -4 11 5 8 -8 -9 10 -11 -12 -13 -14 -15
leaf_value=-0.045229445055889696 -0.0054161154123339855 0.062362513818809188 -0.019587284422474309 -0.028625993330505958 0.044327503640534179 0.080106690401777259 0.078114679438960277 -0.039180129478638588 0.063138106506733724 0.023815942040033178 0.098821668035384572 0.027068817767715331 0.050796043551360415 0.074582747685461165
leaf_weight=381.01765185967088 6.186613902449607 31.50659453868866 6.5108861327171317 5.8901385739445669 4.0732374563813201 11.562719821929937 4.5477068275213233 5.2225344330072394 13.245588794350626 9.3986335992813093 9.6784608662128431 3.2239785939455032 10.590295001864432 155.4619997292757
leaf_count=3018 22 83 30 37 18 31 19 40 35 30 26 17 31 403
internal_value=-0.000158068 0.0618161 0.0396044 0.0442132 0.0507135 0.0557963 0.0239231 -0.00258861 0.063896 0.0535006 0.0782036 -0.00892481 0.0660947 0.0725235
internal_weight=658.117 277.099 90.1308 83.6199 74.5058 68.3192 13.8435 9.29577 54.4757 31.5516 22.924 9.11412 22.153 186.969
internal_count=3840 822 336 306 252 230 77 58 153 92 61 54 62 486
is_linear=0
shrinkage=0.05


Tree=50
num_leaves=15
num_cat=0
split_feature=6 19 6 12 11 16 4 7 8 7 18 3 7 5
split_gain=454.513 72.5032 33.3827 24.6928 24.6905 25.2702 12.6992 7.06705 8.27359 5.64616 6.16567 5.40623 5.2344 3.93531
threshold=2.5000000000000004 1.5000000000000002 1.0000000180025095e-35 14.229223217848045 0.14116070146414791 4.5000000000000009 -0.15591577540106957 1.0241841491841495 1.5000000000000002 0.30025252525252527 0.55618686868686884 1.7636206896551727 0.56342821782178232 0.65712686705271806
decision_type=2 2 2 2 2 2 2 2 2 2 2 2 2 2
left_child=2 3 -1 4 5 6 12 11 -9 10 -3 13 -2 -8
right_child=1 9 -4 -5 -6 -7 7 8 -10 -11 -12 -13 -14 -15
leaf_value=0.048526842125989074 0.04136442995217128 -0.040602913499143328 -0.045167288058248489 -0.038542898469921323 -0.034965090641840495 -0.023020817325802159 0.036100544091122559 0.071547386162832863 -0.023202610282475299 -0.037838721312280589 0.033382093247534043 0.029188391911566299 -0.014856894501363672 0.065496776495020032
leaf_weight=9.8085445016622526 8.9950144141912478 4.6595011353492719 309.07218124717474 7.6826348751783362 7.8798445537686339 10.051903173327444 12.019276633858679 4.0758141130208951 5.2998413816094398 25.153283268213272 7.1175173297524452 11.765625908970831 7.670424483716487 215.76894185692072
leaf_count=48 43 25 2029 59 44 59 54 22 24 163 38 58 32 1142
internal_value=0.000225469 0.0415368 -0.0422853 0.0499064 0.0523031 0.0547978 0.057743 0.0605719 0.0179874 -0.0244612 0.0041104 0.0622386 0.015488 0.0639457
internal_weight=647.02 328.14 318.881 291.209 283.527 275.647 265.595 248.929 9.37566 36.9303 11.777 239.554 16.6654 227.788
internal_count=3840 1763 2077 1537 1478 1434 1375 1300 46 226 63 1254 75 1196
is_linear=0
shrinkage=0.05


Tree=51
num_leaves=15
num_cat=0
split_feature=10 11 1 11 8 4 17 12 12 12 4 18 14 3
split_gain=669.509 25.173 24.5126 7.5408 11.1668 6.81563 4.10275 1.66082 1.35307 1.20805 0.973021 0.846477 0.765756 0.666021
threshold=1.5000000000000002 0.061666945635392163 7.5000000000000009 0.016234719300656179 1.0000000180025095e-35 0.097402597402597435 0.25543478260869573 3.0354933582696022 1.6443589731579307 3.2852666973506648 0.037613243495597061 1.4947916666666667 1.0000000180025095e-35 1.0305740911182699
decision_type=2 2 2 2 2 2 2 2 2 2 2 2 2 2
left_child=-1 2 7 -4 9 6 10 8 -2 -5 11 13 -10 -3
right_child=1 5 3 4 -6 -7 -8 -9 12 -11 -12 -13 -14 -15
leaf_value=-0.045189843533856223 0.046982939608708724 0.070282833929498481 -0.048304073294913374 -0.050707571054517876 0.048457216493116267 0.023510765234786388 0.034036299929001416 0.036356540323910808 0.057246723973140394 -0.010975332547152418 0.053674405392207691 0.057890283857660353 0.07839539034335867 0.081255580327133814
leaf_weight=359.7380531616509 9.6368900984525698 161.54491180926561 8.0152146741747874 4.3666363433003452 9.0287796780467016 8.940631836652754 8.4784464389085752 8.0937177091836912 6.9925979822874096 3.4048078209161758 9.2017449140548688 12.766553290188311 11.034455515444277 15.123892098665236
leaf_count=3034 27 407 57 25 37 34 25 26 20 19 26 37 28 38
internal_value=-0.000217019 0.0582672 0.0297811 -0.00839995 0.0106379 0.0662535 0.0680985 0.0562784 0.062107 -0.0333002 0.0695524 0.0703237 0.0701919 0.0712222
internal_weight=636.367 276.629 60.5731 24.8154 16.8002 216.056 207.116 35.7577 27.6639 7.77144 198.637 189.435 18.0271 176.669
internal_count=3840 806 239 138 81 567 533 101 75 44 508 482 48 445
is_linear=0
shrinkage=0.05


Tree=52
num_leaves=15
num_cat=0
split_feature=12 3 13 12 12 2 5 5 11 3 15 12 14 2
split_gain=689.303 13.5226 7.31517 10.472 6.24129 5.07552 7.1447 3.06511 4.38078 4.44377 4.18931 2.10949 1.37426 1.07346
threshold=6.8788467189344802 0.99863013698630143 3.5000000000000004 6.0205549612063907 14.229223217848045 1.4034088006451964 1.0358523043217163 1.6944647804652007 0.0040012715752230652 1.7170566502463054 1.2964997964997969 4.0566842265680352 3.5000000000000004 0.91998078552296647
decision_type=2 2 2 2 2 2 2 2 2 2 2 2 2 2
left_child=2 -2 3 5 7 6 -1 8 10 -10 -3 -7 -13 -4
right_child=1 4 13 -5 -6 11 -8 -9 9 -11 -12 12 -14 -15
leaf_value=-0.028669868287179885 -0.019848571918107804 0.075380847290033387 -0.0159521620315934 0.072447119036510119 0.070995193884575328 -0.043556407984286366 0.045718170808296224 0.069933869439396779 -0.010608946119906124 0.047240066107653182 0.022578557595819289 -0.038530092151411885 -0.0025149179366368859 -0.045046566451411238
leaf_weight=10.096477344632147 4.5492454543709746 11.473575696349149 3.2021781131625167 2.5648695304989806 195.57898411154747 39.254514385014772 4.7448159977793685 13.523206278681753 6.3103211596608144 7.0047185570001602 5.5849539041519156 4.7710046246647817 5.9544940441846848 318.92939437553287
leaf_count=66 22 41 23 12 675 341 29 48 24 26 19 33 32 2449
internal_value=-0.000343338 0.0655488 -0.0416234 -0.0266421 0.0671711 -0.0305629 -0.00488774 0.050133 0.041317 0.019824 0.0580934 -0.038187 -0.0185355 -0.0447574
internal_weight=633.543 244.025 389.518 67.3862 239.476 64.8213 14.8413 43.8968 30.3736 13.315 17.0585 49.98 10.7255 322.132
internal_count=3840 855 2985 513 833 501 95 158 110 50 60 406 65 2472
is_linear=0
shrinkage=0.05


Tree=53
num_leaves=15
num_cat=0
split_feature=5 0 0 0 12 7 16 11 11 15 17 6 7 3
split_gain=215.777 57.9669 39.7678 61.4024 46.6252 56.0032 54.3881 58.862 30.8547 27.1217 16.7076 10.9884 10.3207 9.80733
threshold=0.77302163456585893 6.5000000000000009 6.5000000000000009 12.500000000000002 9.1781814677969695 0.55640906269397905 4.5000000000000009 0.095345011758259116 0.08077455543044694 0.24795081967213117 0.29520697167755999 2.5000000000000004 0.19810191518467854 1.1252256317689533
decision_type=2 2 2 2 2 2 2 2 2 2 2 2 2 2
left_child=1 -1 -2 4 5 -4 7 11 9 -3 12 -7 -11 -13
right_child=2 8 3 -5 -6 6 -8 -9 -10 10 -12 13 -14 -15
leaf_value=-0.04528597470103099 -0.045609812599762219 -0.039322461605161924 -0.025388570336933276 -0.045537700997705349 -0.043680865043806139 0.06511124925755174 -0.039203672969913089 -0.045585267528615012 -0.037237219887886787 0.023561834521186469 -0.014151620631380549 0.043334543721121867 0.069183889328279485 -0.035769123510952607
leaf_weight=16.431181117892265 103.30540735647082 6.9130269289016715 68.655697025358677 91.595436573028564 45.893515519797802 82.621256500482559 24.125488355755806 16.256488502025604 9.0207817181944829 13.585124790668486 6.9308934435248366 17.791169591248039 141.69094652682543 5.0249933525919905
leaf_count=135 828 45 607 762 377 238 144 93 53 82 36 79 324 37
internal_value=0.000502133 0.0445742 -0.0183333 -0.0103273 0.0020594 0.0118469 0.0293784 0.0429746 0.0528626 0.0576685 0.0618021 0.0566289 0.0651924 0.0259129
internal_weight=649.841 194.572 455.269 351.964 260.369 214.475 145.819 121.694 178.141 169.12 162.207 105.437 155.276 22.8162
internal_count=3840 675 3165 2337 1575 1198 591 447 540 487 442 354 406 116
is_linear=0
shrinkage=0.05


Tree=54
num_leaves=15
num_cat=0
split_feature=16 16 4 10 18 2 7 12 5 13 18 6 13 3
split_gain=666.879 23.6099 8.51726 9.21815 7.24682 4.6277 3.59368 5.07331 4.03333 4.2791 4.14642 2.90535 2.47088 1.54317
threshold=1.0000000180025095e-35 4.5000000000000009 0.012203652828652987 1.5000000000000002 1.3217647058823532 1.9893784585645766 1.0241841491841495 2.1328858477455106 0.62736794278549823 16.500000000000004 0.57368421052631591 1.5000000000000002 11.500000000000002 1.342871595425027
decision_type=2 2 2 2 2 2 2 2 2 2 2 2 2 2
left_child=-1 2 3 6 5 -4 7 -2 -9 10 -10 -12 -5 -3
right_child=1 13 4 12 -6 -7 -8 8 9 -11 11 -13 -14 -15
leaf_value=-0.044862367205789955 -0.00012198140239947494 0.069478501599530992 0.003904068118187146 -0.014944103061535744 -0.036932238095122409 0.061037816235830503 0.075388459208795167 -0.024080225255436946 0.070413976985347723 0.082158432809511364 0.051447094441800158 0.0057181272253802214 0.028391259803702808 0.046546958694999092
leaf_weight=361.54168495535851 5.0411747992038718 178.1693933904171 8.3214866146445292 6.1846225038170797 6.044493041932582 6.1736306771636 15.088589966297148 1.6050237119197834 9.390653610229494 11.360079094767569 6.612017944455145 7.3173021152615547 7.026308462023735 7.6515475064516059
leaf_count=3018 22 464 35 25 48 25 39 4 26 35 18 33 26 22
internal_value=-0.000182843 0.0583473 0.037353 0.0456996 0.00905937 0.028238 0.0545036 0.0468783 0.0534082 0.0569944 0.0447361 0.0274249 0.00810406 0.0685342
internal_weight=637.528 275.986 90.1654 69.6258 20.5396 14.4951 56.4148 41.3263 36.2851 34.6801 23.32 13.9293 13.2109 185.821
internal_count=3840 822 336 228 108 60 177 138 116 112 77 51 51 486
is_linear=0
shrinkage=0.05


Tree=55
num_leaves=15
num_cat=0
split_feature=6 19 6 2 19 17 7 11 16 7 7 18 5 7
split_gain=415.028 64.2075 31.0033 22.0975 17.7926 10.8341 10.0614 9.73275 7.41879 6.293 5.3744 5.56768 3.99055 4.38248
threshold=2.5000000000000004 1.5000000000000002 1.0000000180025095e-35 1.2357535450708086 1.0000000180025095e-35 0.4188596491228071 0.34668803418803423 0.057614456276032323 3.5000000000000004 0.82914945212861524 0.30025252525252527 0.55618686868686884 0.85375611407220309 0.28317610062893089
decision_type=2 2 2 2 2 2 2 2 2 2 2 2 2 2
left_child=2 3 -1 6 5 -5 -2 8 9 12 11 -3 13 -6
right_child=1 10 -4 4 7 -7 -8 -9 -10 -11 -12 -13 -14 -15
leaf_value=0.045258911908395601 0.032043143716097108 -0.039928890007724309 -0.04483284161470473 0.05975926727568151 0.055544744420933795 -0.018220184756211535 -0.031491173326280562 -0.020297698532138878 -0.027920654323082723 -0.0003004588312948199 -0.037197621600271048 0.03115183198983967 0.063315252704288866 -0.011136974774693578
leaf_weight=9.8715957403182966 13.362882450222971 4.4455233514308912 292.61017917841673 206.43183202296495 5.4286971539258939 4.5524698719382277 11.676194079220293 9.4514927566051465 4.1522512212395659 7.101341485977172 24.087414048612118 7.2442602291703224 22.509962029755116 4.5119784027338028
leaf_count=48 70 25 2029 1099 27 26 68 50 23 34 163 38 124 16
internal_value=0.000256222 0.03949 -0.0418927 0.0473076 0.0515631 0.0580767 0.00241589 0.0257093 0.0356588 0.0423336 -0.0236974 0.00412045 0.0516634 0.0252785
internal_weight=627.438 324.956 302.482 289.179 264.14 210.984 25.0391 53.1557 43.7042 39.552 35.7772 11.6898 32.4506 9.94068
internal_count=3840 1763 2077 1537 1399 1125 138 274 224 201 226 63 167 43
is_linear=0
shrinkage=0.05


Tree=56
num_leaves=15
num_cat=0
split_feature=10 11 10 12 16 13 14 3 18 1 12 11 10 1
split_gain=609.513 22.2377 13.8466 11.834 9.9712 7.13007 7.80665 4.78033 2.73241 2.09334 3.3923 2.02998 4.97146 6.36926
threshold=1.5000000000000002 0.095345011758259116 6.5000000000000009 6.8788467189344802 2.5000000000000004 7.5000000000000009 6.5000000000000009 0.90642170329670335 1.8522079772079774 9.5000000000000018 3.2261006534413394 0.15061696831342566 3.5000000000000004 13.500000000000002
decision_type=2 2 2 2 2 2 2 2 2 2 2 2 2 2
left_child=-1 2 3 4 5 9 7 -7 -5 -2 -11 12 -3 -14
right_child=1 11 -4 8 -6 6 -8 -9 -10 10 -12 -13 13 -15
leaf_value=-0.044862411640124188 0.067437297737188914 0.069953261542724965 -0.04627504408811163 0.0075438376301482299 -0.01337572309319289 0.029204267825926035 0.061138243186084289 -0.033715422608768385 -0.049451799702480051 0.014431120792742983 0.0676259943149011 0.068973219772893488 0.071969222725508417 0.018332207814737989
leaf_weight=340.93325179442763 38.300209872424603 33.122625395655632 4.9235296919941893 5.2714033275842649 6.4800891056656829 6.7189723029732722 9.6391780301928502 5.4814793094992638 3.4983528479933739 5.4694187492132169 6.6301727220416069 125.49130940437317 9.2073123157024401 13.87605509161949
leaf_count=3034 101 84 40 24 27 24 34 26 21 21 20 317 23 44
internal_value=-0.000231426 0.0552798 0.0353106 0.0399019 0.0460397 0.0513694 0.0275066 0.000935398 -0.0151924 0.0617099 0.0435801 0.0654363 0.0575394 0.0397265
internal_weight=615.043 274.11 92.4128 87.4893 78.7195 72.2394 21.8396 12.2005 8.76976 50.3998 12.0996 181.697 56.206 23.0834
internal_count=3840 806 338 298 253 226 84 50 45 142 41 468 151 67
is_linear=0
shrinkage=0.05


Tree=57
num_leaves=15
num_cat=0
split_feature=12 3 13 12 12 2 5 5 11 3 15 12 19 2
split_gain=623.642 11.892 7.41075 9.54605 5.95019 4.93588 6.45362 2.73758 3.91184 3.93633 3.76587 2.11515 1.34163 1.66245
threshold=6.8788467189344802 0.99863013698630143 3.5000000000000004 6.0205549612063907 14.229223217848045 1.4034088006451964 1.0358523043217163 1.6944647804652007 0.0040012715752230652 1.7170566502463054 1.2964997964997969 4.0566842265680352 1.0000000180025095e-35 1.9893784585645766
decision_type=2 2 2 2 2 2 2 2 2 2 2 2 2 2
left_child=2 -2 3 5 7 6 -1 8 10 -10 -3 -7 13 -13
right_child=1 4 -4 -5 -6 11 -8 -9 9 -11 -12 12 -14 -15
leaf_value=-0.027748512011536438 -0.018891335491393046 0.070968143196163833 -0.044406417058969902 0.067152002043368311 0.067491878541608125 -0.043111615106034895 0.042808911601344632 0.065789101306947845 -0.010340623891064535 0.044125662890136044 0.020964481354201491 0.021834443554604097 -0.037671203249602214 -0.031962823241274391
leaf_weight=9.7686969414353353 4.4396981522440901 11.502713426947599 305.31407979130745 2.6482094526290885 192.67192798852921 37.352304898202419 4.8498075455427161 13.563841655850409 6.274615600705145 7.0380851179361343 5.5976789742708197 3.2788436114788038 4.6776719614863396 2.5551095977425575
leaf_count=66 22 41 2472 12 675 341 29 48 24 26 19 26 24 15
internal_value=-0.000406364 0.0621831 -0.0411401 -0.0258285 0.0637041 -0.0297693 -0.00434051 0.047109 0.0387779 0.0184543 0.0545998 -0.0375358 -0.0177223 -0.00172727
internal_weight=611.533 241.089 370.445 65.1306 236.649 62.4824 14.6185 43.9769 30.4131 13.3127 17.1004 47.8639 10.5116 5.83395
internal_count=3840 855 2985 513 833 501 95 158 110 50 60 406 65 41
is_linear=0
shrinkage=0.05


Tree=58
num_leaves=15
num_cat=0
split_feature=5 0 0 0 12 7 16 11 11 15 17 10 17 6
split_gain=193.807 51.9087 38.0874 58.1745 43.204 50.1576 48.3247 51.81 27.195 24.1929 14.5457 10.1113 13.0485 9.91809
threshold=0.77302163456585893 6.5000000000000009 6.5000000000000009 12.500000000000002 9.1781814677969695 0.55640906269397905 4.5000000000000009 0.095345011758259116 0.08077455543044694 0.24795081967213117 0.29520697167755999 1.5000000000000002 0.072751322751322761 2.5000000000000004
decision_type=2 2 2 2 2 2 2 2 2 2 2 2 2 2
left_child=1 -1 -2 4 5 -4 7 11 9 -3 -11 12 13 -7
right_child=2 8 3 -5 -6 6 -8 -9 -10 10 -12 -13 -14 -15
leaf_value=-0.04494320054166883 -0.04523931591943775 -0.038565586816635605 -0.024432150264868502 -0.045184004420397467 -0.043216736775785025 0.076923878067217774 -0.038515856313444313 -0.045191030569097852 -0.036463104275690765 0.061788030826616082 -0.013136191925936248 0.014384403381078463 0.012987116103224823 0.035471607736476472
leaf_weight=15.573234021663664 97.866627596318722 6.6678790375590316 66.364575631916523 86.866228077560663 43.41243789345026 59.551928043365479 22.927195981144905 15.368744939565657 8.5903231203556043 153.7901723831892 6.7627160623669615 14.604748845100401 13.104333490133284 19.045013912022114
leaf_count=135 828 45 607 762 377 139 144 93 53 406 36 68 54 93
internal_value=0.000559096 0.0425493 -0.0177421 -0.00985607 0.00220784 0.0115553 0.0280715 0.0406186 0.0502993 0.0547564 0.0586321 0.0530242 0.0591781 0.0668795
internal_weight=630.496 191.384 439.112 341.245 254.379 210.967 144.602 121.675 175.811 167.221 160.553 106.306 91.7013 78.5969
internal_count=3840 675 3165 2337 1575 1198 591 447 540 487 442 354 286 232
is_linear=0
shrinkage=0.05


Tree=59
num_leaves=15
num_cat=0
split_feature=16 16 11 4 1 7 13 4 15 15 17 15 6 16
split_gain=606.601 20.9934 7.78956 8.81439 4.95127 5.12467 6.5507 5.59619 2.78854 3.24165 3.13954 2.50332 1.56229 2.77389
threshold=1.0000000180025095e-35 4.5000000000000009 0.10961072239829177 0.086113160123487395 6.5000000000000009 0.35429852320675109 19.500000000000004 -0.043670057019571586 0.29217479674796754 0.53066332916145187 0.15192307692307697 1.8377192982456141 2.5000000000000004 5.5000000000000009
decision_type=2 2 2 2 2 2 2 2 2 2 2 2 2 2
left_child=-1 2 3 4 -2 6 7 -6 -7 -10 -11 -5 -3 -14
right_child=1 12 -4 11 5 8 -8 -9 9 10 -12 -13 13 -15
leaf_value=-0.044516491131380731 0.0049962732533571606 0.067220754767489899 -0.018161999130956272 -0.027632329481538143 0.040548352781994951 0.076458449165749495 0.069902386696177002 -0.038232478142421089 0.013956790603192881 0.025530944445943546 0.062719337853995791 0.027812640389712973 0.026561099965456671 0.06242730432628249
leaf_weight=342.73179577291012 6.9649971425533286 149.55573585629463 6.2819037139415732 5.6529643759131414 4.1074359416961661 12.935382366180418 4.7191064134240142 4.9960977584123603 5.4581366926431647 7.0817614793777457 28.576625823974609 3.1815554052591324 6.7151856273412696 27.335219174623489
leaf_count=3018 24 393 30 37 18 35 19 40 16 24 76 17 19 74
internal_value=-0.000198653 0.0553249 0.0355364 0.0395679 0.0451435 0.0492633 0.0220952 -0.00268725 0.0562109 0.049841 0.0553337 -0.00766506 0.06502 0.055354
internal_weight=616.294 273.562 89.956 83.6741 74.8395 67.8745 13.8226 9.10353 54.0519 41.1165 35.6584 8.83452 183.606 34.0504
internal_count=3840 822 336 306 252 228 77 58 151 116 100 54 486 93
is_linear=0
shrinkage=0.05


Tree=60
num_leaves=15
num_cat=0
split_feature=6 19 6 12 11 16 4 7 8 7 18 3 14 17
split_gain=379.532 56.8869 28.8416 20.0339 19.9377 19.281 11.4478 6.45623 7.20969 5.11599 5.04532 4.65885 4.28022 3.60513
threshold=2.5000000000000004 1.5000000000000002 1.0000000180025095e-35 14.229223217848045 0.15061696831342566 4.5000000000000009 -0.16197691197691277 1.0241841491841495 1.5000000000000002 0.30025252525252527 0.55618686868686884 1.7636206896551727 2.5000000000000004 0.47213622291021679
decision_type=2 2 2 2 2 2 2 2 2 2 2 2 2 2
left_child=2 3 -1 4 5 6 12 11 -9 10 -3 -8 -2 -7
right_child=1 9 -4 -5 -6 13 7 8 -10 -11 -12 -13 -14 -15
leaf_value=0.042337666959064622 0.050480561896091986 -0.039257528858695767 -0.04452062220960612 -0.037535559394735067 -0.040887859665969341 0.026071381078156486 0.05738178912921478 0.063787826703504955 -0.023929897882986838 -0.036545102457982495 0.029243737075276395 0.025158778822267133 -0.0074702373668362109 -0.041294137716332301
leaf_weight=9.8992680758237821 4.5208703130483618 4.2384643852710706 276.69940701127052 7.1800090298056594 6.3002929091453543 2.8376726508140546 227.11117097735405 4.1164095997810346 5.4359091073274612 23.039093747735023 7.3482165932655334 11.800063028931616 10.7936794757843 6.6174312457442284
leaf_count=48 24 25 2029 59 37 20 1208 22 25 163 38 58 45 39
internal_value=0.000311586 0.0376211 -0.0415205 0.044932 0.0470502 0.0490779 0.0515926 0.0541786 0.0138706 -0.0229155 0.00418564 0.0557903 0.0096369 -0.0210763
internal_weight=607.938 321.339 286.599 286.714 279.533 273.233 263.778 248.464 9.55232 34.6258 11.5867 238.911 15.3145 9.4551
internal_count=3840 1763 2077 1537 1478 1441 1382 1313 47 226 63 1266 69 59
is_linear=0
shrinkage=0.05


Tree=61
num_leaves=15
num_cat=0
split_feature=10 11 1 11 8 18 11 17 4 12 13 12 12 11
split_gain=555.691 20.3552 19.7439 6.65564 9.50389 5.96315 2.7617 4.1997 3.95888 1.69153 1.34075 1.20094 1.16093 0.957472
threshold=1.5000000000000002 0.061666945635392163 7.5000000000000009 0.016234719300656179 1.0000000180025095e-35 1.8672955974842769 0.15061696831342566 0.10263157894736843 0.037613243495597061 3.1938659323320868 22.500000000000004 3.2852666973506648 1.6443589731579307 0.077088801722129438
decision_type=2 2 2 2 2 2 2 2 2 2 2 2 2 2
left_child=-1 2 9 -4 11 6 7 8 10 12 13 -5 -2 -3
right_child=1 5 3 4 -6 -7 -8 -9 -10 -11 -12 -13 -14 -15
leaf_value=-0.044556329954759083 0.042120577147747106 0.080240907298742725 -0.047574915471579389 -0.050430493512850463 0.04342048463645571 0.017516500541466782 0.066367222482253213 0.017205708699478989 0.025404313525888463 0.029804061215425177 0.043056601131496133 -0.010098026109321099 0.06362749551238478 0.062036750318872541
leaf_weight=322.76330887898803 9.5510870069265383 8.460945248603819 7.4044558033347156 4.1490416377782848 9.1981666013598424 7.975369192659854 121.44018232822418 6.9213896691799155 8.3106377646327001 7.7240968346595755 8.1657483875751478 3.3245486319065094 18.291050255298615 49.372548744082451
leaf_count=3034 27 23 57 25 37 30 313 21 28 25 23 19 49 129
internal_value=-0.000265639 0.0526237 0.0268372 -0.00812782 0.00939189 0.0599248 0.0615937 0.0544572 0.0579269 0.0505063 0.0620222 -0.032489 0.0562497 0.0647
internal_weight=593.053 270.289 59.6424 24.0762 16.6718 210.647 202.671 81.2313 74.3099 35.5662 65.9992 7.47359 27.8421 57.8335
internal_count=3840 806 239 138 81 567 537 224 203 101 175 44 76 152
is_linear=0
shrinkage=0.05


Tree=62
num_leaves=15
num_cat=0
split_feature=12 12 13 12 4 2 5 2 5 12 14 1 2 1
split_gain=565.846 10.3516 7.53615 8.80645 5.37265 4.7888 5.80931 3.04582 3.88549 2.1428 1.33017 1.30637 1.14802 1.05453
threshold=6.8788467189344802 11.725466407049524 3.5000000000000004 6.0205549612063907 0.012203652828652987 1.4034088006451964 1.0358523043217163 1.6366820050761355 1.3427494756057776 4.0566842265680352 3.5000000000000004 35.500000000000007 0.91998078552296647 5.5000000000000009
decision_type=2 2 2 2 2 2 2 2 2 2 2 2 2 2
left_child=2 4 3 5 -2 6 13 -6 -9 -7 -11 -3 -4 -1
right_child=1 11 12 -5 7 9 -8 8 -10 10 -12 -13 -14 -15
leaf_value=-0.012958266460348792 -0.0012487744372170794 0.064391884452896508 -0.0131056314116144 0.063172249349764356 0.058867665897570122 -0.042677356775093461 0.040078959835390393 0.05173954031688565 -0.0079528910963906924 -0.037200812262097052 -0.00090296879227019268 0.042297225276141187 -0.044397555962179633 -0.046980758938521008
leaf_weight=5.5988506600260717 8.1776571944355947 194.84445808827877 2.9613989740610114 2.7112490907311431 16.076683536171917 35.498548246920109 4.9503691270947447 6.0240531265735608 4.9796291142702103 4.4769869744777662 5.7858453914523125 6.9279551804065695 286.22193920612335 3.8393403366208076
leaf_count=40 35 696 23 12 57 341 29 24 19 33 32 24 2449 26
internal_value=-0.000456084 0.0592654 -0.0406664 -0.0249757 0.0342692 -0.0289489 -0.00378918 0.0449948 0.0247262 -0.0368598 -0.0167373 0.0636333 -0.0440771 -0.0267982
internal_weight=589.075 237.03 352.045 62.8612 35.258 60.1499 14.3886 27.0804 11.0037 45.7614 10.2628 201.772 289.183 9.43819
internal_count=3840 855 2985 513 135 501 95 100 43 406 65 720 2472 66
is_linear=0
shrinkage=0.05


Tree=63
num_leaves=15
num_cat=0
split_feature=5 0 0 0 12 7 16 11 11 15 17 7 3 10
split_gain=174.269 46.5372 36.3916 55.0222 40.0118 45.093 43.1182 45.8845 24.0641 21.5958 10.854 9.61622 9.58619 8.77826
threshold=0.77302163456585893 6.5000000000000009 6.5000000000000009 12.500000000000002 9.1781814677969695 0.55640906269397905 4.5000000000000009 0.095345011758259116 0.08077455543044694 0.24795081967213117 0.18898809523809526 0.28317610062893089 0.73360215053763456 1.5000000000000002
decision_type=2 2 2 2 2 2 2 2 2 2 2 2 2 2
left_child=1 -1 -2 4 5 -4 7 13 9 -3 11 12 -11 -7
right_child=2 8 3 -5 -6 6 -8 -9 -10 10 -12 -13 -14 -15
leaf_value=-0.044618246499890497 -0.044892259965660958 -0.037787875037917529 -0.023495842299768331 -0.044851853139439256 -0.042769260626123913 0.055777218148084978 -0.037819578212554425 -0.044814263214638501 -0.035719738219492113 0.071478472961457304 -0.0010434104115964406 0.063536394056928555 -0.0022087504165536911 0.014081820422385916
leaf_weight=14.734540265053509 92.606527730822563 6.4220754653215399 64.204933885484934 82.262756951153278 41.011980265378952 91.602832764387131 21.75751368701458 14.491062462329863 8.1881055906414968 7.0512193441391018 7.9913495257496825 131.67394658178091 11.799621663987635 14.640852913260458
leaf_count=135 828 45 607 762 377 286 144 93 53 21 41 302 78 68
internal_value=0.000617285 0.040685 -0.0171951 -0.00942196 0.00234409 0.0112953 0.0269717 0.0386477 0.047945 0.0520984 0.0557401 0.0587547 0.0253542 0.0500314
internal_weight=610.439 187.861 422.578 329.972 247.709 206.697 142.492 120.735 173.126 164.938 158.516 150.525 18.8508 106.244
internal_count=3840 675 3165 2337 1575 1198 591 447 540 487 442 401 99 354
is_linear=0
shrinkage=0.05


Tree=64
num_leaves=15
num_cat=0
split_feature=16 16 11 18 1 8 4 6 7 13 2 3 17 5
split_gain=552.051 19.0473 6.78015 7.76312 9.64182 6.12256 4.07691 3.49613 2.92045 5.27028 2.89841 2.09399 2.54592 1.58143
threshold=1.0000000180025095e-35 4.5000000000000009 0.10961072239829177 1.3217647058823532 5.5000000000000009 1.0000000180025095e-35 -0.005760646195294007 2.5000000000000004 0.49550219023779735 17.500000000000004 1.5764429793205097 0.90029239766081881 0.18898809523809526 0.65712686705271806
decision_type=2 2 2 2 2 2 2 2 2 2 2 2 2 2
left_child=-1 2 3 4 -2 -5 -7 10 9 -9 -6 12 -12 -3
right_child=1 13 -4 5 7 6 -8 8 -10 -11 11 -13 -14 -15
leaf_value=-0.044189160867982219 -0.0080564663299567598 0.034950875487280174 -0.017103480752519985 -0.04256049054057947 0.031122189557646757 0.058763829025266869 -0.0079516998014402731 -0.025168150271832793 0.055922068573236006 0.057724402929104107 0.033160307675331659 0.081102608631518941 0.065769659398188587 0.062740924441579041
leaf_weight=324.48718757554889 7.8095453828573218 5.2733465135097495 6.1136614978313437 4.7672419995069495 8.6968642771244031 4.8511789739131919 4.3371849507093421 4.6639805883169156 5.6680486053228378 3.256329782307148 8.6735179126262683 11.378131240606306 19.313694804906845 175.25050756335258
leaf_count=3018 29 14 30 30 25 15 33 36 19 15 23 31 50 472
internal_value=-0.000235533 0.0525777 0.0337218 0.0374469 0.044284 0.00341724 0.0272721 0.0509142 0.0285211 0.00891202 0.0572453 0.0630165 0.0556637 0.0619291
internal_weight=594.54 270.053 89.5294 83.4157 69.4601 13.9556 9.18836 61.6506 13.5884 7.92031 48.0622 39.3653 27.9872 180.524
internal_count=3840 822 336 306 228 78 48 199 70 51 129 104 73 486
is_linear=0
shrinkage=0.05


Tree=65
num_leaves=15
num_cat=0
split_feature=6 19 6 12 4 11 17 2 7 7 18 1 2 7
split_gain=347.485 50.5406 26.8624 17.9508 17.5506 12.1675 10.4947 6.84684 4.86783 4.64499 4.56155 4.13171 3.67312 4.03586
threshold=2.5000000000000004 1.5000000000000002 1.0000000180025095e-35 16.536497957816312 -0.13987263194429531 0.15061696831342566 0.36602870813397131 1.1713957567360433 0.30025252525252527 0.31423745173745182 0.55618686868686884 20.500000000000004 1.9630934638476198 0.37268518518518523
decision_type=2 2 2 2 2 2 2 2 2 2 2 2 2 2
left_child=2 3 -1 4 12 6 7 9 10 -6 -3 -8 13 -2
right_child=1 8 -4 -5 5 -7 11 -9 -10 -11 -12 -13 -14 -15
leaf_value=0.03967641397081046 0.018145247255467473 -0.038560012097016927 -0.044231649825407976 -0.044877776870686462 0.038012238002082865 -0.037908377980345798 0.036094356019420785 0.053543627870064781 -0.035891892368440086 -0.028702651646377121 0.027490458367967735 -0.034640750724299882 0.033006250123614585 -0.032719991921162657
leaf_weight=9.8996040076017362 6.8869628161191967 4.0303661376237851 261.45613108575344 5.7179251834750167 7.1250916570425016 4.0202118158340445 3.5602372065186483 230.75982316583395 22.026016809046268 4.1163237690925598 7.4380795583128929 4.9136345237493515 6.9140282720327368 8.9906773716211301
leaf_count=48 34 25 2029 51 36 25 21 1245 163 18 38 30 35 42
internal_value=0.000345912 0.0359407 -0.0411705 0.0428144 0.0446227 0.0483871 0.0497722 0.0516874 -0.0221377 0.0135829 0.00427828 -0.0049219 0.00258853 -0.0106571
internal_weight=587.855 316.499 271.356 283.005 277.287 254.495 250.475 242.001 33.4945 11.2414 11.4684 8.47387 22.7917 15.8776
internal_count=3840 1763 2077 1537 1486 1375 1350 1299 226 54 63 51 111 76
is_linear=0
shrinkage=0.05


Tree=66
num_leaves=15
num_cat=0
split_feature=10 11 18 17 1 11 10 1 11 13 1 12 4 1
split_gain=507.715 18.3871 17.8587 11.482 4.0427 3.49797 5.33943 10.3294 5.52581 3.38832 3.09404 1.89749 0.806755 0.686032
threshold=1.5000000000000002 0.075618717266973903 1.1645833333333335 0.067424242424242428 11.500000000000002 0.14116070146414791 2.5000000000000004 12.500000000000002 0.11400737744892402 6.5000000000000009 27.500000000000004 3.8523711619411878 -0.022857305397981215 20.500000000000004
decision_type=2 2 2 2 2 2 2 2 2 2 2 2 2 2
left_child=-1 2 3 9 -4 6 13 -8 10 11 -9 -2 -6 -3
right_child=1 5 4 -5 12 -7 7 8 -10 -11 -12 -13 -14 -15
leaf_value=-0.044271920068954862 0.064777397823137003 0.055239743088407525 0.012096051076883683 -0.016509236530536601 -0.016932358321850478 0.062824727423098178 0.064375973502656211 0.014748250639435906 0.038227544076515803 0.024647841440837343 -0.039446227331189597 0.036848825635960439 -0.047386210319489475 0.073034885429468233
leaf_weight=305.31684613227844 28.27331980317831 8.061193451285364 7.171501740813258 7.1035688966512671 3.2529325559735307 130.19734448194504 19.471275836229324 5.3850142508745211 11.631569802761076 9.116650737822054 5.1545649692416191 7.7483665347099295 6.5607913807034466 16.505500167608261
leaf_count=3034 76 22 33 32 17 345 50 19 34 37 21 23 55 42
internal_value=-0.00029277 0.0502565 0.0280988 0.0425793 -0.0164392 0.0580664 0.0487092 0.0378033 0.0144664 0.0518782 -0.0117565 0.0587699 -0.0372917 0.0671957
internal_weight=570.95 265.634 69.2271 52.2419 16.9852 196.406 66.2091 41.6424 22.1711 45.1383 10.5396 36.0217 9.81372 24.5667
internal_count=3840 806 273 168 105 533 188 124 74 136 40 99 72 64
is_linear=0
shrinkage=0.05


Tree=67
num_leaves=15
num_cat=0
split_feature=12 12 13 12 4 2 5 2 5 12 19 2 12 2
split_gain=514.148 9.63612 7.63201 8.08485 4.7275 4.64923 5.23729 2.77213 3.4687 2.1571 1.32597 1.57634 1.31755 1.16952
threshold=6.8788467189344802 11.725466407049524 3.5000000000000004 6.0205549612063907 0.012203652828652987 1.4034088006451964 1.0358523043217163 1.6366820050761355 1.3427494756057776 4.0566842265680352 1.0000000180025095e-35 1.9893784585645766 16.536497957816312 0.91998078552296647
decision_type=2 2 2 2 2 2 2 2 2 2 2 2 2 2
left_child=2 4 3 5 -2 6 -1 -6 -9 -7 11 -11 -3 -4
right_child=1 12 13 -5 7 9 -8 8 -10 10 -12 -13 -14 -15
leaf_value=-0.0258469878846284 -0.00097243488340163829 0.050298023196036726 -0.012079162847811636 0.059197193012168636 0.055858278229371672 -0.042270499436138025 0.03767061429678463 0.048689001404730585 -0.0076914057724310125 0.023052692960637458 -0.036466892607363965 -0.030309310430388533 0.062525781403467012 -0.04410370065474864
leaf_weight=9.1275523938238603 8.1013189330697042 25.27234736084938 2.881234645843505 2.7750308066606513 16.007710561156276 33.757138542830944 5.0358281806111327 6.0512651801109296 4.9674738049507141 3.2242860198020917 4.3973678573966026 2.4247357025742531 171.70741721987724 270.72478118166327
leaf_count=66 35 90 23 12 57 341 29 24 19 26 24 15 630 2449
internal_value=-0.000517544 0.0566548 -0.0402071 -0.0241743 0.0325301 -0.0281656 -0.00326313 0.0425726 0.0232716 -0.0362175 -0.0158785 0.000148063 0.060957 -0.0437665
internal_weight=566.455 232.108 334.348 60.7419 35.1278 57.9669 14.1634 27.0264 11.0187 43.8035 10.0464 5.64902 196.98 273.606
internal_count=3840 855 2985 513 135 501 95 100 43 406 65 41 720 2472
is_linear=0
shrinkage=0.05


Tree=68
num_leaves=15
num_cat=0
split_feature=5 0 0 0 12 7 16 11 11 15 17 17 10 6
split_gain=157.17 42.0132 34.8202 52.1236 37.0319 40.4795 38.4308 40.7281 21.3914 19.4135 9.2003 8.47384 10.356 8.61697
threshold=0.77302163456585893 6.5000000000000009 6.5000000000000009 12.500000000000002 9.1781814677969695 0.55640906269397905 4.5000000000000009 0.095345011758259116 0.08077455543044694 0.24795081967213117 0.15587044534412958 0.072751322751322761 1.5000000000000002 2.5000000000000004
decision_type=2 2 2 2 2 2 2 2 2 2 2 2 2 2
left_child=1 -1 -2 4 5 -4 7 11 9 -3 -11 12 13 -7
right_child=2 8 3 -5 -6 6 -8 -9 -10 10 -12 -13 -14 -15
leaf_value=-0.044319600411086298 -0.044571323133866497 -0.037014348391539845 -0.022560347521413227 -0.044547080076518003 -0.042332959913011295 0.069397945686497015 -0.03712369910167538 -0.044477556819914846 -0.034945195743189182 0.056408400174848598 0.0051867290717741814 0.011637993012876154 0.01268030351438872 0.03100840530912162
leaf_weight=13.940890684723852 87.556753925979137 6.1818991452455512 62.125526938587427 77.876752905547619 38.685064271092415 58.653213649988174 20.635937713086605 13.674325972795485 7.7905444651842108 146.13960898667574 9.326120197772978 14.473072633147238 13.685803085565565 19.469478011131287
leaf_count=135 828 45 607 762 377 139 144 93 53 397 45 59 63 93
internal_value=0.000684248 0.0391155 -0.0166384 -0.0089783 0.00249624 0.0110511 0.0259035 0.0367461 0.0459803 0.0498804 0.0533357 0.0471964 0.052802 0.0598306
internal_weight=590.215 183.379 406.836 319.279 241.402 202.717 140.592 119.956 169.438 161.648 155.466 106.282 91.8085 78.1227
internal_count=3840 675 3165 2337 1575 1198 591 447 540 487 442 354 295 232
is_linear=0
shrinkage=0.05


Tree=69
num_leaves=15
num_cat=0
split_feature=16 16 4 10 18 2 7 12 18 13 5 2 11 3
split_gain=504.099 17.1786 6.2014 6.57748 5.55384 4.05954 2.8936 4.13165 2.38706 3.9728 2.83123 2.12745 1.74485 1.56937
threshold=1.0000000180025095e-35 4.5000000000000009 0.012203652828652987 1.5000000000000002 1.3217647058823532 1.9893784585645766 1.0241841491841495 2.1328858477455106 0.57368421052631591 13.500000000000002 0.94253974272674812 2.2498276687169514 -0.0026198660887064014 1.342871595425027
decision_type=2 2 2 2 2 2 2 2 2 2 2 2 2 2
left_child=-1 2 3 6 5 -4 7 -2 -9 10 -10 -5 -11 -3
right_child=1 13 4 11 -6 -7 -8 8 9 12 -12 -13 -14 -15
leaf_value=-0.043884702415423062 -0.0025942599283733992 0.060203156492917825 0.0011693481999678558 0.022857117790808828 -0.035059667114912652 0.054350079940245689 0.065731771141850179 0.064474269667936845 -0.016602687700283128 0.034390561742901629 0.035275459789037851 -0.019195075463245517 0.071058126983394837 0.036939242472552335
leaf_weight=307.05057889223099 5.0031457394361487 169.16125997900963 8.3892389163374919 8.0631241872906667 5.4854826778173438 6.2707338333129874 14.864626824855803 11.679129809141157 4.3526976406574267 5.6649804487824378 6.6448148339986801 4.7968938425183287 7.5930032283067748 7.5739273726940146
leaf_count=3018 22 464 35 30 48 25 39 33 15 19 26 21 23 22
internal_value=-0.000256511 0.0501913 0.0322509 0.0394076 0.00785813 0.0239172 0.0468367 0.0399759 0.0459029 0.0369606 0.0147426 0.0071713 0.0553905 0.0592062
internal_weight=572.594 265.543 88.8079 68.6624 20.1455 14.66 55.8024 40.9378 35.9346 24.2555 10.9975 12.86 13.258 176.735
internal_count=3840 822 336 228 108 60 177 138 116 83 41 51 42 486
is_linear=0
shrinkage=0.05


Tree=70
num_leaves=15
num_cat=0
split_feature=6 19 6 7 2 11 16 3 11 7 3 11 18 5
split_gain=318.526 45.0411 25.074 16.4243 16.7169 12.6043 8.3804 6.35054 5.33388 4.63319 4.42436 4.63498 4.13634 3.71606
threshold=2.5000000000000004 1.5000000000000002 1.0000000180025095e-35 0.66599462365591411 1.6594796417125919 0.15061696831342566 4.5000000000000009 1.7636206896551727 0.034305797430950864 0.30025252525252527 0.81107832873322561 0.057614456276032323 0.55618686868686884 0.88763964593412725
decision_type=2 2 2 2 2 2 2 2 2 2 2 2 2 2
left_child=2 3 -1 5 -5 6 7 10 -6 12 11 13 -3 -2
right_child=1 9 -4 4 8 -7 -8 -9 -10 -11 -12 -13 -14 -15
leaf_value=0.037302754780473582 0.027581916247726448 -0.03788427113445518 -0.043961447552807842 -0.01851074377237474 0.047428010482712224 -0.03810654046548817 -0.01065435858118823 0.01480319474626008 -0.018464277346393693 -0.035256995079285466 0.05621765416630789 -0.004951405426995961 0.025947287562598249 0.055974682232965894
leaf_weight=9.871857210993765 19.483570426702499 3.8334449231624586 246.80031757056713 21.358299046754837 25.905431047081951 4.3085710927844039 5.8832421898841849 12.221472129225729 3.4843323305249205 21.072860285639763 152.79817084223032 5.2906034216284743 7.5100779756903648 28.209243014454842
leaf_count=48 91 25 2029 119 138 28 40 69 17 163 853 24 38 158
internal_value=0.00040205 0.034397 -0.0408359 0.0408799 0.0151523 0.0466014 0.0482316 0.0498207 0.0396161 -0.0213882 0.0519004 0.0394501 0.00437597 0.0443756
internal_weight=568.031 311.359 256.672 278.943 50.7481 228.195 223.886 218.003 29.3898 32.4164 205.782 52.9834 11.3435 47.6928
internal_count=3840 1763 2077 1537 274 1263 1235 1195 155 226 1126 273 63 249
is_linear=0
shrinkage=0.05


Tree=71
num_leaves=15
num_cat=0
split_feature=10 11 11 1 10 3 12 11 2 11 10 1 15 2
split_gain=464.749 16.9263 10.8647 9.28024 12.5403 5.01672 4.01921 2.77742 1.92057 1.91365 4.36186 5.50347 2.3805 1.79802
threshold=1.5000000000000002 0.095345011758259116 -0.0080263752823453421 12.500000000000002 2.5000000000000004 0.67508314855875839 4.4216367364106945 0.075618717266973903 1.6454807758205776 0.15061696831342566 3.5000000000000004 13.500000000000002 0.8765243902439025 2.092549462745283
decision_type=2 2 2 2 2 2 2 2 2 2 2 2 2 2
left_child=-1 2 -2 6 7 -6 13 -5 -7 10 -3 -12 -13 -4
right_child=1 9 3 4 5 8 -8 -9 -10 -11 11 12 -14 -15
leaf_value=-0.044007468929464021 -0.047770479397809859 0.061630543835006157 0.060096298960858247 0.024129916401122393 0.024394189990335977 -0.0065412939969529604 0.013388202507957123 0.063558726356010287 -0.049146425967019874 0.061005729565303105 0.063942153991297185 -0.0068644578273549892 0.034810900442810593 0.037358283298292633
leaf_weight=288.58510098978877 4.2176073789596549 31.401806950569153 31.468211777508259 8.955657511949541 5.2450461313128498 4.0381150245666486 7.1609503030776969 8.9098949432373029 7.6679374910891056 116.59679967164993 8.6691061258316058 7.1671492755413038 6.5652144402265549 12.013281464576719
leaf_count=3034 34 84 87 35 21 24 26 24 50 317 23 24 20 37
internal_value=-0.000321611 0.0481529 0.0305698 0.0344361 0.0145644 -0.0162419 0.0480978 0.0437938 -0.0344494 0.0574064 0.0496062 0.0327507 0.0130598 0.0538141
internal_weight=548.662 260.077 89.6767 85.4591 34.8167 16.9511 50.6424 17.8656 11.7061 170.4 53.8033 22.4015 13.7324 43.4815
internal_count=3840 806 338 304 154 95 150 59 74 468 151 67 44 124
is_linear=0
shrinkage=0.05


Tree=72
num_leaves=15
num_cat=0
split_feature=12 12 13 12 4 2 5 5 11 3 15 12 14 2
split_gain=467.82 9.18061 7.75618 7.48498 5.44636 4.50205 4.73075 2.89334 4.00983 3.6405 2.58546 2.1802 1.29737 1.18828
threshold=6.8788467189344802 14.229223217848045 3.5000000000000004 6.0205549612063907 -0.060106651356194793 1.4034088006451964 1.0358523043217163 1.6944647804652007 0.0040012715752230652 1.7170566502463054 1.2649122807017545 4.0566842265680352 3.5000000000000004 0.91998078552296647
decision_type=2 2 2 2 2 2 2 2 2 2 2 2 2 2
left_child=2 4 3 5 -2 6 -1 8 10 -10 -6 -7 -13 -4
right_child=1 -3 13 -5 7 11 -8 -9 9 -11 -12 12 -14 -15
leaf_value=-0.024898707682011873 -0.013716457528641895 0.059522168787227041 -0.011140437246502388 0.056117547383769284 0.063702967423935053 -0.041861378558773622 0.035564835283738869 0.059810619475293814 -0.016687022042406612 0.036076723525459493 0.02141170318812383 -0.035925399092117359 0.00081325759097339691 -0.043830514901497974
leaf_weight=8.8232873603701574 5.1550917699933043 178.78964267671108 2.8104199916124335 2.821842521429061 10.219873748719694 32.036293517798185 5.1078740879893294 13.512449309229849 6.149186857044695 6.979814350605011 5.5909602642059317 4.2039762921631318 5.6093903705477715 255.92781964689493
leaf_count=66 22 675 23 12 39 341 29 49 25 26 19 33 32 2449
internal_value=-0.000582285 0.0543266 -0.0397553 -0.0233304 0.0348144 -0.0273495 -0.00272969 0.0407077 0.0317882 0.0113639 0.0487481 -0.0355451 -0.0149253 -0.0434754
internal_weight=543.738 226.397 317.341 58.6027 47.6074 55.7808 13.9312 42.4523 28.9398 13.129 15.8108 41.8497 9.81337 258.738
internal_count=3840 855 2985 513 180 501 95 158 109 51 58 406 65 2472
is_linear=0
shrinkage=0.05


Tree=73
num_leaves=15
num_cat=0
split_feature=5 0 0 0 12 7 16 11 15 11 17 7 3 17
split_gain=141.747 37.8668 33.2684 49.3419 34.3004 36.4266 34.4386 36.3198 19.2288 17.2619 8.62355 8.18896 8.07436 7.58606
threshold=0.77302163456585893 6.5000000000000009 6.5000000000000009 12.500000000000002 9.1781814677969695 0.55640906269397905 4.5000000000000009 0.095345011758259116 0.24795081967213117 0.066732811526830318 0.18898809523809526 0.28317610062893089 0.72461122933376998 0.11437908496732027
decision_type=2 2 2 2 2 2 2 2 2 2 2 2 2 2
left_child=1 -1 -2 4 5 -4 7 13 -3 10 11 12 -10 -7
right_child=2 8 3 -5 -6 6 -8 -9 9 -11 -12 -13 -14 -15
leaf_value=-0.044034709376534406 -0.044274658442418659 -0.037366409296743737 -0.02162526192500748 -0.044263851117436484 -0.041913435807307844 0.049829525968769217 -0.036432026586113379 -0.044152212323447709 0.068756864518442665 -0.024055782133171097 0.00023131470433784457 0.058849236893748075 -0.00054259556338236224 0.008836501489690847
leaf_weight=13.158960688859223 82.721244987100363 6.942635476589202 60.128105547279119 73.654907908290625 36.469607189297676 92.662155151367188 19.571713477373123 12.863895915448664 6.4080844819545772 7.9732157438993445 7.7987135201692572 124.47792449593544 12.216516591608523 12.851115144789217
leaf_count=135 828 53 607 762 377 300 144 93 19 50 41 299 78 54
internal_value=0.000752481 0.0376058 -0.01612 -0.00856336 0.00264771 0.0108522 0.0250083 0.0351664 0.0440846 0.0476439 0.0514324 0.0542227 0.023301 0.0448367
internal_weight=569.899 178.976 390.923 308.202 234.547 198.077 137.949 118.377 165.817 158.874 150.901 143.103 18.6246 105.513
internal_count=3840 675 3165 2337 1575 1198 591 447 540 487 437 396 97 354
is_linear=0
shrinkage=0.05


Tree=74
num_leaves=15
num_cat=0
split_feature=16 16 4 10 18 2 7 12 18 13 5 13 11 12
split_gain=460.121 15.9274 5.46985 5.83393 5.01191 3.67389 2.68205 3.7561 2.24832 3.69813 2.58281 2.07389 1.6154 1.69898
threshold=1.0000000180025095e-35 4.5000000000000009 0.012203652828652987 1.5000000000000002 1.3217647058823532 1.9893784585645766 1.0241841491841495 2.1328858477455106 0.57368421052631591 13.500000000000002 0.94253974272674812 11.500000000000002 0.047880829527813397 5.9104600014976336
decision_type=2 2 2 2 2 2 2 2 2 2 2 2 2 2
left_child=-1 2 3 6 5 -4 7 -2 -9 10 -10 -5 13 -3
right_child=1 12 4 11 -6 -7 -8 8 9 -11 -12 -13 -14 -15
leaf_value=-0.04359619050713074 -0.0028484897422471674 0.059411110154805713 0.00089478679657886522 -0.014760772083590189 -0.034240885060999829 0.051364997923935722 0.062738201157263321 0.061741172282380033 -0.016644315330932104 0.052667024688308021 0.032934528212923204 0.025631958185963963 0.039353527036020297 0.03743181807532793
leaf_weight=290.22594351693988 4.9840882197022429 150.67423692345619 8.3758126720786112 5.9127138182520849 5.2614353746175757 6.3313798382878295 14.686935693025587 11.457057923078535 4.326806381344797 13.244999684393404 6.6861451417207718 6.8699546754360199 12.34027251601219 9.3371344804763776
leaf_count=3018 22 425 35 25 48 25 39 33 15 42 26 26 34 27
internal_value=-0.000298065 0.0479429 0.0306537 0.0373952 0.00763947 0.022622 0.0444222 0.0378126 0.0434869 0.0348654 0.0134558 0.00694801 0.0567843 0.0581286
internal_weight=550.715 260.489 88.1373 68.1687 19.9686 14.7072 55.386 40.6991 35.715 24.258 11.013 12.7827 172.352 160.011
internal_count=3840 822 336 228 108 60 177 138 116 83 41 51 486 452
is_linear=0
shrinkage=0.05


Tree=75
num_leaves=15
num_cat=0
split_feature=6 19 6 12 4 11 17 2 7 7 18 1 5 2
split_gain=292.277 40.1641 23.4187 14.8709 14.9609 9.53163 8.00208 5.93461 4.40378 3.90298 3.74277 3.71145 3.68872 3.17475
threshold=2.5000000000000004 1.5000000000000002 1.0000000180025095e-35 16.536497957816312 -0.13987263194429531 0.15061696831342566 0.36602870813397131 1.1713957567360433 0.30025252525252527 0.31423745173745182 0.55618686868686884 20.500000000000004 0.6101196609334637 2.2135735349771761
decision_type=2 2 2 2 2 2 2 2 2 2 2 2 2 2
left_child=2 3 -1 4 13 6 7 9 10 -6 -3 -8 -9 -2
right_child=1 8 -4 -5 5 -7 11 12 -10 -11 -12 -13 -14 -15
leaf_value=0.035105030928933363 -0.0068619140356335059 -0.037180428727225809 -0.043712082433611445 -0.04437761349214852 0.033832759147208048 -0.036406622152186062 0.035154241948066947 0.013802444921214249 -0.034605634135477979 -0.028011975245472893 0.024533074586448381 -0.033256565097751177 0.050101969672819435 0.04404621115145272
leaf_weight=9.8222129344940168 18.621624961495403 3.6378136128187197 232.80973797291517 5.2310160398483267 7.0197013020515424 3.6060087122023097 3.5103065669536573 7.2322437763214102 20.141447521746159 4.0075649321079254 7.5677271634340286 4.5555195957422256 216.68257626891136 3.6652866899967185
leaf_count=48 91 25 2029 51 36 25 21 30 163 18 38 30 1215 20
internal_value=0.000447045 0.032987 -0.0405214 0.0391178 0.040742 0.0442874 0.0454849 0.047166 -0.0206273 0.0113569 0.00449814 -0.00348368 0.0489295 0.00151039
internal_weight=548.111 305.479 242.632 274.132 268.901 246.614 243.008 234.942 31.347 11.0273 11.2055 8.06583 223.915 22.2869
internal_count=3840 1763 2077 1537 1486 1375 1350 1299 226 54 63 51 1245 111
is_linear=0
shrinkage=0.05


Tree=76
num_leaves=15
num_cat=0
split_feature=10 11 11 16 12 5 1 10 4 5 15 18 5 12
split_gain=425.94 15.6751 10.5092 9.74574 8.79351 6.05155 4.00881 9.26108 5.19205 2.97866 2.64483 1.50319 0.896825 1.30483
threshold=1.5000000000000002 0.11400737744892402 -1.0000000180025095e-35 2.5000000000000004 8.5772155017046448 0.67330598288245536 16.500000000000004 2.5000000000000004 -0.089730317991187955 1.0330727794945516 0.98229949874686728 1.4947916666666667 1.0174740476838822 2.3358467037005357
decision_type=2 2 2 2 2 2 2 2 2 2 2 2 2 2
left_child=-1 2 -2 4 5 -4 12 10 -9 -10 -8 -3 -7 -14
right_child=1 11 3 -5 -6 6 7 8 9 -11 -12 -13 13 -15
leaf_value=-0.043762188480210261 -0.032913001277294004 0.058196179573109165 -0.022261958068529566 -0.019401848002556437 -0.014705160813820759 0.05954274823349829 0.035451975662375804 0.046481088272814788 -0.054386401751994246 0.0074311464712593636 0.072702416718190055 0.038307071822458912 0.028316312006394114 0.056971338051174214
leaf_weight=272.55608574673533 5.9504449553787699 136.92768797278404 3.2972359210252753 7.4928458258509627 6.8422815874218932 36.256610918790102 9.7139021605253273 3.6085963025689125 4.2413709536194784 3.6049233973026276 9.3534283116459829 10.208206146955488 6.6268171072006252 9.9194176718592626
leaf_count=3034 47 386 14 32 37 102 31 11 28 16 26 29 18 29
internal_value=-0.000348175 0.0462294 0.0316589 0.0354648 0.0398633 0.0441737 0.0468026 0.0323778 -0.00315609 -0.0259848 0.0537251 0.0568163 0.0551407 0.0454949
internal_weight=526.6 254.044 106.908 100.957 93.4646 86.6223 83.3251 30.5222 11.4549 7.84629 19.0673 147.136 52.8028 16.5462
internal_count=3840 806 391 344 312 275 261 112 55 44 57 415 149 47
is_linear=0
shrinkage=0.05


Tree=77
num_leaves=15
num_cat=0
split_feature=12 12 13 12 4 0 19 2 5 3 1 4 10 1
split_gain=426.317 8.84568 7.86099 6.97247 4.71704 4.07549 5.43267 2.88544 2.13394 1.9713 5.76352 2.56402 1.86077 2.77029
threshold=6.8788467189344802 14.229223217848045 3.5000000000000004 3.9551032950817571 0.012203652828652987 10.500000000000002 1.0000000180025095e-35 1.4477586136961855 1.9632013168378839 1.6857651912978247 8.5000000000000018 0.25431354359925701 2.5000000000000004 6.5000000000000009
decision_type=2 2 2 2 2 2 2 2 2 2 2 2 2 2
left_child=2 4 3 7 -2 6 -5 12 9 10 -6 -11 13 -1
right_child=1 -3 -4 5 8 -7 -8 -9 -10 11 -12 -13 -14 -15
leaf_value=0.034808491636505817 -0.00054942467031201029 0.057474826485986265 -0.043200282352782095 0.050825973558823491 0.059790338093964016 -0.028412399093041513 -0.019723735497455059 -0.042595118255202846 0.065900045533230311 0.070950262376196324 -0.00276926721228178 0.030709820822568692 -0.044203364237882632 -0.026591988472996559
leaf_weight=3.4106926023960096 8.555665120482443 172.98193073272705 244.46426849812269 6.602676175534727 6.1225120723247555 6.3568470329046241 4.650834247469902 28.445261746644974 6.8040754050016394 6.6790746450424221 9.2346942350268346 9.7184674143791181 3.1405617520213127 3.9816273488104343
leaf_count=27 37 675 2472 35 22 45 23 326 25 24 35 37 24 33
internal_value=-0.000646017 0.0522436 -0.039313 -0.0225199 0.0330369 0.0035912 0.0216693 -0.034317 0.0404892 0.0350445 0.0221716 0.0471006 -0.0119608 0.00173716
internal_weight=521.149 220.096 301.053 56.5885 47.1145 17.6104 11.2535 38.9781 38.5588 31.7547 15.3572 16.3975 10.5329 7.39232
internal_count=3840 855 2985 513 180 103 58 410 143 118 57 61 84 60
is_linear=0
shrinkage=0.05


Tree=78
num_leaves=15
num_cat=0
split_feature=5 0 0 0 12 7 16 11 15 11 17 4 17 7
split_gain=128.063 34.2979 31.7707 46.6531 31.7069 32.4832 31.0745 31.2296 17.4221 15.5208 9.13536 8.38578 7.60617 7.38727
threshold=0.77302163456585893 6.5000000000000009 6.5000000000000009 12.500000000000002 9.1781814677969695 0.55640906269397905 5.5000000000000009 0.095345011758259116 0.24795081967213117 0.066732811526830318 0.11437908496732027 -0.085918257389162853 0.18898809523809526 0.28317610062893089
decision_type=2 2 2 2 2 2 2 2 2 2 2 2 2 2
left_child=1 -1 -2 4 5 -4 7 10 -3 12 -7 -12 13 -10
right_child=2 8 3 -5 -6 6 -8 -9 9 -11 11 -13 -14 -15
leaf_value=-0.04377323281553324 -0.043997482799194298 -0.036696264634945026 -0.020660862052716417 -0.043999876405722782 -0.04150813043406696 0.046999039796959775 -0.04395953012613607 -0.043847304439646628 0.022694062543008698 -0.023268336957017893 0.054910121801198933 -0.019856665921678382 0.0010440846254008958 0.056655321224161594
leaf_weight=12.419415220618246 78.044643979519606 6.6652980223298064 58.160146255046129 69.589957010000944 34.35683723166585 92.327516585588455 14.968213364481924 12.082015261054037 18.45627124607563 7.7143592685461035 5.7953581064939526 10.627728596329687 7.6791450232267371 120.92650527507067
leaf_count=135 828 53 607 762 377 300 117 93 97 50 26 55 41 299
internal_value=0.000810383 0.0362949 -0.0155996 -0.00816004 0.00276374 0.0106057 0.0239964 0.0324145 0.0424544 0.0458629 0.0408871 0.00652694 0.0494893 0.0521584
internal_weight=549.813 173.861 375.952 297.908 228.318 193.961 135.801 120.833 161.442 154.776 108.751 16.4231 147.062 139.383
internal_count=3840 675 3165 2337 1575 1198 591 474 540 487 381 81 437 396
is_linear=0
shrinkage=0.05


Tree=79
num_leaves=15
num_cat=0
split_feature=16 16 1 11 18 8 13 5 6 14 2 6 16 12
split_gain=421.137 14.7542 5.20742 5.88707 7.05145 5.79857 2.89166 2.63441 2.9787 2.56612 2.01369 1.60509 2.65413 1.33253
threshold=1.0000000180025095e-35 4.5000000000000009 5.5000000000000009 0.11400737744892402 1.3217647058823532 1.0000000180025095e-35 6.5000000000000009 0.63943244029381485 2.5000000000000004 4.5000000000000009 1.5764429793205097 2.5000000000000004 5.5000000000000009 6.0205549612063907
decision_type=2 2 2 2 2 2 2 2 2 2 2 2 2 2
left_child=-1 2 -2 4 7 -6 -7 -4 10 -10 -9 13 -13 -3
right_child=1 11 3 -5 5 6 -8 8 9 -11 -12 12 -14 -15
leaf_value=-0.043326004542036251 -0.0095002658623225683 0.058169437505711054 -0.0035799402349439517 -0.020610556914107226 -0.043047319481988373 -0.0078230850981101125 0.050560472726909028 0.02962069483153525 0.046533679716416476 0.00296140090584312 0.057147308840931492 0.015803273359334017 0.051816035277644848 0.035750155551548167
leaf_weight=274.18311990424991 7.8693232610821715 128.83596467971802 2.8069956600666037 4.7866781055927268 4.4436520636081687 3.5551831945776922 5.2566822655498981 8.1029261499643308 6.9784002974629384 6.5513230264186859 36.899803042411804 6.4179198145866421 25.225126147270203 6.9873344898223868
leaf_count=3018 29 373 7 26 30 26 22 24 33 37 102 19 74 20
internal_value=-0.000322499 0.0459674 0.0292958 0.0331417 0.036591 0.00352159 0.0270054 0.0437373 0.0460065 0.0254352 0.052191 0.0546534 0.0445118 0.0570161
internal_weight=528.9 254.717 87.251 79.3816 74.595 13.2555 8.81187 61.3394 58.5325 13.5297 45.0027 167.466 31.643 135.823
internal_count=3840 822 336 307 281 78 48 203 196 70 126 486 93 393
is_linear=0
shrinkage=0.05


Tree=80
num_leaves=15
num_cat=0
split_feature=6 19 6 2 7 11 8 17 13 5 3 18 5 7
split_gain=268.252 35.932 21.966 13.6933 18.2496 6.61875 4.96195 4.88083 8.26124 4.78586 4.38441 4.17074 4.19252 4.14399
threshold=2.5000000000000004 1.5000000000000002 1.0000000180025095e-35 1.7286413835443344 0.39685742235265348 0.057614456276032323 1.5000000000000002 0.033908045977011504 20.500000000000004 1.4076726491858078 1.7636206896551727 0.70722996515679459 0.89248468303490369 0.30025252525252527
decision_type=2 2 2 2 2 2 2 2 2 2 2 2 2 2
left_child=2 3 -1 4 9 7 -6 10 -9 -2 11 12 -5 -3
right_child=1 13 -4 5 6 -7 -8 8 -10 -11 -12 -13 -14 -15
leaf_value=0.033190709640702143 0.042839905945724191 0.0044169020029115281 -0.043479152840611913 -0.0093873462066314667 0.015797992105184781 0.011175867824442503 -0.022960317748126319 0.044285360997367774 -0.032854898506770411 -0.0068525468567299623 0.0096183784462058886 0.055780865681859665 0.061263737957117793 -0.033949096455691538
leaf_weight=9.7574464082717878 56.197061263024807 11.09578498452902 219.42140046134591 5.063429191708563 14.013432815670965 12.749491803348063 20.105355188250542 13.195111908018591 4.7095038890838614 5.3024613857269278 5.9354841262102118 128.20694351196289 3.5875487327575684 19.246974054723978
leaf_count=48 323 63 2029 20 76 68 115 74 19 32 31 757 22 163
internal_value=0.000497622 0.0316605 -0.0402149 0.0374772 0.0222855 0.0458522 -0.00704132 0.0486033 0.0239949 0.0385554 0.0516889 0.0535135 0.0199116 -0.0199194
internal_weight=528.587 299.409 229.179 269.066 95.6183 173.448 34.1188 160.698 17.9046 61.4995 142.793 136.858 8.65098 30.3428
internal_count=3840 1763 2077 1537 546 991 191 923 93 355 830 799 42 226
is_linear=0
shrinkage=0.05


Tree=81
num_leaves=15
num_cat=0
split_feature=10 11 1 18 5 10 11 10 1 4 7 2 4 2
split_gain=391.381 14.493 13.6764 5.73688 4.54611 4.06808 2.51142 3.30132 5.86305 4.96422 3.29815 1.99154 1.95888 1.35656
threshold=1.5000000000000002 0.061666945635392163 12.500000000000002 1.8765243902439026 1.0174740476838822 3.5000000000000004 0.15061696831342566 2.5000000000000004 12.500000000000002 -0.010148135148135133 0.75980434039644573 1.6532660775605388 -0.026745350500715151 2.1635358369001843
decision_type=2 2 2 2 2 2 2 2 2 2 2 2 2 2
left_child=-1 2 4 6 11 12 7 -3 -9 10 -10 -2 -4 -13
right_child=1 3 5 -5 -6 -7 -8 8 9 -11 -12 13 -14 -15
leaf_value=-0.043536423723759689 0.058456201606994808 0.059763383205031273 0.02934690454148757 0.0062304330115977189 0.0059084237068705008 -0.045665954796326458 0.057703259379622444 0.058149942145576151 0.018601298878640714 -0.014357808066852235 0.058555029367229366 0.019350804522708199 -0.019771752207910075 0.04841734274429519
leaf_weight=257.35003809258342 16.143623411655426 27.344671860337257 4.2785426005721092 6.8628214523196212 9.028910852968691 7.1388760209083548 107.78025522828102 20.864267393946648 12.63272019475699 6.7108504325151435 8.7382092326879484 8.1945141181349772 3.8619913794100267 7.8686472475528708
leaf_count=3034 45 76 18 28 37 64 314 59 40 26 24 27 24 24
internal_value=-0.000365521 0.0445328 0.0222912 0.0511161 0.0372636 -0.0181159 0.0527896 0.0458478 0.0380736 0.0231573 0.0349377 0.0460538 0.00604428 0.0335892
internal_weight=504.799 247.449 56.5151 190.934 41.2357 15.2794 184.071 76.2907 48.946 28.0818 21.3709 32.2068 8.14053 16.0632
internal_count=3840 806 239 567 133 106 539 225 149 90 64 96 42 51
is_linear=0
shrinkage=0.05


Tree=82
num_leaves=15
num_cat=0
split_feature=12 12 13 12 5 4 2 5 11 12 11 5 2 4
split_gain=388.698 8.52492 7.98777 6.74898 4.33981 5.62551 4.27599 4.16294 2.20207 2.15204 1.9896 1.93645 1.28144 1.27227
threshold=6.8788467189344802 14.229223217848045 3.5000000000000004 6.0205549612063907 1.6944647804652007 0.039704833244158945 1.4034088006451964 1.0358523043217163 0.0040012715752230652 4.0566842265680352 -0.017028396426988276 1.4076726491858078 0.91998078552296647 0.071428571428571272
decision_type=2 2 2 2 2 2 2 2 2 2 2 2 2 2
left_child=2 4 3 6 5 -2 7 -1 10 -8 -7 -10 -4 -11
right_child=1 -3 12 -5 -6 8 9 -9 11 13 -12 -13 -14 -15
leaf_value=-0.023395228551442302 -0.0155595482781275 0.055623027584613231 -0.0080189648457330009 0.053151045890358142 0.055379749899036906 0.024565810924622233 -0.041110274741807659 0.03381011913500169 0.037388215869025777 -0.029769160359415899 0.062064736873843555 -0.004661530741545036 -0.043337034470820518 0.007176459694107633
leaf_weight=8.3431715592741948 7.7560776695609084 166.74108476936817 2.5975127406418315 2.8552410379052153 13.454357370734213 6.2095510959625217 28.873648077249527 5.1393295601010314 5.4315011501312238 5.3401136770844442 8.2194718569517171 5.5208581984043121 228.25762164965272 4.1341833733022213
leaf_count=66 35 675 23 12 50 23 341 29 22 33 30 20 2449 32
internal_value=-0.000721086 0.0503396 -0.0388694 -0.0216871 0.0314312 0.0217077 -0.0258098 -0.0015894 0.0330959 -0.0343253 0.045927 0.0161918 -0.0429396 -0.0136477
internal_weight=498.874 213.333 285.541 54.6857 46.5918 33.1375 51.8304 13.4825 25.3814 38.3479 14.429 10.9524 230.855 9.4743
internal_count=3840 855 2985 513 180 130 501 95 95 406 53 42 2472 65
is_linear=0
shrinkage=0.05


Tree=83
num_leaves=15
num_cat=0
split_feature=5 0 0 0 12 7 16 11 15 11 17 17 4 10
split_gain=115.425 31.1414 30.396 44.2299 29.3802 29.1692 28.0966 27.9361 15.7956 13.8684 8.49953 7.89265 12.2826 8.79833
threshold=0.77302163456585893 6.5000000000000009 6.5000000000000009 12.500000000000002 9.1781814677969695 0.55640906269397905 5.5000000000000009 0.095345011758259116 0.24795081967213117 0.066732811526830318 0.29520697167755999 0.072751322751322761 -0.085918257389162853 1.5000000000000002
decision_type=2 2 2 2 2 2 2 2 2 2 2 2 2 2
left_child=1 -1 -2 4 5 -4 7 11 -3 10 -10 13 -13 -7
right_child=2 8 3 -5 -6 6 -8 -9 9 -11 -12 12 -14 -15
leaf_value=-0.043540160288396121 -0.043737903843883034 -0.03602299725504178 -0.019724799980876843 -0.043756291514497031 -0.041112383252767046 0.051747320345841633 -0.043670540295096837 -0.043568548272854772 0.050232357923276842 -0.022317669843269064 -0.0095938979229168719 0.062274503970446128 -0.023173220617739586 0.0089780196189347874
leaf_weight=11.734241735190151 73.592247031629086 6.4008803553879252 56.323321510106325 65.731327250599861 32.34122809022665 75.684812791645527 14.057625725865362 11.346008099615572 136.89212021231651 7.4537741839885703 6.2059223949909201 6.7043074071407345 11.284298710525034 14.296101108193396
leaf_count=135 828 53 607 762 377 232 117 93 401 50 36 28 58 63
internal_value=0.000879413 0.0350296 -0.0150622 -0.00772888 0.00293656 0.0104464 0.0231877 0.0310649 0.0409037 0.0441743 0.0476378 0.0389077 0.00867293 0.0449522
internal_weight=530.048 168.687 361.361 287.769 222.038 189.696 133.373 119.316 156.953 150.552 143.098 107.97 17.9886 89.9809
internal_count=3840 675 3165 2337 1575 1198 591 474 540 487 437 381 86 295
is_linear=0
shrinkage=0.05


Tree=84
num_leaves=15
num_cat=0
split_feature=16 16 2 11 18 13 11 11 4 12 12 7 5 11
split_gain=385.655 13.7483 4.91251 4.92896 4.67799 3.64179 3.43544 3.36532 3.13377 2.9783 3.37095 2.10616 1.7879 1.63717
threshold=1.0000000180025095e-35 4.5000000000000009 1.2251105459000553 0.10961072239829177 0.56306818181818186 18.500000000000004 -1.0000000180025095e-35 -0.020405747626242251 0.077120181405895896 2.3358467037005357 2.7383579444985586 0.37573529411764711 0.94253974272674812 0.047880829527813397
decision_type=2 2 2 2 2 2 2 2 2 2 2 2 2 2
left_child=-1 2 -2 4 -4 7 -7 -6 9 -9 -11 -12 -13 -3
right_child=1 13 3 -5 5 6 -8 8 -10 10 11 12 -14 -15
leaf_value=-0.043071857546742531 -0.026930126946153734 0.054122152493130397 0.055378546693231182 -0.014404334897174201 0.053777132233066641 0.022538596409334147 0.06988133905776743 0.046460648373485978 -0.020108694442990842 -0.033385185895910025 -0.013391054612951659 0.0075456466956390009 0.042557247057733109 0.034878022207124174
leaf_weight=258.87938369065523 3.8868165686726561 150.30903056263924 19.076324291527271 5.6670766174793235 6.0379685908555976 7.2278378307819375 8.1558043956756556 7.8333849273622063 5.8334890305995932 3.6405770555138615 3.9326090179383781 6.3231121972203246 8.6135731562972051 11.929048597812651
leaf_count=3018 21 452 57 30 27 23 24 33 37 16 24 18 26 34
internal_value=-0.000364489 0.0441327 0.0279998 0.0305927 0.0339185 0.026811 0.0476379 0.0192213 0.0134539 0.0199063 0.0106655 0.0191645 0.0277359 0.0527072
internal_weight=507.346 248.467 86.2286 82.3418 76.6747 57.5984 15.3836 42.2147 36.1767 30.3433 22.5099 18.8693 14.9367 162.238
internal_count=3840 822 336 315 285 228 47 181 154 117 84 68 44 486
is_linear=0
shrinkage=0.05


Tree=85
num_leaves=15
num_cat=0
split_feature=6 19 6 2 7 11 3 17 13 14 7 3 7 18
split_gain=246.989 32.21 20.5481 12.5741 16.2833 6.01997 4.64491 4.41974 7.4842 4.30401 4.23415 4.09629 3.9247 3.89821
threshold=2.5000000000000004 1.5000000000000002 1.0000000180025095e-35 1.7286413835443344 0.59113459879206232 0.057614456276032323 0.83460404864015825 0.033908045977011504 20.500000000000004 1.5000000000000002 0.2490458015267176 1.7636206896551727 0.30025252525252527 0.70722996515679459
decision_type=2 2 2 2 2 2 2 2 2 2 2 2 2 2
left_child=2 3 -1 4 6 7 10 11 -9 -6 -2 13 -3 -5
right_child=1 12 -4 5 9 -7 -8 8 -10 -11 -12 -13 -14 -15
leaf_value=0.031296720698783954 0.028970075764397269 0.0044567205736020235 -0.043265437706257889 0.018842143434564928 0.024115304707892856 0.011000281716995675 0.04273514784100612 0.042658222227268831 -0.031159538396985403 -0.024104553368444227 -0.020385678473767686 0.0090072737809862007 -0.033288362829299721 0.053845308234429845
leaf_weight=9.6722323149442655 14.783821895718576 11.009980246424677 206.78700237348676 8.4950109720230085 6.0651988014578846 12.676780246198176 47.451096199452877 13.117878645658495 4.6512005180120459 19.524812266230583 6.1543675512075415 5.8895775675773612 18.390492562204599 124.91864369064569
leaf_count=48 85 63 2029 42 36 68 283 74 19 111 31 31 163 757
internal_value=0.000574273 0.0304872 -0.0399337 0.0360211 0.0213482 0.0441446 0.0340793 0.0468195 0.0233358 -0.0126758 0.0144629 0.049815 -0.0191535 0.0516165
internal_weight=509.588 293.129 216.459 263.728 93.9793 169.749 68.3893 157.072 17.7691 25.59 20.9382 139.303 29.4005 133.414
internal_count=3840 1763 2077 1537 546 991 399 923 93 147 116 830 226 799
is_linear=0
shrinkage=0.05


Tree=86
num_leaves=15
num_cat=0
split_feature=10 11 11 16 12 5 1 10 12 4 7 18 5 11
split_gain=359.305 13.8649 9.0861 8.09119 7.77092 5.6616 4.21605 7.78309 4.28008 3.25846 1.66336 1.50919 0.911218 1.2781
threshold=1.5000000000000002 0.11400737744892402 -0.0080263752823453421 2.5000000000000004 10.368066362065692 0.67330598288245536 16.500000000000004 3.5000000000000004 2.2513166882914786 -0.084977462471103091 0.76685606060606071 1.4947916666666667 1.0174740476838822 0.057614456276032323
decision_type=2 2 2 2 2 2 2 2 2 2 2 2 2 2
left_child=-1 2 -2 4 5 -4 12 8 -8 -9 -10 -3 -7 -14
right_child=1 11 3 -5 -6 6 7 9 10 -11 -12 -13 13 -15
leaf_value=-0.043325077841290048 -0.047074924063380312 0.054736870214822445 -0.023976100605239022 -0.018527045191623136 -0.019155309445767994 0.055537901006604676 -0.0059699677899865298 0.029619273848684343 0.035030033398204617 -0.035098842713394092 0.065293126636662688 0.034400602266488112 0.024452769689547127 0.053076585998366156
leaf_weight=242.78839744627476 3.7774660773575297 127.59247820079327 3.3469304516911498 7.3584274239838114 5.9813986346125594 35.725310761481524 3.6898481883108678 2.9753283336758614 7.6760230511426952 5.6159776225686056 11.115289911627768 9.8256346285343152 6.6654526367783573 9.3992478251457197
leaf_count=3034 34 386 15 33 35 104 13 11 29 37 32 29 22 26
internal_value=-0.000405713 0.042878 0.0290402 0.0319285 0.0359557 0.0397794 0.0423546 0.027794 0.0432636 -0.0126858 0.052931 0.0532828 0.0510905 0.0412002
internal_weight=483.533 240.745 103.327 99.5492 92.1908 86.2094 82.8625 31.0725 22.4812 8.59131 18.7913 137.418 51.79 16.0647
internal_count=3840 806 391 357 324 289 274 122 74 48 61 415 152 48
is_linear=0
shrinkage=0.05


Tree=87
num_leaves=15
num_cat=0
split_feature=12 12 13 12 5 4 0 19 2 11 11 10 1 5
split_gain=355.042 8.28384 8.08104 6.37913 3.98248 4.96986 3.79262 4.78494 2.90532 2.03139 1.89618 1.78366 2.65451 1.76625
threshold=6.8788467189344802 14.229223217848045 3.5000000000000004 3.9551032950817571 1.6944647804652007 0.039704833244158945 10.500000000000002 1.0000000180025095e-35 1.4477586136961855 0.0040012715752230652 -0.017028396426988276 2.5000000000000004 6.5000000000000009 1.4076726491858078
decision_type=2 2 2 2 2 2 2 2 2 2 2 2 2 2
left_child=2 4 3 8 5 -2 7 -5 11 10 -7 12 -1 -11
right_child=1 -3 -4 6 -6 9 -8 -9 -10 13 -12 -13 -14 -15
leaf_value=0.035222778709943475 -0.014823331926966651 0.053996695868380698 -0.042694519770961906 0.048143950545371496 0.053063843334834861 0.022790979575157206 -0.027690326564405027 -0.018587322888555812 -0.041968591903907677 0.035329533855787493 0.059637998130578788 -0.043771938886865244 -0.025591050835301821 -0.0049479249428446212
leaf_weight=3.3874000981450063 7.6147754788398734 160.29251331090927 217.91852157190442 6.6861739866435546 13.235257819294928 6.1453591287136051 6.0975924842059603 4.490466296672821 25.528860922902822 5.4013953134417516 8.0851792991161382 2.8415047042071819 3.8156700730323792 5.4868004024028778
leaf_count=27 35 675 2472 35 50 23 45 23 326 22 30 24 33 20
internal_value=-0.000792058 0.0486307 -0.0384408 -0.0209003 0.0299195 0.0205614 0.00402847 0.0213332 -0.0330056 0.0312883 0.0437259 -0.0102256 0.00300797 0.0150328
internal_weight=477.027 206.261 270.766 52.8477 45.9688 32.7335 17.2742 11.1766 35.5734 25.1187 14.2305 10.0446 7.20307 10.8882
internal_count=3840 855 2985 513 180 130 103 58 410 95 53 84 60 42
is_linear=0
shrinkage=0.05


Tree=88
num_leaves=15
num_cat=0
split_feature=5 0 0 0 12 11 16 6 15 2 11 3 10 1
split_gain=104.219 29.004 41.8233 28.2332 27.1398 26.7771 30.9289 36.253 14.2922 13.3157 12.3622 10.8068 9.91879 11.1909
threshold=0.77302163456585893 6.5000000000000009 12.500000000000002 6.5000000000000009 9.1781814677969695 0.095345011758259116 1.5000000000000002 2.5000000000000004 0.24795081967213117 1.7187187333386496 0.066732811526830318 1.1736231884057975 1.5000000000000002 9.5000000000000018
decision_type=2 2 2 2 2 2 2 2 2 2 2 2 2 2
left_child=3 -2 4 -1 5 6 7 12 -5 11 -10 -9 -3 -14
right_child=1 2 -4 8 -6 -7 -8 9 10 -11 -12 -13 13 -15
leaf_value=-0.04331424755656596 -0.043500770847179626 0.059892140123664867 -0.043529946886911003 -0.035333566849152127 -0.040720894117448184 -0.043605500423788718 -0.023239804050471533 0.043829700722285918 0.045862205073250922 -0.023536654607478339 -0.021331748610735845 -0.047096269416747522 -0.034911231612137911 0.056302154664416196
leaf_weight=11.058050923049448 69.358562484383583 60.659636683762074 62.039015542715788 6.1360760591924182 30.408427726477385 20.524619601666927 37.073370657861233 17.887218318879608 139.19567152112722 31.554095890372992 7.1990739330649367 3.9983195215463629 6.4745151698589307 6.9965150132775307
leaf_count=135 828 167 762 53 377 173 277 119 437 356 50 48 33 25
internal_value=0.000932051 -0.0145792 -0.00735351 0.0338316 0.00305741 0.0102467 0.01696 0.0286425 0.0394244 -0.00275062 0.0425579 0.0272182 0.0512733 0.0124627
internal_weight=510.563 346.974 277.616 163.589 215.577 185.168 164.644 127.57 152.531 53.4396 146.395 21.8855 74.1307 13.471
internal_count=3840 3165 2337 675 1575 1198 1025 748 540 523 487 167 225 58
is_linear=0
shrinkage=0.05


Tree=89
num_leaves=15
num_cat=0
split_feature=16 16 1 11 18 8 5 6 4 14 2 7 3 3
split_gain=353.537 13.0286 4.4931 4.5355 5.93039 5.425 2.42362 2.624 2.40467 2.29501 1.97492 1.87067 1.84457 1.62808
threshold=1.0000000180025095e-35 4.5000000000000009 5.5000000000000009 0.10961072239829177 1.3217647058823532 1.0000000180025095e-35 0.63943244029381485 2.5000000000000004 -0.005760646195294007 4.5000000000000009 1.5764429793205097 0.90933268858800786 0.73744220260613724 1.342871595425027
decision_type=2 2 2 2 2 2 2 2 2 2 2 2 2 2
left_child=-1 2 -2 4 6 -6 -4 10 -7 -9 -8 12 -12 -3
right_child=1 13 3 -5 5 8 7 9 -10 -11 11 -13 -14 -15
leaf_value=-0.042832645597269577 -0.0094527704929635928 0.05209017190093055 -0.0049859770206705425 -0.013341525608537722 -0.043070401166907295 0.049135972546461043 0.02627357851092893 0.043429579267917039 -0.0038406113548995948 0.0021718125328575094 0.05890074143492862 0.067860273376060307 0.028863368389952744 0.027682924112043178
leaf_weight=244.30284290388227 7.8118401095271102 149.70169098675251 2.7982940673828116 5.5198137909173957 4.2713007032871237 4.852660320699214 7.9328762888908377 6.9711714461445791 3.8347581773996344 6.526101291179657 10.476485937833788 14.215568155050276 9.9798043966293317 7.1592464298009864
leaf_count=3018 29 464 7 30 30 15 24 33 33 37 30 40 28 22
internal_value=-0.000399924 0.0424274 0.0266867 0.0303352 0.0336902 0.0030671 0.0404276 0.0426928 0.0257513 0.0234809 0.0487791 0.0539283 0.0442467 0.0509762
internal_weight=486.354 242.052 85.1907 77.3788 71.859 12.9587 58.9003 56.102 8.68742 13.4973 42.6047 34.6719 20.4563 156.861
internal_count=3840 822 336 307 277 78 199 192 48 70 122 98 58 486
is_linear=0
shrinkage=0.05


Tree=90
num_leaves=15
num_cat=0
split_feature=6 19 6 2 7 11 16 16 8 12 13 7 4 4
split_gain=226.796 29.0054 19.4412 14.0632 10.6966 6.73709 5.87209 5.6477 5.36229 5.20506 5.1705 4.28517 3.52716 3.28795
threshold=2.5000000000000004 1.0000000180025095e-35 1.0000000180025095e-35 1.157981609470111 0.26931366047745364 0.11400737744892402 3.5000000000000004 1.0000000180025095e-35 1.5000000000000002 8.5772155017046448 17.500000000000004 0.39685742235265348 -0.14513380848456728 -0.011037477053492421
decision_type=2 2 2 2 2 2 2 2 2 2 2 2 2 2
left_child=2 3 -1 11 5 6 -3 -5 9 12 13 -2 -6 -9
right_child=1 4 -4 7 8 -7 -8 10 -10 -11 -12 -13 -14 -15
leaf_value=0.029858818848376895 0.017321175995339343 0.041617550282954614 -0.043060727630567584 0.045923890177060361 -0.016738110008163953 -0.032794730224142449 -0.022077573864368507 0.0082818506280744383 -0.028600089490797405 -0.044914968583702704 -0.023522181868744999 -0.033614484520019541 0.033947191390734342 0.056814309259152554
leaf_weight=9.5910354852676374 9.5678986608982104 26.146573990583423 194.63295909762383 171.05650523304939 4.9021863415837332 4.4937785118818274 4.1996214985847464 6.6698500439524659 24.126453425735235 3.9946897849440566 5.5063529014587393 7.2641392275691024 11.448382824659348 7.3195208832621583
leaf_count=48 54 146 2029 1036 26 29 26 36 172 45 25 55 68 45
internal_value=0.000629943 0.029313 -0.0396362 0.0391481 0.00359611 0.0243418 0.0328028 0.0430179 -0.0126564 0.00625039 0.0175203 -0.00466094 0.0187509 0.033675
internal_weight=490.92 286.696 204.224 207.384 79.3117 34.84 30.3462 190.552 44.4717 20.3453 19.4957 16.832 16.3506 13.9894
internal_count=3840 1763 2077 1251 512 201 172 1142 311 139 106 109 94 81
is_linear=0
shrinkage=0.05


Tree=91
num_leaves=15
num_cat=0
split_feature=10 11 11 16 12 5 1 10 4 5 15 18 2 5
split_gain=330.138 13.0272 8.28433 7.15028 6.84358 5.22919 3.6557 7.78863 3.89897 3.1882 2.54279 1.52499 0.86655 0.861239
threshold=1.5000000000000002 0.11400737744892402 -0.0080263752823453421 2.5000000000000004 8.5772155017046448 0.67330598288245536 16.500000000000004 2.5000000000000004 -0.089730317991187955 1.0561267437827933 0.98229949874686728 1.4947916666666667 1.8466483833701959 1.0174740476838822
decision_type=2 2 2 2 2 2 2 2 2 2 2 2 2 2
left_child=-1 2 -2 4 5 -4 13 10 -9 -10 -8 -3 -6 -7
right_child=1 11 3 -5 12 6 7 8 9 -11 -12 -13 -14 -15
leaf_value=-0.043125144281553604 -0.046701267466265087 0.053217503446012261 -0.023477225500885872 -0.017352456258903869 -0.031222041935951558 0.053431965528407337 0.028713602821533086 0.036930141687369092 -0.053120779131094698 0.012021306960473755 0.065957132421932296 0.03256184200033551 0.0045413632465072622 0.0393378415444645
leaf_weight=228.89626513421535 3.5914988070726386 122.6198506206274 3.2847816571593276 7.1943449378013602 3.4908860176801673 34.908524908125401 9.2717079371213966 3.6617614924907702 4.4672988504171336 3.2409666106104851 9.0626178905367833 9.6380570083856565 3.2901567295193672 15.719945847988127
leaf_count=3034 34 386 15 33 24 104 32 12 31 16 26 29 16 48
internal_value=-0.000456576 0.0413811 0.0278772 0.0306217 0.0344397 0.0383574 0.0408858 0.0269608 -0.00555112 -0.0257316 0.047123 0.0517123 -0.0138697 0.0490558
internal_weight=462.339 233.442 101.184 97.593 90.3986 83.6176 80.3328 29.7044 11.37 7.70827 18.3343 132.258 6.78104 50.6285
internal_count=3840 806 391 357 324 284 269 117 59 47 58 415 40 152
is_linear=0
shrinkage=0.05


Tree=92
num_leaves=15
num_cat=0
split_feature=12 13 13 2 5 12 15 2 12 8 15 4 6 13
split_gain=324.898 20.1008 5.92176 4.29248 5.18327 3.94563 3.2253 5.22115 2.56984 2.5215 2.38638 1.63417 2.31161 1.62527
threshold=6.3974541429475025 5.5000000000000009 3.5000000000000004 1.4034088006451964 1.2908825156187083 16.536497957816312 0.90661337209302328 1.5524822972179015 4.0566842265680352 1.5000000000000002 1.3933982683982686 0.11425111833424532 2.5000000000000004 1.5000000000000002
decision_type=2 2 2 2 2 2 2 2 2 2 2 2 2 2
left_child=2 5 3 4 9 6 11 -8 -5 -1 -9 -2 -13 -10
right_child=1 -3 -4 8 -6 -7 7 10 13 -11 -12 12 -14 -15
leaf_value=0.010772353921283534 0.068598139377580719 -0.045084932284416478 -0.042446771287241225 -0.040407838059398626 0.062661873758459455 0.053339738205759428 0.048485265654060312 -0.015201703614192 0.018946813820695227 -0.03746031346237181 0.024696804984786803 0.053861244930379387 0.014417623967942017 -0.024628467673370947
leaf_weight=5.1456692516803724 8.3034635037183779 5.8475394137203685 203.45368665084243 26.024634890258312 2.7101502045989028 142.87545847892761 13.503834486007692 7.1739169359207136 3.1970998123288137 5.723773367702961 7.8471286594867706 11.977855250239374 5.3842183649539939 6.4708914011716843
leaf_count=34 31 46 2449 341 14 630 54 25 20 49 28 47 24 48
internal_value=-0.000847927 0.0462717 -0.0386803 -0.0231277 0.000798236 0.0489826 0.0374947 0.025924 -0.0322305 -0.0146266 0.00564163 0.0503544 0.0416292 -0.0102186
internal_weight=455.639 202.913 252.726 49.2722 13.5796 197.066 54.1904 28.5249 35.6926 10.8694 15.021 25.6655 17.3621 9.66799
internal_count=3840 885 2955 506 97 839 209 107 409 83 53 102 71 68
is_linear=0
shrinkage=0.05


Tree=93
num_leaves=15
num_cat=0
split_feature=5 0 0 12 11 16 6 0 2 3 7 15 18 1
split_gain=94.1281 31.0578 42.9531 26.8031 28.5186 30.1679 35.1574 21.1097 10.9776 10.0526 8.07471 7.92608 6.88779 6.40244
threshold=0.746534376498588 6.5000000000000009 12.500000000000002 5.9104600014976336 0.075618717266973903 1.5000000000000002 2.5000000000000004 6.5000000000000009 1.7187187333386496 1.1736231884057975 0.19810191518467854 0.24795081967213117 0.68118686868686884 7.5000000000000009
decision_type=2 2 2 2 2 2 2 2 2 2 2 2 2 2
left_child=7 -2 3 4 5 6 13 -1 9 -8 -9 -12 -10 -3
right_child=1 2 -4 -5 -6 -7 8 10 12 -11 11 -13 -14 -15
leaf_value=-0.043032133381365148 -0.043283457653620828 0.032732820822946505 -0.043339076564389678 -0.034949666073975094 -0.037952074496356611 -0.021030431237360737 0.042669331570494344 0.0043722701406297615 0.058963730111202629 -0.047085906076122105 -0.028145826588868279 0.046878420804029305 -0.025654630861074997 0.06397838185461005
leaf_weight=8.0531175322830659 67.696496769785881 24.669403105974197 59.507493462413549 36.170114450156689 24.743168506771326 35.586755428463221 18.275778163224462 13.957154050469397 2.622576359659436 3.7616958171129218 3.6316981576383105 114.90133808553219 28.969519175589085 48.879368290305138
leaf_count=105 858 89 774 425 207 273 118 83 18 47 28 347 341 127
internal_value=0.000990538 -0.0128587 -0.00558553 0.00445844 0.0120602 0.019663 0.0310497 0.0355667 0.000263417 0.0273485 0.0403441 0.0445798 -0.0186301 0.0534981
internal_weight=491.426 350.882 283.186 223.678 187.508 162.765 127.178 140.543 53.6296 22.0375 132.49 118.533 31.5921 73.5488
internal_count=3840 3277 2419 1645 1220 1013 740 563 524 165 458 375 359 216
is_linear=0
shrinkage=0.05


Tree=94
num_leaves=15
num_cat=0
split_feature=16 16 11 18 8 5 1 6 0 1 18 18 4 4
split_gain=324.291 12.5024 4.81749 4.79645 5.94746 3.77125 4.05348 3.44464 3.96632 1.82329 1.81212 4.50428 1.80942 1.66205
threshold=1.0000000180025095e-35 5.5000000000000009 0.10961072239829177 1.3763297872340428 1.5000000000000002 0.63943244029381485 5.5000000000000009 2.5000000000000004 9.5000000000000018 20.500000000000004 0.56306818181818186 0.64664542728635699 -0.033648869246695572 -0.1497964647706482
decision_type=2 2 2 2 2 2 2 2 2 2 2 2 2 2
left_child=-1 2 3 5 -5 -2 13 10 12 -10 -8 -12 -9 -7
right_child=1 -3 -4 4 -6 6 7 8 9 -11 11 -13 -14 -15
leaf_value=-0.042600474147740514 -0.017462913877294373 0.051687362219783844 -0.01594265459599873 -0.022112229751218418 0.042119002335509408 0.031997342173514069 0.058893633232032755 0.017466125137296448 0.018835282597563147 0.06287814856481215 0.0028448481687758324 0.049013115856568278 -0.030146655869194679 -0.0063209656355637037
leaf_weight=230.35572716221213 3.2529815137386313 124.90347748994827 5.7549947500228873 8.636657886207102 6.184760905802249 4.8997072875499725 21.886378556489944 4.5516804084181786 4.0984818786382657 5.5077360197901726 6.4610572457313529 28.973863825201988 3.5530155561864394 6.699033245444296
leaf_count=3018 8 403 31 53 28 15 67 20 24 18 18 87 24 26
internal_value=-0.000426406 0.0408503 0.0285962 0.0310442 0.00469052 0.0353898 0.0373744 0.0416268 0.0223535 0.0440873 0.0475818 0.040595 -0.00340683 0.00986601
internal_weight=465.72 235.364 110.46 104.705 14.8214 89.8839 86.631 75.0322 17.7109 9.60622 57.3213 35.4349 8.1047 11.5987
internal_count=3840 822 419 388 81 307 299 258 86 42 172 105 44 41
is_linear=0
shrinkage=0.05


Tree=95
num_leaves=15
num_cat=0
split_feature=6 19 6 7 8 11 14 4 4 3 16 11 5 7
split_gain=207.924 26.0486 18.3097 10.9253 11.5274 8.17469 7.80134 5.50018 4.46103 4.20452 6.4211 3.71143 4.39112 3.63614
threshold=2.5000000000000004 1.5000000000000002 1.0000000180025095e-35 0.66599462365591411 1.5000000000000002 0.15061696831342566 2.5000000000000004 -0.18189548546691406 0.3097290640394092 0.79748196448390696 3.5000000000000004 0.05898955546105223 0.79227219333804089 0.7891030392883619
decision_type=2 2 2 2 2 2 2 2 2 2 2 2 2 2
left_child=2 3 -1 5 -5 7 -6 -2 9 10 11 12 -9 -3
right_child=1 13 -4 4 6 -7 -8 8 -10 -11 -12 -13 -14 -15
leaf_value=0.028350517234315788 -0.0073490009263534745 -0.0035698077652627255 -0.042868348634181125 0.032356508570286088 0.025284373808720235 -0.036003733662154917 -0.040969026397304084 0.011018019632860771 -0.013050283942660732 0.046117771149290443 -0.036859003434075117 -0.0097742365462502676 0.049762975218426229 -0.040819893201083597
leaf_weight=9.4928086251020414 6.0695603266358367 17.043180964887146 182.9934722147882 27.469961784780025 6.8222707659006145 3.6472156010568133 12.741175584495066 10.046055689454077 3.7469622120261183 147.08893845230341 3.4559653848409644 4.3170071467757216 26.878456741571426 10.641992688179014
leaf_count=48 27 114 2029 156 42 28 76 47 23 924 22 20 172 112
internal_value=0.000647352 0.0281508 -0.0393561 0.0332031 0.0114671 0.0381839 -0.0178648 0.0395261 0.0409811 0.0420367 0.028607 0.0340929 0.0392216 -0.0178885
internal_weight=472.455 279.969 192.486 252.284 47.0334 205.25 19.5634 201.603 195.533 191.786 44.6975 41.2415 36.9245 27.6852
internal_count=3840 1763 2077 1537 274 1263 118 1235 1208 1185 261 239 219 226
is_linear=0
shrinkage=0.05


Tree=96
num_leaves=15
num_cat=0
split_feature=10 11 11 16 12 5 1 10 4 5 15 18 12 7
split_gain=304.001 12.1834 7.57743 6.40921 6.03887 4.76419 3.40627 7.1605 3.52769 3.00512 2.41201 1.52248 0.888695 1.29776
threshold=1.5000000000000002 0.11400737744892402 -0.0080263752823453421 2.5000000000000004 8.5772155017046448 0.67330598288245536 16.500000000000004 2.5000000000000004 -0.089730317991187955 1.0561267437827933 0.83457711442786076 1.4947916666666667 4.083372073571149 0.93765547263681603
decision_type=2 2 2 2 2 2 2 2 2 2 2 2 2 2
left_child=-1 2 -2 4 5 -4 12 10 -9 -10 -8 -3 13 -7
right_child=1 11 3 -5 -6 6 7 8 9 -11 -12 -13 -14 -15
leaf_value=-0.042936817470524136 -0.046325333785600054 0.051841794926104093 -0.022862063327768384 -0.01635089565479118 -0.012784995210647515 0.040853237478215843 0.017354782875010195 0.034767101405020477 -0.052591584897255877 0.011234809144199115 0.05725701371265305 0.030975337660101489 0.030796598782558506 0.05834606917515596
leaf_weight=215.69296084158123 3.4118471108376971 117.60779696702957 3.2069064229726783 7.0567407943308345 6.6163411289453498 20.244149260222912 5.4158838242292466 3.6313705891370791 4.3021422028541529 3.2278192825615406 12.594318702816961 9.4435650408267957 7.0069691836833945 22.262279033660889
leaf_count=3034 34 386 15 33 40 66 20 12 31 16 38 29 21 65
internal_value=-0.000475158 0.0400449 0.0268928 0.0295069 0.0331631 0.0368754 0.0393101 0.0257568 -0.00571082 -0.0252315 0.0452579 0.0502908 0.0472952 0.0500149
internal_weight=441.721 226.028 98.9768 95.5649 88.5082 81.8918 78.6849 29.1715 11.1613 7.52996 18.0102 127.051 49.5134 42.5064
internal_count=3840 806 391 357 324 284 269 117 59 47 58 415 152 131
is_linear=0
shrinkage=0.05


Tree=97
num_leaves=15
num_cat=0
split_feature=12 13 13 2 5 12 15 2 12 8 15 5 5 4
split_gain=297.262 18.3415 6.02675 4.13059 4.66491 4.05752 3.0511 4.90081 2.57884 2.37347 2.16455 1.63261 1.56558 1.57407
threshold=6.3974541429475025 5.5000000000000009 3.5000000000000004 1.4034088006451964 1.2908825156187083 16.536497957816312 0.90661337209302328 1.5524822972179015 4.0566842265680352 1.5000000000000002 1.3933982683982686 1.2023200062650459 1.2689484061319853 0.17869943676395286
decision_type=2 2 2 2 2 2 2 2 2 2 2 2 2 2
left_child=2 5 3 4 9 6 12 -8 -5 -1 -9 -10 -2 -14
right_child=1 -3 -4 8 -6 -7 7 10 11 -11 -12 -13 13 -15
leaf_value=0.010556166697935529 0.061306737151158135 -0.044781531011465515 -0.042215498334714913 -0.040045459117766441 0.059034657313337006 0.052047072528275555 0.046656186132595923 -0.015035305645633636 0.0070066576161151584 -0.036782654942805568 0.023085323516952149 -0.035730659236841454 0.054572865310127262 0.019675320979701288
leaf_weight=5.1341660656034929 12.176776558160784 5.544005434960126 191.75737867504358 24.712065760046244 2.7679889574646941 136.53857186436653 13.197116255760195 7.1459901332855207 5.8399827256798726 5.4676093347370625 7.7758291363716125 3.619704894721508 6.1827048361301404 6.7689706534147263
leaf_count=34 48 46 2449 341 14 630 54 25 43 49 28 25 24 30
internal_value=-0.000905599 0.0448629 -0.0382645 -0.0223285 0.00123347 0.0474816 0.0357745 0.0244601 -0.0315472 -0.0138577 0.00482953 -0.00934658 0.0484355 0.0363343
internal_weight=434.629 195.33 239.299 47.5415 13.3698 189.786 53.2474 28.1189 34.1718 10.6018 14.9218 9.45969 25.1285 12.9517
internal_count=3840 885 2955 506 97 839 209 107 409 83 53 68 102 54
is_linear=0
shrinkage=0.05


Tree=98
num_leaves=15
num_cat=0
split_feature=5 0 0 12 11 16 6 0 2 3 15 10 1 16
split_gain=84.7805 30.6462 46.9016 23.6094 24 25.1299 25.2426 18.288 11.0548 8.81934 7.92195 6.56589 8.5163 5.80031
threshold=0.74027719285293514 7.5000000000000009 12.500000000000002 9.1781814677969695 0.095345011758259116 4.5000000000000009 2.5000000000000004 6.5000000000000009 1.7187187333386496 1.1736231884057975 0.24795081967213117 1.5000000000000002 9.5000000000000018 1.0000000180025095e-35
decision_type=2 2 2 2 2 2 2 2 2 2 2 2 2 2
left_child=7 -2 3 4 5 6 11 -1 9 -8 -9 13 -13 -3
right_child=1 2 -4 -5 -6 -7 8 10 -10 -11 -12 12 -14 -15
leaf_value=-0.042859450788340935 -0.037082558477689771 0.057144475063766235 -0.043174537251835648 -0.039457502785962495 -0.043128471655024654 -0.034760669212912439 0.041689864270878146 -0.029722005689547012 -0.019318606168400303 -0.046474918496201098 0.041955981223268372 -0.026904230845446811 0.051372356282068571 0.020199802749955097
leaf_weight=7.0978857241570941 90.119597584009171 59.849618822336197 56.562186874449253 22.633512493222952 16.164166159927845 17.956647410988808 17.984258964657787 3.9824101328849784 29.899432614445686 3.3676791489124289 120.28657464683056 6.8008901029825193 7.1048657819628716 12.916882611811159
leaf_count=98 1114 171 778 315 155 165 109 35 341 45 402 35 25 52
internal_value=0.00106725 -0.0120683 -0.00309577 0.00854881 0.0148643 0.020878 0.0281217 0.0352004 0.000305033 0.0277843 0.0396589 0.0445704 0.0130896 0.0505864
internal_weight=472.727 341.36 251.24 194.678 172.044 155.88 137.924 131.367 51.2514 21.3519 124.269 86.6723 13.9058 72.7665
internal_count=3840 3305 2191 1413 1098 943 778 535 495 154 437 283 60 223
is_linear=0
shrinkage=0.05


Tree=99
num_leaves=15
num_cat=0
split_feature=16 16 11 18 4 15 0 0 7 11 16 17 0 11
split_gain=297.335 12.0653 4.14755 4.46103 3.78504 4.43236 2.8012 4.65088 4.14079 3.51107 3.09721 2.93471 2.01197 1.37922
threshold=1.0000000180025095e-35 5.5000000000000009 0.10961072239829177 0.56306818181818186 0.086113160123487395 1.9045454545454548 10.500000000000002 8.5000000000000018 0.930500894454383 -0.0012086454641352382 3.5000000000000004 0.39009661835748799 5.5000000000000009 0.048816746714801247
decision_type=2 2 2 2 2 2 2 2 2 2 2 2 2 2
left_child=-1 2 3 -2 6 -6 7 8 10 -9 12 -8 -5 -3
right_child=1 13 -4 4 5 -7 11 9 -10 -11 -12 -13 -14 -15
leaf_value=-0.042377287784520941 0.046876483211042326 0.05167015085288388 -0.014711136576681128 0.018927355695316686 -0.029433266669117938 0.04518252913674814 0.054286501204079185 0.021716751305654564 0.053833672935788883 -0.027067158702823137 0.043370299644335197 0.01675658466953792 -0.025813057619440877 0.029898282696720846
leaf_weight=217.03874009288847 27.253148250281811 112.26650048792362 5.5847822204232207 5.4403623342514091 6.4756215177476388 2.8734226748347282 15.286068294197323 7.332273818552494 12.166575580835341 7.4214746430516225 6.1024554073810569 7.9014877676963797 4.6696549355983734 7.7781084179878226
leaf_count=3018 88 379 31 24 43 16 60 22 35 25 23 27 25 24
internal_value=-0.000464275 0.0393374 0.027254 0.0295311 0.023284 -0.00650015 0.0274826 0.0199483 0.0317865 -0.00282268 0.0152413 0.0414977 -0.00173752 0.0502595
internal_weight=445.591 228.552 108.507 102.923 75.6694 9.34904 66.3204 43.1328 28.379 14.7537 16.2125 23.1876 10.11 120.045
internal_count=3840 822 419 388 300 59 241 154 107 47 72 87 49 403
is_linear=0
shrinkage=0.05


Tree=100
num_leaves=15
num_cat=0
split_feature=6 19 6 2 7 4 11 8 16 18 7 12 7 15
split_gain=191.094 23.617 17.3393 11.9392 8.96991 5.61737 5.44399 4.66448 4.64383 3.92139 4.97168 3.69053 3.64908 3.13568
threshold=2.5000000000000004 1.0000000180025095e-35 1.0000000180025095e-35 1.157981609470111 0.26931366047745364 -0.17570970695970695 0.11400737744892402 1.5000000000000002 3.5000000000000004 0.62701612903225812 0.41763565891472876 6.8788467189344802 0.39685742235265348 1.5303308823529413
decision_type=2 2 2 2 2 2 2 2 2 2 2 2 2 2
left_child=2 3 -1 12 6 -5 8 11 -3 10 -7 -6 -2 -11
right_child=1 4 -4 5 7 9 -8 -9 -10 13 -12 -13 -14 -15
leaf_value=0.027059682364167177 0.015395419651205767 0.038046833399549382 -0.042691384157005324 -0.01012674334863921 0.016618390299537329 0.038819034657034332 -0.03110864462290816 -0.027563292116056723 -0.020157076389039463 0.045662569442425638 -0.037994498060779203 -0.037984514992712326 -0.032683075213656244 0.024295667171448598
leaf_weight=9.3964575678110105 9.3327555283904093 25.422130413353447 172.04198944196105 5.4422519654035559 15.674971897155048 5.4392177015542966 4.1296790391206732 22.484937429428101 3.9609303101897231 147.44679653644562 3.4380245730280876 3.8557489439845076 6.8383635058999053 19.433875195682049
leaf_count=48 54 146 2029 24 92 35 29 172 26 953 17 47 55 113
internal_value=0.000689575 0.0271299 -0.0390791 0.0362289 0.00335234 0.0399026 0.0226458 -0.0120366 0.0302008 0.0414518 0.00907029 0.0058387 -0.00493578 0.0431743
internal_weight=454.338 272.9 181.438 197.371 75.5284 181.2 33.5127 42.0157 29.3831 175.758 8.87724 19.5307 16.1711 166.881
internal_count=3840 1763 2077 1251 512 1142 201 311 172 1118 52 139 109 1066
is_linear=0
shrinkage=0.05


Tree=101
num_leaves=15
num_cat=0
split_feature=10 11 11 5 4 16 5 10 8 11 1 6 5 7
split_gain=279.937 11.5602 7.37579 4.99345 7.83877 5.25821 4.40835 3.78585 2.24471 5.15086 4.39715 1.2613 1.14082 1.10662
threshold=1.5000000000000002 0.14116070146414791 -1.0000000180025095e-35 1.1798472407031921 -0.019827394827394772 3.5000000000000004 0.66659847376831338 3.5000000000000004 1.0000000180025095e-35 0.075618717266973903 9.5000000000000018 3.5000000000000004 0.93265049799537381 0.80416666666666681
decision_type=2 2 2 2 2 2 2 2 2 2 2 2 2 2
left_child=-1 2 -2 5 -5 6 -4 -6 9 10 -8 12 13 -10
right_child=1 -3 3 4 7 -7 8 -9 11 -11 -12 -13 -14 -15
leaf_value=-0.042763531986923647 -0.031767137104977534 0.051251730073096469 -0.021253815524151863 0.042365682878607147 0.0022025162280414701 -0.010411160490223864 0.030157807712835816 -0.060480907962873948 0.022862319028501523 0.049298510575868731 -0.024275148249283396 0.029561314640401789 0.055606140472547097 0.051897012937970832
leaf_weight=203.16458662599325 4.9188581667840472 100.35691067576408 2.9871552288532248 8.5040132403373736 6.0192759931087476 5.868829980492591 9.8857025951147062 4.0158387422561646 6.2832253128290159 17.123713001608849 5.9390448108315459 8.7310360111296159 30.937887690961361 6.8698723316192627
leaf_count=3034 47 345 14 28 25 25 34 25 21 57 33 34 96 22
internal_value=-0.000517112 0.0387748 0.028171 0.0307762 0.00704749 0.0354251 0.0384559 -0.0228821 0.0405355 0.0302938 0.00972906 0.0469238 0.050362 0.0380272
internal_weight=421.606 218.441 118.084 113.166 18.5391 94.6265 88.7576 10.0351 85.7705 32.9485 15.8247 52.822 44.091 13.1531
internal_count=3840 806 461 414 78 336 311 50 297 124 67 173 139 43
is_linear=0
shrinkage=0.05


Tree=102
num_leaves=15
num_cat=0
split_feature=12 13 13 12 2 5 15 2 12 8 15 2 5 5
split_gain=272.312 16.7454 6.12732 4.12758 3.97152 4.21191 2.85666 4.53592 2.56695 2.23651 1.95648 1.56682 1.53498 1.48707
threshold=6.3974541429475025 5.5000000000000009 3.5000000000000004 16.536497957816312 1.4034088006451964 1.2908825156187083 0.90661337209302328 1.5524822972179015 4.0566842265680352 1.5000000000000002 1.3933982683982686 0.91998078552296647 1.2023200062650459 1.2689484061319853
decision_type=2 2 2 2 2 2 2 2 2 2 2 2 2 2
left_child=2 3 4 6 5 9 13 -8 -6 -1 -9 -4 -10 -2
right_child=1 -3 11 -5 8 -7 7 10 12 -11 -12 -13 -14 -15
leaf_value=0.010419397632204733 0.059377175095454371 -0.044485375823015365 0.00055915197452825521 0.050874171013990221 -0.039677919374506689 0.055964447475784253 0.044920640797579049 -0.014587246978847584 0.007104903598103101 -0.036098455979687645 0.021805004649079709 -0.042507421513144336 -0.034878808245709089 0.034766432713264399
leaf_weight=5.1152966693043691 11.862280979752542 5.2473384030163279 2.1371984593570224 130.19937433302402 23.435644891113043 2.809312403202056 12.876059249043466 7.102354630827902 5.8115361742675287 5.2212829925119877 7.6939026862382889 178.58491035550833 3.4812765792012215 12.719249621033667
leaf_count=34 48 46 23 630 341 14 54 25 43 49 28 2426 25 54
internal_value=-0.000961845 0.0435772 -0.0378557 0.0461099 -0.0215364 0.00167654 0.0342389 0.0232204 -0.0308603 -0.013078 0.00433635 -0.0419981 -0.00862305 0.0466428
internal_weight=414.297 187.701 226.596 182.453 45.8743 13.1459 52.2538 27.6723 32.7285 10.3366 14.7963 180.722 9.29281 24.5815
internal_count=3840 885 2955 839 506 97 209 107 409 83 53 2449 68 102
is_linear=0
shrinkage=0.05


Tree=103
num_leaves=15
num_cat=0
split_feature=5 0 0 12 11 16 6 0 2 16 3 15 13 7
split_gain=76.2982 28.3353 38.2649 22.9923 24.1439 24.959 24.1099 17.4366 10.6101 9.66853 8.80138 8.68783 6.19363 5.90512
threshold=0.746534376498588 6.5000000000000009 12.500000000000002 5.9104600014976336 0.075618717266973903 5.5000000000000009 2.5000000000000004 6.5000000000000009 1.7187187333386496 1.0000000180025095e-35 1.1736231884057975 0.24795081967213117 4.5000000000000009 0.19810191518467854
decision_type=2 2 2 2 2 2 2 2 2 2 2 2 2 2
left_child=7 -2 3 4 5 6 9 -1 10 -3 12 -9 -8 -13
right_child=1 2 -4 -5 -6 -7 8 11 -10 -11 -12 13 -14 -15
leaf_value=-0.042674572983462999 -0.042898755996325116 0.050883377491821549 -0.042950722931802257 -0.033849571242098073 -0.036930879809461019 -0.042981540237367111 0.073609615200984288 -0.031250755132626207 -0.01877635937232169 0.0096635699816694943 -0.046174501347804604 0.0079144084647567638 0.015894266788485569 0.043863456922549754
leaf_weight=7.1687757074832907 60.246457997709513 66.646442770957947 52.733667973428965 32.664832957088947 22.224035546183586 14.787505377084015 7.751049153506762 4.4301893748342982 32.390324376523495 18.086989760398865 3.5965844169259062 12.780836023390291 11.612584318965672 107.55299826711416
leaf_count=105 858 206 774 425 207 148 32 40 391 91 49 71 96 347
internal_value=0.00112127 -0.0119744 -0.00487676 0.00469502 0.0118045 0.018798 0.0253196 0.0331565 -0.000345391 0.0420847 0.0256555 0.0375136 0.0389971 0.0400453
internal_weight=454.673 322.74 262.494 209.76 177.096 154.871 140.084 131.933 55.3505 84.7334 22.9602 124.764 19.3636 120.334
internal_count=3840 3277 2419 1645 1220 1013 865 563 568 297 177 458 128 418
is_linear=0
shrinkage=0.05


Tree=104
num_leaves=15
num_cat=0
split_feature=16 16 0 11 7 16 13 18 3 7 17 6 11 3
split_gain=273.241 11.5237 3.63125 4.53519 4.37819 4.01633 3.86323 3.59181 3.30012 2.9893 2.52516 2.00305 1.94957 1.78045
threshold=1.0000000180025095e-35 5.5000000000000009 11.500000000000002 -0.011851296941730869 0.37268518518518523 2.5000000000000004 18.500000000000004 1.1645833333333335 0.8610413396127683 1.0424679487179491 0.20344827586206901 2.5000000000000004 0.017352156323273919 0.87981481481481494
decision_type=2 2 2 2 2 2 2 2 2 2 2 2 2 2
left_child=-1 2 3 4 -2 6 13 10 12 -10 -4 -12 -7 -5
right_child=1 -3 7 5 -6 8 -8 -9 9 -11 11 -13 -14 -15
leaf_value=-0.042168350235022856 -0.0066505754004023343 0.048949377599160231 0.076402904813492628 0.0062655547572575401 0.05135077462816439 0.055407085084308444 0.029356927609614305 0.0061373644255102626 -0.015515387193005437 0.026474322633000757 0.049654052003874377 0.013594317478364837 0.019085706966755468 -0.02971373484257489
leaf_weight=204.46894347667694 4.0429623462259796 115.07973258197308 6.1923383697867456 5.182136598974469 16.663212303072214 9.0143963620066625 6.1183208897709838 6.1814617551863185 7.3644061014056232 9.9861862584948522 13.952354200184347 5.3193798810243598 6.2601924091577521 10.218962326645849
leaf_count=3018 24 403 21 26 57 31 21 36 29 35 51 22 22 44
internal_value=-0.000484933 0.0379803 0.026127 0.0201238 0.0400258 0.0125128 -0.00425474 0.0403265 0.0235725 0.00865192 0.048626 0.0397009 0.040521 -0.0176075
internal_weight=426.045 221.576 106.496 74.8508 20.7062 54.1446 21.5194 31.6455 32.6252 17.3506 25.4641 19.2717 15.2746 15.4011
internal_count=3840 822 419 289 81 208 91 130 117 64 94 73 53 70
is_linear=0
shrinkage=0.05


Tree=105
num_leaves=15
num_cat=0
split_feature=6 19 6 12 4 11 7 8 0 7 11 17 17 13
split_gain=175.429 21.2066 16.4831 9.5105 9.74185 5.57744 5.10551 7.59777 7.30436 3.35773 4.10614 4.51568 3.31724 7.0244
threshold=2.5000000000000004 1.5000000000000002 1.0000000180025095e-35 16.536497957816312 -0.13987263194429531 0.15061696831342566 0.66599462365591411 1.5000000000000002 12.500000000000002 0.7891030392883619 0.084569459610752337 0.46770833333333339 0.033908045977011504 19.500000000000004
decision_type=2 2 2 2 2 2 2 2 2 2 2 2 2 2
left_child=2 3 -1 4 -2 6 12 -8 -9 10 11 -3 -6 -14
right_child=1 9 -4 -5 5 -7 7 8 -10 -11 -12 -13 13 -15
leaf_value=0.025959273751777714 -0.00094376579053896117 0.028871799467654453 -0.042527107949276235 -0.043519415853066068 0.042155615378408673 -0.033500133320190792 0.036969095632281304 -0.035147455002682952 0.045489684686327511 -0.04019000134663072 -0.043975506010695949 -0.043945404873882959 0.040303372995327907 -0.021778396100190636
leaf_weight=9.2905045449733716 20.373413272202015 9.2834566198289448 161.65676322206855 4.2322764694690695 155.89560513198376 2.9118528440594664 21.786654099822044 9.3472431823611242 4.0144981369376174 9.6023488380014879 4.4625328853726378 2.7626997455954543 14.762318767607214 6.5905693024396887
leaf_count=48 111 52 2029 51 1033 25 127 45 24 112 38 24 91 30
internal_value=0.000715637 0.0261115 -0.0388051 0.0307688 0.0321028 0.0352298 0.0361721 0.0187639 -0.0109202 -0.0166802 -0.00300569 0.0121717 0.0396241 0.0211418
internal_weight=436.973 266.025 170.947 239.914 235.682 215.309 212.397 35.1484 13.3617 26.111 16.5087 12.0462 177.248 21.3529
internal_count=3840 1763 2077 1537 1486 1375 1350 196 69 226 114 76 1154 121
is_linear=0
shrinkage=0.05


Tree=106
num_leaves=15
num_cat=0
split_feature=10 11 11 5 4 16 5 10 8 11 1 6 5 10
split_gain=258.362 11.0778 6.70386 4.72797 7.25636 4.70084 4.37025 3.58231 2.10028 4.83984 4.13136 1.3488 1.14437 1.12348
threshold=1.5000000000000002 0.14116070146414791 -0.0041455337260741789 1.1798472407031921 -0.019827394827394772 3.5000000000000004 0.66659847376831338 3.5000000000000004 1.0000000180025095e-35 0.075618717266973903 9.5000000000000018 3.5000000000000004 0.93265049799537381 2.5000000000000004
decision_type=2 2 2 2 2 2 2 2 2 2 2 2 2 2
left_child=-1 2 -2 5 -5 6 -4 -6 9 10 -8 12 13 -10
right_child=1 -3 3 4 7 -7 8 -9 11 -11 -12 -13 -14 -15
leaf_value=-0.042602889656040775 -0.037231712287594879 0.050180242783374719 -0.021778045549151637 0.040613133197691484 0.0018526486537144547 -0.0095690302017747055 0.029106986602182718 -0.059431927053426141 0.051996850864169421 0.047789371741702433 -0.023856657899691991 0.027342870493965485 0.054148383601404199 0.022391609534836973
leaf_weight=191.35546198673546 3.9034575521945944 95.810246273875237 3.0632264390587798 8.3164873421192187 5.9528384581208211 5.807454638183116 9.7176242843270284 3.9779687747359276 6.0653580129146558 16.615586876869202 5.9280373975634566 8.7588195800781232 30.39717260748148 6.7941411286592484
leaf_count=3034 40 345 15 28 25 26 34 27 20 57 34 35 97 23
internal_value=-0.000525076 0.0376156 0.0271747 0.0294316 0.00615811 0.0339908 0.0368872 -0.022696 0.0390195 0.0289969 0.00903941 0.0452358 0.0488588 0.0363553
internal_weight=402.464 211.108 115.298 111.395 18.2473 93.1474 87.34 9.93081 84.2767 32.2612 15.6457 52.0155 43.2567 12.8595
internal_count=3840 806 461 421 80 341 315 52 300 125 68 175 140 43
is_linear=0
shrinkage=0.05


Tree=107
num_leaves=15
num_cat=0
split_feature=12 13 13 12 2 5 15 2 12 8 15 2 5 5
split_gain=249.489 15.2914 6.23688 4.2526 3.81036 3.79208 2.71067 4.24324 2.5696 2.09388 1.78444 1.58301 1.49412 1.44025
threshold=6.3974541429475025 5.5000000000000009 3.5000000000000004 16.536497957816312 1.4034088006451964 1.2908825156187083 0.90661337209302328 1.5524822972179015 4.0566842265680352 1.5000000000000002 1.3933982683982686 0.91998078552296647 1.2023200062650459 1.2689484061319853
decision_type=2 2 2 2 2 2 2 2 2 2 2 2 2 2
left_child=2 3 4 6 5 9 13 -8 -6 -1 -9 -4 -10 -2
right_child=1 -3 11 -5 8 -7 7 10 12 -11 -12 -13 -14 -15
leaf_value=0.010211007130384569 0.057675629905462891 -0.044204875027062267 0.0013266593318194523 0.049824840038053979 -0.039317312780471576 0.053015424708681626 0.043258354828641363 -0.014427901038893316 0.0076754856753480441 -0.035378888942684865 0.020451442496642276 -0.042329329615140278 -0.034270027044857002 0.033161260154475368
leaf_weight=5.1025997437536699 11.541722759604456 4.9605989791452876 2.1024787947535506 123.93259154260159 22.221783600747589 2.8519409745931616 12.544918000698091 7.0700792223215085 5.7554353475570661 4.9733491353690624 7.6182035952806473 168.20657289214432 3.3638550601899624 12.459432289004324
leaf_count=34 48 46 23 630 341 14 54 25 43 49 28 2426 25 54
internal_value=-0.001023 0.0423642 -0.0374444 0.0448157 -0.0207246 0.00211542 0.0326991 0.0219023 -0.0301459 -0.0122915 0.00366257 -0.0417904 -0.00779706 0.0449498
internal_weight=394.706 180.128 214.578 175.167 44.269 12.9279 51.2344 27.2332 31.3411 10.0759 14.6883 170.309 9.11929 24.0012
internal_count=3840 885 2955 839 506 97 209 107 409 83 53 2449 68 102
is_linear=0
shrinkage=0.05


Tree=108
num_leaves=15
num_cat=0
split_feature=5 0 0 12 11 16 6 0 2 16 3 11 6 2
split_gain=68.8698 27.6554 36.9953 21.3394 22.6904 22.8375 22.2986 15.1255 9.69859 8.9449 7.88138 6.29904 5.83944 7.54664
threshold=0.74027719285293514 6.5000000000000009 12.500000000000002 5.9104600014976336 0.075618717266973903 5.5000000000000009 2.5000000000000004 6.5000000000000009 1.7187187333386496 1.0000000180025095e-35 1.1736231884057975 0.066732811526830318 3.5000000000000004 2.1945720512213733
decision_type=2 2 2 2 2 2 2 2 2 2 2 2 2 2
left_child=7 -2 3 4 5 6 9 -1 10 -3 -8 12 -9 -14
right_child=1 2 -4 -5 -6 -7 8 11 -10 -11 -12 -13 13 -15
leaf_value=-0.042525516055734874 -0.042719377936957736 0.04902724215942128 -0.042813721072677106 -0.033155778382377786 -0.036435943573973235 -0.042762477245851853 0.036155340649799771 0.044557883283377016 -0.018135803788799205 0.0093992481077722831 -0.045869320257244953 -0.015787858539453494 0.029126017788543138 -0.053217142172793268
leaf_weight=6.3105627931654444 57.136741574853659 67.072471171617508 50.085487576201558 31.014676682651043 21.387222785502672 13.840644862502812 20.092713505029682 93.203787446022034 31.841198895126581 18.078188829123974 3.428224701434373 5.4005494937300673 14.716359395533802 3.4313020110130301
leaf_count=98 865 212 778 425 211 148 132 305 394 91 49 37 68 27
internal_value=0.00116872 -0.0112575 -0.00425845 0.00508138 0.0118295 0.0185171 0.0245532 0.0328724 -0.000149148 0.0406139 0.0242001 0.0369478 0.0395054 0.0135568
internal_weight=437.04 313.978 256.841 206.755 175.741 154.353 140.513 123.063 55.3621 85.1507 23.5209 116.752 111.351 18.1477
internal_count=3840 3305 2440 1662 1237 1026 878 535 575 303 181 437 400 95
is_linear=0
shrinkage=0.05


Tree=109
num_leaves=15
num_cat=0
split_feature=16 16 0 11 4 9 0 4 13 18 15 17 1 6
split_gain=251.108 11.0075 3.39834 4.23197 3.65892 3.46283 3.78054 4.50304 3.41632 3.27604 3.07334 2.31707 1.86913 1.86352
threshold=1.0000000180025095e-35 5.5000000000000009 11.500000000000002 -0.011851296941730869 0.012203652828652987 1.0000000180025095e-35 7.5000000000000009 -0.098740730692711207 11.500000000000002 1.1645833333333335 1.3879928315412189 0.20344827586206901 21.500000000000004 2.5000000000000004
decision_type=2 2 2 2 2 2 2 2 2 2 2 2 2 2
left_child=-1 2 3 10 5 6 -5 -8 -9 11 -2 -4 -6 -13
right_child=1 -3 9 4 12 -7 7 8 -10 -11 -12 13 -14 -15
leaf_value=-0.041968934129192205 0.025284291782873187 0.047702365590550355 0.073710339668694114 0.044419489435062465 0.0098496428032400704 -0.010603970646148972 -0.022370521443837579 0.004850584691469823 0.056826559068074906 0.0060861255538583597 0.066968798429699453 0.04812857998446142 -0.032173079994364695 0.013089137196497097
leaf_weight=192.57337863184512 13.802524473518135 110.07846008241177 6.1186766773462358 14.849879480898379 4.6307019516825658 8.2799554392695409 6.6734126657247499 7.0038855895400101 5.7627588361501694 6.0936238504946223 6.506171327084302 13.503249987959864 6.1743585877120495 5.2775952666997901
leaf_count=3018 57 403 21 54 23 35 19 25 19 36 24 51 33 22
internal_value=-0.000511582 0.0366637 0.0250554 0.0192125 0.0118211 0.0184165 0.025424 0.0109137 0.0283121 0.0389463 0.0386385 0.0469881 -0.0141635 0.0382822
internal_weight=407.329 214.755 104.677 73.6836 53.375 42.5699 34.2899 19.4401 12.7666 30.9931 20.3087 24.8995 10.8051 18.7808
internal_count=3840 822 419 289 208 152 117 63 44 130 81 94 56 73
is_linear=0
shrinkage=0.05


Tree=110
num_leaves=15
num_cat=0
split_feature=6 19 6 2 7 11 4 8 18 7 16 12 7 15
split_gain=161.183 19.3106 15.691 10.098 7.55668 4.99922 4.86446 4.06407 3.49957 4.52498 3.30462 3.126 3.10669 2.99175
threshold=2.5000000000000004 1.0000000180025095e-35 1.0000000180025095e-35 1.157981609470111 0.26931366047745364 0.025145466350764815 -0.17570970695970695 1.5000000000000002 0.62701612903225812 0.41763565891472876 3.5000000000000004 6.8788467189344802 0.39685742235265348 1.5303308823529413
decision_type=2 2 2 2 2 2 2 2 2 2 2 2 2 2
left_child=2 3 -1 12 5 10 -5 11 9 -8 -3 -6 -2 -10
right_child=1 4 -4 6 7 -7 8 -9 13 -11 -12 -13 -14 -15
leaf_value=0.024941392873102177 0.013755510746312125 0.045253721633300659 -0.042373680278769643 -0.0099475630939303214 0.015222749152711027 -0.0039785219540357511 0.036464342300902342 -0.026495517081205178 0.042847286430062241 -0.038406817381435893 -0.011464377260217557 -0.037227327949873872 -0.031724834907819945 0.021494308311321042
leaf_weight=9.1804717034101468 9.098799914121626 16.904488593339924 151.81095527112484 5.3151193335652342 15.321062531322243 12.221679665148256 5.1957613229751569 21.01939432322979 139.08586572855711 3.2995807975530624 3.0281820073723784 3.4873966686427584 6.3930713161826125 18.59734433889389
leaf_count=48 54 107 2029 24 92 72 35 172 953 17 22 47 55 113
internal_value=0.000751758 0.025175 -0.0385351 0.0336464 0.0031693 0.0211993 0.0371387 -0.0113869 0.0386447 0.00738447 0.0366371 0.00549765 -0.00501298 0.0403289
internal_weight=419.959 258.968 160.991 186.986 71.9822 32.1544 171.494 39.8279 166.179 8.49534 19.9327 18.8085 15.4919 157.683
internal_count=3840 1763 2077 1251 512 201 1142 311 1118 52 129 139 109 1066
is_linear=0
shrinkage=0.05


Tree=111
num_leaves=15
num_cat=0
split_feature=10 11 11 5 4 16 5 0 12 12 10 2 12 2
split_gain=238.19 10.6165 6.10779 4.39484 6.5536 4.16054 3.7704 2.9625 1.97482 4.33033 2.54845 2.3066 2.2713 2.97356
threshold=1.5000000000000002 0.14116070146414791 -1.0000000180025095e-35 1.1798472407031921 -0.019827394827394772 3.5000000000000004 0.66659847376831338 9.5000000000000018 2.0491780783037838 2.2513166882914786 2.5000000000000004 1.3745919176847217 4.5901665393276616 2.0774845920192679
decision_type=2 2 2 2 2 2 2 2 2 2 2 2 2 2
left_child=-1 2 -2 5 -5 6 -4 -6 -8 -10 -11 -12 13 -13
right_child=1 -3 3 4 7 -7 8 -9 9 10 11 12 -14 -15
leaf_value=-0.042450950806663439 -0.03035580357308661 0.049161421720876702 -0.020448841954305106 0.038908318266125577 -0.047300501091228637 -0.0084024669438834219 0.051062322461613407 0.0084853424754551422 -0.0018722810858351183 0.052564791642343713 0.058198494261904821 0.047433646446513898 -0.0050374388526904382 0.010295905166245872
leaf_weight=180.08582183904946 4.5788692496716967 91.180134445428848 2.8718760684132567 8.1235320642590541 5.2681091576814634 5.6650876700878134 20.98233250156045 4.3407907038927078 7.6604102514684191 19.761522427201271 5.9152817800641051 12.164874896407133 5.4745191670954219 9.6781022362411004
leaf_count=3034 47 345 14 28 30 25 73 20 28 68 19 44 22 43
internal_value=-0.00055946 0.036482 0.0262041 0.0286041 0.00584927 0.0330788 0.0358595 -0.0220994 0.0378404 0.0332665 0.0383459 0.0298907 0.023761 0.0309788
internal_weight=383.751 203.665 112.485 107.906 17.7324 90.174 84.5089 9.6089 81.637 60.6547 52.9943 33.2328 27.3175 21.843
internal_count=3840 806 461 414 78 336 311 50 297 224 196 128 109 87
is_linear=0
shrinkage=0.05


Tree=112
num_leaves=15
num_cat=0
split_feature=12 13 13 12 2 5 12 15 2 8 7 2 13 4
split_gain=228.516 13.9753 6.35533 4.34238 3.66311 3.43816 2.57518 2.55062 3.93993 1.97628 1.6531 1.60798 1.48387 1.42268
threshold=6.3974541429475025 5.5000000000000009 3.5000000000000004 16.536497957816312 1.4034088006451964 1.2908825156187083 4.0566842265680352 0.90661337209302328 1.5524822972179015 1.5000000000000002 1.0977379323822554 0.91998078552296647 1.5000000000000002 0.11425111833424532
decision_type=2 2 2 2 2 2 2 2 2 2 2 2 2 2
left_child=2 3 4 7 5 9 -6 13 -9 -1 -10 -4 -8 -2
right_child=1 -3 11 -5 6 -7 12 8 10 -11 -12 -13 -14 -15
leaf_value=0.010207665120354212 0.061030646029783933 -0.043945970918341903 0.0023003584315372232 0.048854338365382721 -0.038954764788687889 0.050634394177630132 0.021125274945840187 0.041692856619522711 0.021976558506166879 -0.034673110476912634 -0.011915360643705819 -0.042159962309063069 -0.021713398367497357 0.034753721543268688
leaf_weight=5.077640835195778 7.6530657708644894 4.6854590885341159 2.0601111017167559 117.68970550596714 21.071872435510162 2.8822143822908393 3.0858830139040929 12.213706508278849 6.4894197434186927 4.7449405379593372 8.0746386945247632 158.34253956377506 5.860410925000906 15.755956903100012
leaf_count=34 31 46 23 630 341 14 20 54 26 49 27 2426 48 71
internal_value=-0.00108232 0.0412259 -0.0370246 0.0436031 -0.0198877 0.00261698 -0.0294125 0.0312887 0.0207496 -0.0114726 0.00318612 -0.0415889 -0.00693687 0.0433444
internal_weight=375.688 172.562 203.126 167.876 42.723 12.7048 30.0182 50.1868 26.7778 9.82258 14.5641 160.403 8.94629 23.409
internal_count=3840 885 2955 839 506 97 409 209 107 83 53 2449 68 102
is_linear=0
shrinkage=0.05


Tree=113
num_leaves=15
num_cat=0
split_feature=5 17 11 0 0 6 12 7 5 16 10 6 2 3
split_gain=62.8229 29.2558 26.283 19.9813 28.4457 18.2023 15.9172 13.8075 12.59 11.8243 12.5702 6.80424 6.68475 6.51203
threshold=0.85078726120979264 0.11437908496732027 0.077088801722129438 7.5000000000000009 12.500000000000002 3.5000000000000004 9.1781814677969695 0.55640906269397905 0.63452798545596301 5.5000000000000009 1.5000000000000002 2.5000000000000004 2.0414607712783139 0.67508314855875839
decision_type=2 2 2 2 2 2 2 2 2 2 2 2 2 2
left_child=1 2 5 -2 6 -1 7 -5 -3 10 11 -9 -13 -7
right_child=3 8 -4 4 -6 13 -8 9 -10 -11 -12 12 -14 -15
leaf_value=0.047206145747893426 -0.039964660699647554 0.048046509776308075 -0.036860724311570996 -0.017031922135849774 -0.04262043608488586 0.052027323966214956 -0.038301246997700128 0.04814391230961481 -0.042347366018699727 -0.042460409879720162 -0.0086417022213618605 0.032175216222690504 -0.039085890519085557 -0.0085473567224200585
leaf_weight=112.04581659659743 61.935226766392589 4.7171842232346561 12.766353458166121 31.745370339602232 42.639719111844897 5.4620807245373753 18.951852165162563 44.446630157530308 21.002513527870178 6.6369274854660025 18.760070018470287 10.247702099382876 4.8477389812469474 23.637928124517202
leaf_count=399 936 19 144 409 708 30 315 150 203 78 126 44 35 244
internal_value=0.00122688 0.023593 0.0318416 -0.0154987 -0.00699889 0.0380556 0.00419938 0.0111023 -0.0257685 0.0216173 0.0270486 0.0382936 0.00929048 0.00282253
internal_weight=419.843 179.632 153.912 240.211 178.276 141.146 135.636 116.684 25.7197 84.9391 78.3021 59.5421 15.0954 29.1
internal_count=3840 1039 817 2801 1865 673 1157 842 222 433 355 229 79 274
is_linear=0
shrinkage=0.05


Tree=114
num_leaves=15
num_cat=0
split_feature=16 16 0 11 16 13 3 18 15 14 11 17 10 7
split_gain=230.662 10.6146 3.20379 3.94149 3.53901 3.50744 3.04101 3.01608 2.90605 2.13621 4.10598 2.10617 1.85792 1.81641
threshold=1.0000000180025095e-35 5.5000000000000009 11.500000000000002 -0.011851296941730869 2.5000000000000004 18.500000000000004 0.61031730390224681 1.1645833333333335 1.3879928315412189 6.5000000000000009 0.0085383198984951576 0.20344827586206901 3.5000000000000004 0.49550219023779735
decision_type=2 2 2 2 2 2 2 2 2 2 2 2 2 2
left_child=-1 2 3 8 5 -5 -6 11 13 10 -8 -4 -3 -2
right_child=1 12 7 4 6 -7 9 -9 -10 -11 -12 -13 -14 -15
leaf_value=-0.041776081988139591 -0.0013887162577295106 0.048119578477902956 0.071060369896798897 -0.017751682366163365 0.061850530419075733 0.027341516315366677 0.024948109190260987 0.0058890904924226353 0.065049982859356092 0.029833389976388472 -0.030096688703881991 0.036996392492218359 0.018363027526721552 0.03719555590082442
leaf_weight=181.23873213306069 4.6122537553310421 99.614789351820946 6.0338244438171449 15.005829356610777 4.0985091328620937 6.0512826442718497 8.102214843034746 6.0099619142711154 6.3666383847594252 13.521272040903566 5.8224336206912986 18.301417998969555 5.5372586548328391 9.0065279155969602
leaf_count=3018 26 386 21 70 14 21 30 36 24 53 20 73 17 31
internal_value=-0.000538106 0.0353797 0.0239657 0.0182622 0.0110805 -0.00479303 0.0216767 0.0376088 0.0371645 0.0156775 0.00193175 0.0454424 0.0465526 0.0241283
internal_weight=389.323 208.084 102.932 72.587 52.6015 21.0571 31.5444 30.3452 19.9854 27.4459 13.9246 24.3352 105.152 13.6188
internal_count=3840 822 419 289 208 91 117 130 81 103 50 94 403 57
is_linear=0
shrinkage=0.05


Tree=115
num_leaves=15
num_cat=0
split_feature=6 19 6 7 8 0 11 5 17 13 4 3 2 7
split_gain=148.374 17.4042 14.7995 8.0917 7.94563 6.53269 5.65916 4.83274 4.33842 5.74779 4.68978 4.6871 3.80582 3.05378
threshold=2.5000000000000004 1.5000000000000002 1.0000000180025095e-35 0.66599462365591411 1.5000000000000002 11.500000000000002 0.15061696831342566 0.55840840345674903 0.033908045977011504 19.500000000000004 -0.06532825387024245 1.7636206896551727 2.0774845920192679 0.7891030392883619
decision_type=2 2 2 2 2 2 2 2 2 2 2 2 2 2
left_child=2 3 -1 6 -5 -6 7 -2 11 10 -10 -9 -13 -3
right_child=1 13 -4 4 5 -7 -8 8 9 -11 -12 12 -14 -15
leaf_value=0.023694307762472964 -0.02469696000507355 -0.0026846607745784814 -0.042233887746527463 0.026893792813904534 -0.03965202839596102 0.023595976081355417 -0.033899440373663041 0.040785289280877171 -0.018147562876118 -0.022699807858429098 0.046559901786936531 0.026391307812303352 -0.038665671305743617 -0.039576119396485768
leaf_weight=9.0528439134359342 3.4041352719068518 15.921431571245195 142.5473249964416 25.728166520595551 11.234779905527832 6.4130569323897353 3.0922301933169356 144.54689870774746 3.6317699626088151 6.9820916205644599 12.228821437805891 7.2377704009413701 3.2608236372470856 8.661041181534527
leaf_count=48 12 114 2029 156 76 42 28 1024 18 34 80 52 15 112
internal_value=0.00079918 0.024287 -0.038297 0.0286009 0.00917024 -0.0166683 0.033172 0.034316 0.0354453 0.0151021 0.0317431 0.0384424 0.00618486 -0.0156825
internal_weight=403.943 252.343 151.6 227.761 43.376 17.6478 184.385 181.292 177.888 22.8427 15.8606 155.045 10.4986 24.5825
internal_count=3840 1763 2077 1537 274 118 1263 1235 1223 132 98 1091 67 226
is_linear=0
shrinkage=0.05


Tree=116
num_leaves=15
num_cat=0
split_feature=10 11 11 5 4 16 5 0 1 10 12 12 5 2
split_gain=219.778 10.3168 5.56746 4.06642 5.95925 3.70756 2.8892 2.79494 2.02843 3.58935 2.24785 1.53945 0.958288 1.08606
threshold=1.5000000000000002 0.14116070146414791 -1.0000000180025095e-35 1.1798472407031921 -0.019827394827394772 3.5000000000000004 0.67330598288245536 9.5000000000000018 23.500000000000004 3.5000000000000004 4.3874685025344169 3.2560922473967784 0.79227219333804089 2.2222734958276082
decision_type=2 2 2 2 2 2 2 2 2 2 2 2 2 2
left_child=-1 2 -2 5 -5 6 -4 -6 10 11 12 -10 -8 -14
right_child=1 -3 3 4 7 -7 8 -9 9 -11 -12 -13 13 -15
leaf_value=-0.042312843473961394 -0.029678629659151076 0.048268621649677004 -0.012660358145534113 0.037347513324424528 -0.046383136040643813 -0.0075443051234734678 0.023690119975102571 0.0082614300076213273 0.019530413145797346 -0.006169166574851441 0.018482901476741639 0.050743476059516415 0.052452138281756537 0.033507727609509541
leaf_weight=169.45943519100547 4.4346561804413787 86.815878942608833 3.1178852021694174 7.9297619462013271 5.1302716881036741 5.5853889882564536 4.4237793013453475 4.3024292513728142 7.1004921272397103 6.935173910111188 8.9159240499138814 8.9039895609021169 33.161403823643923 9.8014493845403177
leaf_count=3034 47 345 15 28 30 25 19 20 26 36 32 31 115 37
internal_value=-0.000585209 0.0353895 0.0252011 0.0275121 0.00539918 0.0318777 0.0345512 -0.0214587 0.0364088 0.0238762 0.041515 0.0368956 0.0458486 0.0481302
internal_weight=366.018 196.558 109.743 105.308 17.3625 87.9455 82.3601 9.4327 79.2422 22.9397 56.3026 16.0045 47.3866 42.9629
internal_count=3840 806 461 414 78 336 311 50 296 93 203 57 171 152
is_linear=0
shrinkage=0.05


Tree=117
num_leaves=15
num_cat=0
split_feature=12 13 13 11 2 12 5 12 16 8 6 2 5 18
split_gain=209.735 12.7486 6.40056 4.47354 3.48133 3.30102 3.0878 2.53605 2.37575 1.83314 1.75058 1.62841 1.47446 1.07587
threshold=6.3974541429475025 5.5000000000000009 3.5000000000000004 0.091371893954874342 1.4034088006451964 18.059722092276125 1.2908825156187083 4.0566842265680352 1.5000000000000002 1.5000000000000002 3.5000000000000004 0.91998078552296647 1.2023200062650459 1.9301948051948055
decision_type=2 2 2 2 2 2 2 2 2 2 2 2 2 2
left_child=2 3 4 5 6 8 9 -6 10 -1 13 -4 -9 -2
right_child=1 -3 11 -5 7 -7 -8 12 -10 -11 -12 -13 -14 -15
leaf_value=0.0097767964886163322 0.03586256101156312 -0.04367955295237267 0.0031423957198610103 -0.010248217430946394 -0.0386010622554111 0.048904803302168003 0.047915907551175453 0.0090493332421027837 0.0075595416432941267 -0.033977628061447045 0.019602200952153089 -0.042003728193655727 -0.033566620631409978 0.053842331229258959
leaf_weight=5.07769041135907 20.154085725545883 4.4110784474760285 2.0245202109217635 3.9243540465831748 19.994108606129888 104.89681260287762 2.9130585119128218 5.607678856700657 7.5475814640521994 4.5289606861770153 10.098467692732809 149.03603267669678 3.1810707822442055 14.169950991868971
leaf_count=34 87 46 23 14 341 596 14 43 26 49 46 2426 25 70
internal_value=-0.00114216 0.0401798 -0.0366296 0.0424804 -0.0191873 0.0437995 0.00282291 -0.0287611 0.0334948 -0.0108508 0.0379013 -0.0413987 -0.00637543 0.0432851
internal_weight=357.565 165.202 192.363 160.791 41.3026 156.867 12.5197 28.7829 51.9701 9.60665 44.4225 151.061 8.78875 34.324
internal_count=3840 885 2955 839 506 825 97 409 229 83 203 2449 68 157
is_linear=0
shrinkage=0.05


Tree=118
num_leaves=15
num_cat=0
split_feature=5 17 11 0 0 6 12 7 5 16 10 6 5 13
split_gain=57.0329 26.4843 23.715 18.9647 26.8553 16.508 14.6972 12.0182 11.8707 10.4918 11.3629 6.10331 5.8928 6.48951
threshold=0.85078726120979264 0.11437908496732027 0.077088801722129438 7.5000000000000009 12.500000000000002 3.5000000000000004 14.229223217848045 0.55640906269397905 0.63452798545596301 5.5000000000000009 1.5000000000000002 2.5000000000000004 0.55840840345674903 3.5000000000000004
decision_type=2 2 2 2 2 2 2 2 2 2 2 2 2 2
left_child=1 2 5 -2 6 -1 7 -5 -3 10 11 -9 -7 -14
right_child=3 8 -4 4 -6 12 -8 9 -10 -11 -12 -13 13 -15
leaf_value=0.04591250040138261 -0.039609890617610048 0.045876461380827939 -0.036336759181651343 -0.016359015764853404 -0.042476800271040331 0.051986378651224789 -0.04205346942736285 0.044747504084726435 -0.041981525324235748 -0.042277049256177562 -0.0089010891938936607 0.0081101466006256381 0.090493571445581927 -0.014342849084127344
leaf_weight=107.41081156954169 58.513466469943523 4.7657492384314564 12.026067096740006 31.049297880381346 40.098941270262003 5.0942386388778713 15.159221410751341 45.06688816100359 19.891510330140591 6.2742068096995345 18.929548691958189 15.20163271576166 1.5822527371346975 22.011007480323315
leaf_count=399 936 19 144 414 708 16 279 170 203 79 132 83 13 245
internal_value=0.00126561 0.0229792 0.030966 -0.0150254 -0.00665119 0.0369131 0.0042583 0.0102834 -0.0250004 0.0199617 0.0248923 0.0355064 0.00321792 -0.00731212
internal_weight=403.075 172.782 148.124 230.293 171.78 136.098 131.681 116.522 24.6573 85.4723 79.1981 60.2685 28.6875 23.5933
internal_count=3840 1039 817 2801 1865 673 1157 878 222 464 385 253 274 258
is_linear=0
shrinkage=0.05


Tree=119
num_leaves=15
num_cat=0
split_feature=16 16 0 3 17 11 5 7 7 5 13 18 16 10
split_gain=212.17 10.1782 3.09368 3.38495 3.68445 3.5542 3.56397 3.37344 2.7817 2.65139 2.34663 2.52918 4.60287 1.84111
threshold=1.0000000180025095e-35 5.5000000000000009 10.500000000000002 0.8610413396127683 0.18898809523809526 -0.011851296941730869 1.0278398907348172 0.26339712918660291 1.0017605633802817 1.0890596290437744 16.500000000000004 0.97361111111111109 3.5000000000000004 3.5000000000000004
decision_type=2 2 2 2 2 2 2 2 2 2 2 2 2 2
left_child=-1 2 3 4 -2 -5 8 -6 -7 -8 11 -4 -13 -3
right_child=1 13 10 5 7 6 9 -9 -10 -11 -12 12 -14 -15
leaf_value=-0.041595898153504798 -0.0032525809713603404 0.047104241779580995 0.041429279625244106 0.029268999027290184 -0.0018391283422909547 -0.044461197759995262 0.048593888263608193 0.048455291066742567 0.00049051509337480069 -0.0039371605055886581 0.059468725218065302 -0.01441514571849665 0.04294559180127662 0.017225362122449035
leaf_weight=170.58710733801126 6.7707372047007111 94.785939574241638 16.48186065256596 10.952752303332089 4.1086065694689777 6.7774895019829291 4.0810984224081022 17.685623578727245 6.9921767562627792 5.8383838199079037 7.4359249621629706 7.4395478181540948 6.6000663749873638 5.4523161947727194
leaf_count=3018 28 386 60 47 19 32 14 66 21 29 26 50 27 17
internal_value=-0.000565511 0.0341871 0.0229985 0.0162227 0.028965 0.00571563 -0.00517434 0.0389739 -0.0216349 0.0176753 0.0342815 0.0281452 0.0125503 0.045479
internal_weight=371.99 201.403 101.164 63.2069 28.565 34.6419 23.6891 21.7942 13.7697 9.91948 37.9574 30.5215 14.0396 100.238
internal_count=3840 822 419 256 113 143 96 85 53 43 163 137 77 403
is_linear=0
shrinkage=0.05


Tree=120
num_leaves=15
num_cat=0
split_feature=6 19 6 2 7 11 4 8 18 7 8 12 15 13
split_gain=136.54 16.0639 13.9682 8.80269 6.3846 4.44154 4.42114 3.44959 3.17141 4.09185 3.14914 2.95716 2.79147 5.03417
threshold=2.5000000000000004 1.0000000180025095e-35 1.0000000180025095e-35 1.157981609470111 0.26931366047745364 0.025145466350764815 -0.17570970695970695 1.5000000000000002 0.62701612903225812 0.41763565891472876 1.5000000000000002 2.3625395702442265 1.5303308823529413 4.5000000000000009
decision_type=2 2 2 2 2 2 2 2 2 2 2 2 2 2
left_child=2 3 -1 -2 5 10 -5 11 9 -8 -3 -6 -10 -14
right_child=1 4 -4 6 7 -7 8 -9 12 -11 -12 -13 13 -15
leaf_value=0.022522882642369988 -0.0054048445344658837 0.055073900575533977 -0.04210285064278399 -0.010584113053171201 0.046710016399248863 -0.004276152386057332 0.034271423917246725 -0.025415086519021871 0.040473117794939145 -0.038463684528700498 0.014405824917701203 -0.0048838203864280351 -0.0093988183124106683 0.04390882655244948
leaf_weight=8.9187282323837263 14.87829143181443 9.5164572075009382 133.75650176219642 5.1984521374106398 3.4200753457844284 11.832335513085125 4.9507217034697515 19.607833553105593 130.92463854700327 3.1728604286909103 9.524308055639267 14.776678454130886 8.2022819668054598 9.6268532201647741
leaf_count=48 109 69 2029 24 23 72 35 172 953 17 60 116 42 71
internal_value=0.00083966 0.0234363 -0.0380631 0.0314021 0.00291168 0.0197815 0.0347809 -0.0108651 0.0362842 0.00586298 0.0347315 0.00481323 0.0379455 0.0193847
internal_weight=388.307 245.632 142.675 176.954 68.6777 30.8731 162.076 37.8046 156.877 8.12358 19.0408 18.1968 148.754 17.8291
internal_count=3840 1763 2077 1251 512 201 1142 311 1118 52 129 139 1066 113
is_linear=0
shrinkage=0.05


Tree=121
num_leaves=15
num_cat=0
split_feature=10 11 4 17 5 18 3 0 18 11 1 2 10 1
split_gain=202.803 10.013 4.40708 4.98486 3.7278 3.39942 3.05726 2.44117 2.01879 2.01996 6.18241 1.97512 1.81846 0.996321
threshold=1.5000000000000002 0.14116070146414791 0.037613243495597061 0.10263157894736843 1.1612639930689859 1.1645833333333335 1.3540064102564104 10.500000000000002 1.4947916666666667 0.051424998617812308 7.5000000000000009 1.7631802623080808 3.5000000000000004 23.500000000000004
decision_type=2 2 2 2 2 2 2 2 2 2 2 2 2 2
left_child=-1 2 3 8 5 -4 -7 -5 9 10 12 -6 -2 -11
right_child=1 -3 4 7 11 6 -8 -9 -10 13 -12 -13 -14 -15
leaf_value=-0.042183305391668521 0.020011160208883501 0.047423023055254844 0.045690642672375381 0.021962125134233391 -0.051090445259186212 -0.031164473811305094 0.033599199578206888 -0.023690851597012737 0.0091943786966497687 0.050379353918773753 -0.013371528657875033 0.0034828298086703267 0.052283763791083675 0.034692476543095069
leaf_weight=159.35312503017485 6.7750145941972795 82.537286840379238 6.21046080440283 5.7827616259455663 3.7726538777351371 4.395132452249527 3.1128886416554451 5.9319255724549294 7.4375893063843241 23.270630240440369 7.2789895869791499 2.9578129313886166 12.270228445529936 17.91405776143074
leaf_count=3034 23 345 24 27 32 32 15 24 39 84 38 19 41 63
internal_value=-0.000603054 0.0343352 0.0242499 0.0291765 0.00337101 0.0183241 -0.00431291 -0.00115501 0.0339176 0.0366414 0.0258233 -0.0271073 0.0408033 0.0435561
internal_weight=349.001 189.647 107.11 86.6612 20.4489 13.7185 7.50802 11.7147 74.9465 67.5089 26.3242 6.73047 19.0452 41.1847
internal_count=3840 806 461 339 122 71 47 51 288 249 102 51 64 147
is_linear=0
shrinkage=0.05


Tree=122
num_leaves=15
num_cat=0
split_feature=12 13 13 12 7 2 2 18 1 15 2 15 5 6
split_gain=192.375 11.6705 6.45123 4.49696 3.36028 3.26805 2.78216 2.49109 2.46353 2.42608 3.69681 1.57063 1.4183 2.37721
threshold=6.3974541429475025 5.5000000000000009 3.5000000000000004 16.536497957816312 1.693979933110368 0.8813739514232829 1.4034088006451964 1.276388888888889 4.5000000000000009 0.90661337209302328 1.5524822972179015 1.3933982683982686 1.2689484061319853 2.5000000000000004
decision_type=2 2 2 2 2 2 2 2 2 2 2 2 2 2
left_child=2 3 4 9 6 -4 7 8 -1 12 -11 -12 -2 -14
right_child=1 -3 5 -5 -6 -7 -8 -9 -10 10 11 -13 13 -15
leaf_value=-0.016077997412314939 0.054020160827159602 -0.043453991585016359 0.047171562184577548 0.047178770641702034 0.027329584727293341 -0.041863715173950329 -0.031738152648490663 -0.036537623297669158 0.043761027738877578 0.039414166831771291 -0.015570830968985712 0.017513404120687592 0.045533362764025073 -0.0017419448300337922
leaf_weight=3.1980240494012815 10.654712066054346 4.1611254755407563 1.038214936852454 105.65881879627705 3.639124881476163 141.13787759840488 26.08355070091784 3.3280474506318569 3.7216119170188904 11.53724540770054 6.9913239628076536 7.3678958564996719 7.495129853487013 4.1212699115276337
leaf_count=33 48 46 13 630 21 2436 397 30 25 54 25 28 34 20
internal_value=-0.00120398 0.0391715 -0.0362243 0.0414066 -0.0184773 -0.0412136 -0.0230655 -0.000990976 0.0161054 0.028745 0.0183387 0.00140511 0.0408452 0.028761
internal_weight=340.134 157.988 182.146 153.826 39.9704 142.176 36.3312 10.2477 6.91964 48.1676 25.8965 14.3592 22.2711 11.6164
internal_count=3840 885 2955 839 506 2449 485 88 58 209 107 53 102 54
is_linear=0
shrinkage=0.05


Tree=123
num_leaves=15
num_cat=0
split_feature=5 16 11 0 0 6 12 11 6 16 5 2 10 1
split_gain=51.7441 24.0929 21.3177 18.0279 25.4005 14.8758 13.5941 10.9229 11.0179 15.7051 9.4806 6.54953 6.15096 6.14642
threshold=0.85078726120979264 1.0000000180025095e-35 0.077088801722129438 7.5000000000000009 12.500000000000002 3.5000000000000004 14.229223217848045 0.095345011758259116 2.5000000000000004 4.5000000000000009 0.63452798545596301 2.0160511266724401 1.5000000000000002 9.5000000000000018
decision_type=2 2 2 2 2 2 2 2 2 2 2 2 2 2
left_child=1 2 5 -2 6 -1 7 8 9 12 -3 -10 -5 -14
right_child=3 10 -4 4 -6 -7 -8 -9 11 -11 -12 -13 13 -15
leaf_value=0.04553715629148275 -0.039253095860857512 0.041787338948317682 -0.035681673551076425 0.044546682777427384 -0.042344835343852666 0.0042162638553497264 -0.041900212735295088 -0.042306026115035013 0.0081699818919892305 -0.034184890566210858 -0.03492467907645995 -0.035921662112600852 -0.032641189906341288 0.038702657997126362
leaf_weight=100.18291845545173 55.288273651152849 4.9303245246410397 11.099302835762499 46.288732424378395 37.700916767120361 27.832276254892349 14.12893909588456 9.1433796212077123 24.125198505818844 9.1549816951155645 21.997955391183496 12.939950503408907 5.7984250560402852 6.297813281416893
leaf_count=390 936 21 140 178 708 269 279 115 236 109 219 182 34 24
internal_value=0.00132177 0.0224105 0.0307901 -0.0145323 -0.00627778 0.0365534 0.00435553 0.0101011 0.0146819 0.026703 -0.0208794 -0.00722301 0.0362505 0.00450343
internal_weight=386.909 166.043 139.114 220.867 165.578 128.015 127.877 113.748 104.605 67.54 26.9283 37.0651 58.385 12.0962
internal_count=3840 1039 799 2801 1865 659 1157 878 763 345 240 418 236 58
is_linear=0
shrinkage=0.05


Tree=124
num_leaves=15
num_cat=0
split_feature=16 16 0 3 17 3 4 5 4 7 1 1 18 16
split_gain=195.06 9.79178 2.96306 3.11718 3.40321 3.38554 4.3422 3.22399 5.56434 2.68322 2.3919 2.87131 3.32686 3.87242
threshold=1.0000000180025095e-35 5.5000000000000009 10.500000000000002 0.8610413396127683 0.18898809523809526 0.91704892966360874 -0.083456075004602476 0.82798689444712337 0.077120181405895896 0.26931366047745364 33.500000000000007 24.500000000000004 0.97361111111111109 3.5000000000000004
decision_type=2 2 2 2 2 2 2 2 2 2 2 2 2 2
left_child=-1 2 3 4 -2 -5 -7 -8 -9 -6 11 12 -4 -14
right_child=1 -3 10 5 9 6 7 8 -10 -11 -12 -13 13 -15
leaf_value=-0.041421677329143231 -0.0032706645097909841 0.044471790252830781 0.047651918364463745 -0.027331632444583816 0.0039582221329396167 -0.027008027806115144 -0.0176904059624374 0.051085299243598441 -0.0077208167490828115 0.046997175812353804 0.00098654777918286466 0.06225091038673506 -0.013361684110880876 0.046469719405391414
leaf_weight=160.47638297453523 6.7115787565708187 95.453143067657948 11.698497615754606 6.4696850329637519 4.635114066302779 5.4840418994426754 4.0471943616867092 12.173481091856958 6.007860839366912 16.557957619428635 4.980444721877574 8.9639344364404661 7.0131337791681272 4.4017122127115726
leaf_count=3018 28 403 44 26 21 18 18 46 35 64 19 36 45 19
internal_value=-0.000612466 0.0330411 0.0220361 0.0153581 0.0277578 0.00523557 0.0128386 0.0226692 0.0316533 0.0375842 0.0332244 0.0382298 0.0289138 0.00971008
internal_weight=355.074 194.598 99.1446 62.0869 27.9047 34.1823 27.7126 22.2285 18.1813 21.1931 37.0577 32.0773 23.1133 11.4148
internal_count=3840 822 419 256 113 143 117 99 81 85 163 144 108 64
is_linear=0
shrinkage=0.05


Tree=125
num_leaves=15
num_cat=0
split_feature=6 19 6 2 7 4 11 16 13 13 15 11 8 4
split_gain=125.407 14.5686 13.324 8.03061 5.77582 4.35649 3.98808 3.31092 4.77049 3.26192 4.58079 3.79904 3.15706 2.99598
threshold=2.5000000000000004 1.0000000180025095e-35 1.0000000180025095e-35 1.157981609470111 0.26931366047745364 -0.20953122682094777 0.025145466350764815 1.0000000180025095e-35 17.500000000000004 5.5000000000000009 1.5303308823529413 1.0000000180025095e-35 1.5000000000000002 -0.052631578947368661
decision_type=2 2 2 2 2 2 2 2 2 2 2 2 2 2
left_child=2 3 -1 -2 6 -5 -3 9 -9 10 13 -12 -6 -7
right_child=1 4 -4 5 12 7 -8 8 -10 -11 11 -13 -14 -15
leaf_value=0.021669549013905741 -0.0051197668542146066 0.03330779208689854 -0.04197832219203048 -0.022322162791763231 0.0045876205399967345 0.00066444486985328417 -0.0039556449766151832 0.031472665138774801 -0.025784632157609469 0.043398468828574087 -0.035450274395243161 0.031224237262664219 -0.024660134868528614 0.039391917824010407
leaf_weight=8.7994060069322568 14.660319473594425 18.697341516613964 125.43125447444618 3.4109011888504019 17.95571506768465 5.7724745348095885 11.656642291694878 12.032248727977278 5.2143045887351027 85.425098069012165 4.7928971350193006 3.8547108843922615 18.978643923997879 37.025679469108582
leaf_count=48 109 129 2029 15 139 34 72 77 25 664 22 24 172 281
internal_value=0.0008816 0.0225666 -0.0378059 0.0302759 0.00283876 0.0335699 0.0189978 0.0348069 0.0141616 0.0374084 0.0274619 -0.00572981 -0.0104413 0.0341685
internal_weight=373.708 239.477 134.231 172.189 67.2883 157.528 30.354 154.117 17.2466 136.871 51.4458 8.64761 36.9344 42.7982
internal_count=3840 1763 2077 1251 512 1142 201 1127 102 1025 361 46 311 315
is_linear=0
shrinkage=0.05


Tree=126
num_leaves=15
num_cat=0
split_feature=10 11 4 17 5 18 3 2 15 11 12 2 15 2
split_gain=187.351 9.69076 3.92367 4.42171 3.39123 3.0907 2.81971 2.35209 1.96236 4.61066 2.24044 1.89617 1.75449 2.03437
threshold=1.5000000000000002 0.14116070146414791 0.037613243495597061 0.10263157894736843 1.1612639930689859 1.1645833333333335 1.3540064102564104 2.0602684938085258 0.48181216931216936 0.053817714911885091 4.2574572361331731 1.7631802623080808 0.79814814814814827 2.0713358281140652
decision_type=2 2 2 2 2 2 2 2 2 2 2 2 2 2
left_child=-1 2 3 8 5 -4 -7 -5 10 -10 -2 -6 -11 -14
right_child=1 -3 4 7 11 6 -8 -9 9 12 -12 -13 13 -15
leaf_value=-0.04206367397883734 0.047125680380158574 0.046659939084420128 0.044233574692196284 0.02148935657772311 -0.050525636330065841 -0.030402465446201482 0.032406039910432317 -0.023609624202955249 -0.0092776815446357821 0.010961488843131112 0.011809523529639333 0.0036962217554139492 0.053165529964448843 0.024308473033184567
leaf_weight=149.90135678648949 28.296729873865843 78.327512130141258 6.0609896406531352 5.8991325795650464 3.5885384678840628 4.2538119591772556 3.0813180431723595 5.6697546169161797 7.8247123360633841 6.7020242586731937 5.3379837945103636 2.9279489666223526 13.209304571151735 11.359989754855631
leaf_count=3034 111 345 24 24 32 32 15 27 42 26 19 19 49 41
internal_value=-0.000643023 0.0333715 0.0233838 0.0280991 0.00342172 0.0178131 -0.00401807 -0.000613042 0.0326662 0.0250484 0.0415208 -0.026163 0.0336375 0.039823
internal_weight=332.441 182.54 104.212 84.2996 19.9126 13.3961 7.33513 11.5689 72.7307 39.096 33.6347 6.51649 31.2713 24.5693
internal_count=3840 806 461 339 122 71 47 51 288 158 130 51 116 90
is_linear=0
shrinkage=0.05


Tree=127
num_leaves=15
num_cat=0
split_feature=12 13 13 12 2 2 11 5 15 2 12 6 7 12
split_gain=176.659 10.7052 6.5123 4.50385 3.1554 3.14578 2.44066 3.40044 2.2783 3.41469 1.86956 1.85453 1.58599 1.56749
threshold=6.3974541429475025 5.5000000000000009 3.5000000000000004 16.536497957816312 0.8813739514232829 1.5694165585973323 -0.015431958382610187 1.0358523043217163 0.90661337209302328 1.5524822972179015 4.083372073571149 3.5000000000000004 1.0977379323822554 1.9575858704760456
decision_type=2 2 2 2 2 2 2 2 2 2 2 2 2 2
left_child=2 3 5 8 -4 6 -1 13 11 -10 -7 -2 -11 -8
right_child=1 -3 4 -5 -6 10 7 -9 9 12 -12 -13 -14 -15
leaf_value=-0.046827511607607272 0.046581978817668269 -0.043247578315253721 0.044617722440209215 0.046432197775034774 -0.041721919030579209 -0.039661177294667255 0.01100382804402018 0.034807349672501715 0.038164304295620143 0.01978522004863708 -0.0084168203648258329 0.0089703483443156744 -0.013763730379528105 -0.034407048604686484
leaf_weight=2.4784609377384212 17.649747341871265 3.9249692447483531 1.0667185150086869 99.922311365604401 132.7673637252301 15.410756416618826 3.3221315033733827 6.1478006932884455 11.225642219185831 6.389116093516348 6.9456570968031874 4.0247583091258994 7.852175310254097 4.4401327446103096
leaf_count=24 84 46 13 630 2436 301 36 39 54 26 57 18 27 49
internal_value=-0.00125101 0.0382471 -0.0358078 0.0404221 -0.0410338 -0.017756 -0.00111585 0.00702894 0.027683 0.0175425 -0.0299542 0.0395978 0.00128744 -0.0149719
internal_weight=323.568 150.989 172.579 147.064 133.834 38.7449 16.3885 13.9101 47.1414 25.4669 22.3564 21.6745 14.2413 7.76226
internal_count=3840 885 2955 839 2449 506 148 124 209 107 358 102 53 85
is_linear=0
shrinkage=0.05


Tree=128
num_leaves=15
num_cat=0
split_feature=5 0 17 11 0 0 12 5 14 7 6 3 3 2
split_gain=46.9586 25.4608 17.9601 16.4892 14.902 21.8758 11.9452 11.7716 11.3832 10.2574 6.8919 7.9869 6.88479 5.00827
threshold=0.87454355411967166 6.5000000000000009 0.18898809523809526 0.11400737744892402 7.5000000000000009 12.500000000000002 14.229223217848045 0.63943244029381485 1.5000000000000002 0.90045045045045058 3.5000000000000004 0.777027816736793 1.4894725177304966 1.7286413835443344
decision_type=2 2 2 2 2 2 2 2 2 2 2 2 2 2
left_child=1 -1 3 8 -2 6 9 -4 -3 13 -10 -12 -13 -6
right_child=4 2 7 -5 5 -7 -8 -9 10 -11 11 12 -14 -15
leaf_value=-0.042411480086629316 -0.038708367134016812 -0.046064727279809647 0.064075456398543021 -0.042213493881666925 0.014830067081523493 -0.042237800381179226 -0.041759323447490004 -0.043975779446910765 0.044550053556731445 0.023668147517651165 0.061342536170467789 -0.017276911191402001 0.066526035197647757 -0.019047949602016084
leaf_weight=14.613987313583491 49.831312518566847 4.0587652847170821 3.1213747113943127 7.0289725027978411 16.339080929756165 34.410580789670348 13.16683082655072 13.097816357389091 104.22671228647232 54.793031431734562 6.6722127161920097 14.407611206173899 2.9531776048243037 32.826706811785698
leaf_count=260 896 68 11 92 158 686 279 137 399 276 31 137 16 394
internal_value=0.00135217 0.0206879 0.0266154 0.0324115 -0.0149889 -0.00718896 0.00310811 -0.0231814 0.0363757 0.00879077 0.0389845 0.0148477 -0.00302151 -0.0077894
internal_weight=371.548 170.181 155.567 139.347 201.368 151.536 117.126 16.2192 132.318 103.959 128.26 24.033 17.3608 49.1658
internal_count=3840 1151 891 743 2689 1793 1107 148 651 828 583 184 153 552
is_linear=0
shrinkage=0.05


Tree=129
num_leaves=15
num_cat=0
split_feature=16 16 0 3 11 5 17 7 5 2 11 1 1 18
split_gain=179.689 9.36749 2.7973 2.92677 3.34085 3.225 3.14824 2.51873 2.43327 2.4058 2.33253 2.28978 2.75797 3.21932
threshold=1.0000000180025095e-35 5.5000000000000009 10.500000000000002 0.8610413396127683 -0.011851296941730869 1.0278398907348172 0.18898809523809526 0.26931366047745364 1.0890596290437744 1.9984992907108539 0.061666945635392163 33.500000000000007 17.500000000000004 0.97361111111111109
decision_type=2 2 2 2 2 2 2 2 2 2 2 2 2 2
left_child=-1 2 3 6 -5 9 -2 -8 -7 -6 -3 12 13 -4
right_child=1 10 11 4 5 8 7 -9 -10 -11 -12 -13 -14 -15
leaf_value=-0.041252734392365202 -0.0031058393915457524 0.045280478836774683 0.047771147092175337 0.027943384324243377 -0.043778131443304356 0.046530616075396172 0.00386528026741598 0.045861755441983412 -0.0046419902453337068 -0.0013895896469097635 0.0070291173969632874 0.00048005211510394159 0.052212768447995175 0.0023270647568021294
leaf_weight=150.97811218723655 6.6369487568736103 86.753265209496021 7.0080565735697773 10.661457099020479 6.444140989333393 3.9155415594577772 4.5955332070589092 16.002218082547188 5.7117142416536808 6.9655943885445595 4.1773203611373892 4.9137049317359915 15.455007296055554 8.7793752178549749
leaf_count=3018 28 389 29 47 24 14 21 64 29 29 14 19 66 49
internal_value=-0.000629217 0.0319911 0.0211904 0.0146528 0.00480153 -0.00590845 0.0268422 0.036492 0.0161706 -0.0217597 0.0435232 0.0322081 0.0371982 0.0224997
internal_weight=338.998 188.02 97.0893 60.9331 33.6984 23.037 27.2347 20.5978 9.62726 13.4097 90.9306 36.1561 31.2424 15.7874
internal_count=3840 822 419 256 143 96 113 85 43 53 403 163 144 78
is_linear=0
shrinkage=0.05


Tree=130
num_leaves=15
num_cat=0
split_feature=6 19 6 12 4 7 15 8 3 5 15 2 13 3
split_gain=115.628 13.2821 12.604 6.75498 6.7833 3.96666 5.87331 4.46222 4.15836 2.96231 3.19849 3.01635 2.81491 4.10846
threshold=2.5000000000000004 1.5000000000000002 1.0000000180025095e-35 16.536497957816312 -0.13987263194429531 0.66599462365591411 0.6198686371100165 1.5000000000000002 1.1396581359816655 0.6934139121153946 0.90098039215686287 0.95718089566019382 4.5000000000000009 0.59889870346500884
decision_type=2 2 2 2 2 2 2 2 2 2 2 2 2 2
left_child=2 3 -1 4 -2 9 -7 8 -8 10 -6 -11 -3 -14
right_child=1 12 -4 -5 5 6 7 -9 -10 11 -12 -13 13 -15
leaf_value=0.020622852907601089 -0.0018257194160650261 -0.040759623194577134 -0.041868706152700004 -0.042950714749499769 -0.0065453005250765825 0.037585652064333439 -0.013859209697872413 -0.036041066377419488 0.047878512225643967 -0.016337903412845238 0.036472569818641581 0.036561744178029702 -0.025564978406525232 0.025743246378368903
leaf_weight=8.6622458398342115 18.70432186126709 7.028075426816943 117.76316743530333 3.5209318585693827 9.2296873927116412 14.48900321125984 5.8663813099265116 7.0969613194465628 5.0974562093615532 2.7494098693132392 8.1247579753398878 135.52017962932587 8.7637800350785238 7.0324701368808737
leaf_count=48 111 94 2029 51 46 102 26 39 34 15 47 1066 70 62
internal_value=0.000919259 0.0217927 -0.037587 0.0257227 0.0268915 0.0297459 0.0138726 -0.00515076 0.0148447 0.0330659 0.0135942 0.0355099 -0.014435 -0.00272262
internal_weight=359.649 233.223 126.425 210.399 206.878 188.174 32.5498 18.0608 10.9638 155.624 17.3544 138.27 22.8243 15.7963
internal_count=3840 1763 2077 1537 1486 1375 201 99 60 1174 93 1081 226 132
is_linear=0
shrinkage=0.05


Tree=131
num_leaves=15
num_cat=0
split_feature=10 11 10 1 11 12 11 4 12 4 4 2 18 0
split_gain=173.516 9.38087 3.77953 10.1562 4.34396 3.64135 3.39041 3.27747 2.5261 1.49552 1.29993 1.36791 0.938016 0.635155
threshold=1.5000000000000002 0.14116070146414791 2.5000000000000004 12.500000000000002 0.047880829527813397 4.4481558612518102 0.11400737744892402 -0.10914862914862974 4.2778198127536653 -0.010148135148135133 -0.035786225020695464 1.6366820050761355 1.1790293040293043 6.5000000000000009
decision_type=2 2 2 2 2 2 2 2 2 2 2 2 2 2
left_child=-1 2 4 5 -2 10 7 -5 13 -10 -4 -12 -6 -9
right_child=1 -3 3 6 12 -7 -8 8 9 -11 11 -13 -14 -15
leaf_value=-0.041956233011899109 0.0061249466672504355 0.045966337255628736 0.043349710193310631 0.02592753129917548 0.057499485295054845 -0.0060992182302723732 0.017618861528806144 -0.022488597321384692 0.026402319203661345 -0.024483881344812469 0.040756001459119881 0.0034124836896434457 0.037247594186945093 -0.051688291442357141
leaf_weight=141.09581356868148 8.34961946308613 74.362979024648666 26.468805506825447 3.3403362110257175 12.481013953685762 5.4917918294668189 9.4345414638519269 2.5031553525477666 2.5164790973067284 3.3875920176506034 4.893061697483061 4.9160794503986835 10.551343619823454 7.2749736644327641
leaf_count=3034 38 345 103 13 48 25 34 24 11 32 19 22 38 54
internal_value=-0.000648834 0.0324718 0.0225958 0.0161495 0.0370214 0.031844 -0.00688726 -0.0190415 -0.02862 -0.00279477 0.0375879 0.0220404 0.0482219 -0.0442133
internal_weight=317.068 175.972 101.609 70.2268 31.382 41.7697 28.4571 19.0225 15.6822 5.90407 36.2779 9.80914 23.0324 9.77813
internal_count=3840 806 461 337 124 169 168 134 121 43 144 41 86 78
is_linear=0
shrinkage=0.05


Tree=132
num_leaves=15
num_cat=0
split_feature=12 13 13 12 2 7 2 15 2 18 1 7 6 1
split_gain=162.334 9.78857 6.52721 4.55025 3.05589 2.99246 2.55859 2.42958 3.56379 2.3343 2.08728 2.07912 1.69362 1.18204
threshold=6.3974541429475025 5.5000000000000009 3.5000000000000004 18.059722092276125 0.8813739514232829 1.693979933110368 1.4034088006451964 0.90661337209302328 1.3904437625272383 1.276388888888889 4.5000000000000009 0.99662162162162182 3.5000000000000004 23.500000000000004
decision_type=2 2 2 2 2 2 2 2 2 2 2 2 2 2
left_child=2 3 5 7 -4 6 9 12 -9 10 -1 -10 -2 -13
right_child=1 -3 4 -5 -6 -7 -8 8 11 -11 -12 13 -14 -15
leaf_value=-0.014543090262183745 0.04585029836993576 -0.043034300526764248 0.042392861997088624 0.046255854059280017 -0.041590501714833028 0.026306570478604508 -0.030536095618383559 0.042921593824208064 0.030340534475192846 -0.035767436050571616 0.041197987956521284 0.0070635165155194584 0.010779479372381254 -0.023429408599962433
leaf_weight=3.0496135763823968 19.015642732381824 3.6905323788523665 1.0926306433975685 89.477213233709335 124.93587764911354 3.5878192372620097 24.039524376392365 9.2762622088193911 5.6352980434894588 3.1783424019813538 3.7380569577217102 7.3991308212280256 4.2033533602952948 5.57108473777771
leaf_count=33 96 46 13 600 2436 21 397 48 25 30 25 30 19 21
internal_value=-0.00131694 0.0373475 -0.0354082 0.0394578 -0.0408624 -0.0171233 -0.0217054 0.0275544 0.0176053 -0.000404529 0.0161542 0.00498318 0.0395014 -0.00603408
internal_weight=307.89 144.269 163.622 140.578 126.029 37.5934 34.0055 51.1008 27.8818 9.96601 6.78767 18.6055 23.219 12.9702
internal_count=3840 885 2955 839 2449 506 485 239 124 88 58 76 115 51
is_linear=0
shrinkage=0.05


Tree=133
num_leaves=15
num_cat=0
split_feature=5 0 17 11 0 0 12 5 14 7 16 10 6 3
split_gain=42.6752 23.5003 16.1562 14.961 14.2127 20.7046 11.1316 11.0433 10.4477 9.32044 7.93173 6.76685 6.338 7.2294
threshold=0.87454355411967166 6.5000000000000009 0.18898809523809526 0.11400737744892402 7.5000000000000009 12.500000000000002 5.4977810734224573 0.63943244029381485 1.5000000000000002 0.55640906269397905 5.5000000000000009 1.5000000000000002 3.5000000000000004 0.777027816736793
decision_type=2 2 2 2 2 2 2 2 2 2 2 2 2 2
left_child=1 -1 3 8 -2 6 9 -4 -3 -6 11 -11 -10 -14
right_child=4 2 7 -5 5 -7 -8 -9 12 10 -12 -13 13 -15
leaf_value=-0.042284262182893557 -0.038358440003402779 -0.045743751470302366 0.060732313288430706 -0.042054104889875876 -0.015439559553019212 -0.042126741198427152 -0.029092405257061124 -0.043735494838654965 0.043439630183890805 0.034505219830807274 -0.041918710555244369 -0.0031063285197433324 0.058860582789800199 -0.0024899730584134389
leaf_weight=13.763893453404306 47.101403953507543 3.8489442206919184 3.1824713349342337 6.5591357313096514 24.951401706784964 32.342391515150666 21.676635967567563 12.333515983074902 99.727496400475502 47.20978120714426 4.7649250216782084 16.015622194856405 6.673888590186837 17.118332497775555
leaf_count=260 896 68 11 92 364 686 362 137 399 198 70 113 31 153
internal_value=0.0013903 0.0202337 0.0259917 0.0315874 -0.0144571 -0.00679671 0.00317253 -0.0223082 0.0353797 0.0106976 0.0202896 0.0249778 0.0379076 0.0147193
internal_weight=357.27 163.208 149.444 133.928 194.062 146.961 114.618 15.516 127.369 92.9417 67.9903 63.2254 123.52 23.7922
internal_count=3840 1151 891 743 2689 1793 1107 148 651 745 381 311 583 184
is_linear=0
shrinkage=0.05


Tree=134
num_leaves=15
num_cat=0
split_feature=16 16 0 15 3 3 11 17 4 11 1 1 18 16
split_gain=165.483 9.0936 2.62686 2.67534 3.30595 3.89151 4.03156 3.44136 2.55415 2.4881 2.20338 2.65488 2.84646 3.52874
threshold=1.0000000180025095e-35 5.5000000000000009 10.500000000000002 0.40192307692307699 0.8610413396127683 0.92694497153700206 0.0085383198984951576 0.18898809523809526 0.020743286578734785 0.064267454312832442 33.500000000000007 24.500000000000004 0.97361111111111109 3.5000000000000004
decision_type=2 2 2 2 2 2 2 2 2 2 2 2 2 2
left_child=-1 2 3 -2 7 -6 8 -5 -7 -3 11 12 -4 -14
right_child=1 9 10 4 5 6 -8 -9 -10 -11 -12 -13 13 -15
leaf_value=-0.041093030070845915 -0.017539556969201935 0.044493472392027361 0.044917148347599842 -0.0012705257835656928 -0.027795791419985651 0.046255666417790088 -0.016529172048727274 0.041470391479581994 0.0046208062679827374 0.0036100169900126094 -0.00025010368475972576 0.059945117988632536 -0.013065165052506548 0.045019750675134446
leaf_weight=142.09988982230425 6.0861324295401564 82.68256937712431 11.040992572903638 6.2912515103817013 6.6100434176623848 9.4046618789434451 6.6826891191303721 18.732952296733856 6.0553540997207156 3.8968480974435797 4.8480803519487372 8.4117943011224252 6.8666498586535436 4.2227702252566814
leaf_count=3018 23 390 44 26 28 36 33 79 31 13 19 36 45 19
internal_value=-0.00066719 0.0309251 0.0202648 0.0138805 0.0174364 0.00587105 0.0159213 0.030725 0.0299482 0.0426534 0.0310638 0.0360344 0.0269459 0.00905315
internal_weight=323.933 181.833 95.2534 59.8631 53.777 28.7527 22.1427 25.0242 15.46 86.5794 35.3903 30.5422 22.1304 11.0894
internal_count=3840 822 419 256 233 128 100 105 67 403 163 144 108 64
is_linear=0
shrinkage=0.05


Tree=135
num_leaves=15
num_cat=0
split_feature=6 19 6 2 7 4 11 18 7 8 8 2 12 6
split_gain=106.651 12.1997 11.9061 6.84449 4.91085 3.83481 3.54411 3.00654 3.47791 2.89058 2.82785 2.73668 3.47582 2.41941
threshold=2.5000000000000004 1.0000000180025095e-35 1.0000000180025095e-35 1.157981609470111 0.26931366047745364 -0.20953122682094777 0.025145466350764815 0.62701612903225812 0.41763565891472876 1.5000000000000002 1.5000000000000002 1.6244247221943426 2.3625395702442265 5.5000000000000009
decision_type=2 2 2 2 2 2 2 2 2 2 2 2 2 2
left_child=2 3 -1 13 6 -5 9 8 -7 -3 11 -6 -13 -2
right_child=1 4 -4 5 10 7 -8 -9 -10 -11 -12 12 -14 -15
leaf_value=0.01954304010779111 -0.017554001656684925 0.051934984997301183 -0.041767592878258875 -0.02160522979189607 -0.025727501196692509 0.029216313141777597 -0.0041423015253820366 0.034447593078949609 -0.039525987340161384 0.011773181428542697 -0.023855805480213599 0.069876077859851435 0.0038293926782418802 0.028964255352993462
leaf_weight=8.5297190546989423 10.280401699244974 8.864370040595535 110.49233639426529 3.3203678280115119 5.2396658249199417 4.7181131243705741 11.275956928730009 137.38153964281082 3.0162465199828148 9.0586059764027596 17.892162721604109 2.51272353157401 9.6129813492298108 3.8388909399509421
leaf_count=48 83 69 2029 15 44 36 72 1074 17 60 172 19 76 26
internal_value=0.000961884 0.0210612 -0.0373738 0.02836 0.00265399 0.0315243 0.0178195 0.03274 0.00240818 0.0316365 -0.00990552 0.00446795 0.0175158 -0.00490616
internal_weight=346.034 227.012 119.022 162.556 64.4565 148.436 29.1989 145.116 7.73436 17.923 35.2575 17.3654 12.1257 14.1193
internal_count=3840 1763 2077 1251 512 1142 201 1127 53 129 311 139 95 109
is_linear=0
shrinkage=0.05


Tree=136
num_leaves=15
num_cat=0
split_feature=10 11 5 4 16 10 12 11 8 10 1 4 11 2
split_gain=160.608 9.10051 3.57167 4.99467 2.98813 2.90649 2.78272 3.07539 4.31922 3.50848 4.93849 3.49926 3.02662 1.40497
threshold=1.5000000000000002 0.14116070146414791 1.1736343809363914 -0.019827394827394772 3.5000000000000004 3.5000000000000004 2.0491780783037838 0.053817714911885091 1.0000000180025095e-35 2.5000000000000004 12.500000000000002 -0.022857305397981215 0.11400737744892402 2.0774845920192679
decision_type=2 2 2 2 2 2 2 2 2 2 2 2 2 2
left_child=-1 2 4 -4 6 -5 -2 8 13 -9 -11 -10 -12 -8
right_child=1 -3 3 5 -6 -7 7 9 11 10 12 -13 -14 -15
leaf_value=-0.041855648842548006 0.046077424039038833 0.045309346369966537 0.031666871925588827 -0.0011198673528384473 -0.0086301122369245795 -0.058039774202380247 -0.0010825549325727622 0.051277548106074204 0.042576670888667033 0.051427953848983465 -0.021841709161687674 -0.0075120153492680732 0.027099451576585439 -0.042774683210019974
leaf_weight=132.72012336365879 17.729683756828308 70.55964907258749 7.3576351925730732 5.7558424286544305 5.7588757649064055 3.6745100021362305 4.4709900766611099 14.874806597828863 9.9925594851374608 7.5231428891420391 6.9688988849520666 5.3557676561176786 5.7782980650663376 3.6870587971061468
leaf_count=3034 74 345 30 29 30 35 24 56 37 31 33 38 21 23
internal_value=-0.000664685 0.0315906 0.0218058 0.000791029 0.0261008 -0.0232985 0.0287194 0.0234723 0.00947251 0.0328358 0.0193029 0.0250983 0.000343295 -0.0199255
internal_weight=302.208 169.488 98.9281 16.788 82.1401 9.43035 76.3812 58.6515 23.5064 35.1451 20.2703 15.3483 12.7472 8.15805
internal_count=3840 806 461 94 367 64 337 263 122 141 85 75 54 47
is_linear=0
shrinkage=0.05


Tree=137
num_leaves=15
num_cat=0
split_feature=12 13 13 12 2 2 15 2 11 0 0 7 12 6
split_gain=148.822 8.94358 6.57548 4.6572 2.95099 2.86144 2.37036 3.36418 2.26004 2.99337 2.01252 2.00159 1.90544 1.59484
threshold=6.3974541429475025 5.5000000000000009 3.5000000000000004 18.059722092276125 0.8813739514232829 1.5694165585973323 0.90661337209302328 1.3904437625272383 -0.015431958382610187 8.5000000000000018 12.500000000000002 0.99662162162162182 4.083372073571149 3.5000000000000004
decision_type=2 2 2 2 2 2 2 2 2 2 2 2 2 2
left_child=2 3 5 6 -4 8 13 -8 -1 -10 -11 -9 -7 -2
right_child=1 -3 4 -5 -6 12 7 11 9 10 -12 -13 -14 -15
leaf_value=-0.046219786592421444 0.044750373139451113 -0.042847391180577767 0.040026705322043825 0.04563981016776858 -0.041465284632816346 -0.039188687404308857 0.041687051972154429 0.029218537245990325 0.039720645116431329 -0.036643945408658361 0.011369080276819312 -0.0065811760413515734 -0.0066831059322999837 0.010540263453706067
leaf_weight=2.3034268394112578 18.322267368435863 3.4679791573435059 1.1215087994933117 84.356755986809731 117.51520116254687 13.963081274181606 8.926722928881647 5.6091374307870892 4.67617861367762 3.8928704932332021 4.9676744248718023 12.846936896443365 6.6581449992954722 4.1849417239427558
leaf_count=24 96 46 13 600 2436 301 48 25 34 38 52 51 57 19
internal_value=-0.00139869 0.03643 -0.0349875 0.0384779 -0.0406949 -0.016417 0.0263682 0.0164874 -0.000435306 0.00735544 -0.00972539 0.00429901 -0.0286933 0.0383894
internal_weight=292.813 137.715 155.098 134.247 118.637 36.4614 49.89 27.3828 15.8402 13.5367 8.86054 18.4561 20.6212 22.5072
internal_count=3840 885 2955 839 2449 506 239 124 148 124 90 76 358 115
is_linear=0
shrinkage=0.05


Tree=138
num_leaves=15
num_cat=0
split_feature=0 0 5 11 16 6 12 7 2 5 13 11 12 18
split_gain=38.8614 43.3047 23.6639 15.6369 13.9751 10.3873 8.70149 9.76636 7.35022 6.35636 7.90337 5.74584 5.70009 5.41594
threshold=6.5000000000000009 12.500000000000002 0.95457433247581724 0.11400737744892402 1.0000000180025095e-35 2.5000000000000004 14.229223217848045 0.59738243123336299 1.7187187333386496 0.64584087887659691 8.5000000000000018 0.021710739180298425 2.1881587821903978 0.72792207792207808
decision_type=2 2 2 2 2 2 2 2 2 2 2 2 2 2
left_child=-1 2 3 4 5 -2 7 -4 -7 -6 -11 -9 -13 -10
right_child=1 -3 6 -5 9 8 -8 11 13 10 -12 12 -14 -15
leaf_value=-0.041958409598067889 0.046951208036365481 -0.042361610139834555 -0.027681047748555555 -0.042002524960990661 0.049967744173207498 0.039536257678025301 -0.041528981951693744 0.020383737507120109 0.050140123124560579 0.016721020573413618 -0.047093886012030711 0.045470851836873528 -0.031976129334873114 -0.0093659143392447897
leaf_weight=44.890463026240468 84.511796981096268 37.415361220017076 21.207204693928361 7.9110188651829949 4.2693238705396679 22.030253138393164 13.718092909082769 46.00945633649826 4.6013939417898682 9.07696780562401 10.423437420278786 3.002212516963481 11.386870112270115 22.626111339777708
leaf_count=963 351 810 351 112 13 120 331 257 21 61 108 16 98 228
internal_value=0.00141271 0.00794195 0.0151594 0.0265921 0.0300366 0.0363141 -0.00468389 0.00150985 0.018064 -0.00529142 -0.0173896 0.0117594 -0.0158172 0.000690487
internal_weight=343.08 298.19 260.774 165.45 157.539 133.77 95.3238 81.6057 49.2578 23.7697 19.5004 60.3985 14.3891 27.2275
internal_count=3840 2877 2067 1014 902 720 1053 722 369 182 169 371 114 249
is_linear=0
shrinkage=0.05


Tree=139
num_leaves=15
num_cat=0
split_feature=16 16 11 4 0 2 14 15 11 7 3 17 18 16
split_gain=152.815 8.63198 2.4901 3.98688 3.05597 3.05 5.03327 2.74377 2.45884 2.1905 2.71537 1.9949 1.69772 1.66377
threshold=1.0000000180025095e-35 5.5000000000000009 -0.016569704534639292 0.11759581881533189 10.500000000000002 1.7889739467033274 6.5000000000000009 0.65108695652173931 0.064267454312832442 1.1443136604774538 0.87981481481481494 0.20942982456140355 0.98245073891625634 1.5000000000000002
decision_type=2 2 2 2 2 2 2 2 2 2 2 2 2 2
left_child=-1 2 9 4 5 6 -4 -7 -3 10 -2 12 -9 -6
right_child=1 8 3 -5 13 7 -8 11 -10 -11 -12 -13 -14 -15
leaf_value=-0.040938358992007103 0.042781811119434437 0.043724859866129777 -0.048173989552253736 -0.027997930917188215 0.059635490143052208 -0.0080330159036840609 0.0156220429918988 -0.0071829399340190003 0.0027706338214691256 0.063789207505751316 -0.0013083084847033011 0.041357012264874662 0.032973206441475 0.026216593115030919
leaf_weight=133.72652906738222 8.9610800892114657 78.431255646049976 5.1809192672371847 4.9451402463018885 4.5088334158062962 7.1259793899953392 7.6671346090734005 5.613185793161394 3.8446521908044806 5.0451516211032859 5.7219028659164897 12.139370515942572 4.9560570754110813 21.405138239264488
leaf_count=3018 36 390 19 34 18 28 32 24 13 21 31 51 27 98
internal_value=-0.000669601 0.0300062 0.0195927 0.0153613 0.0184871 0.010264 -0.0101034 0.019035 0.0418111 0.0353663 0.0256001 0.027529 0.0116468 0.0320312
internal_weight=309.272 175.546 93.2699 73.5418 68.5966 42.6826 12.8481 29.8346 82.2759 19.7281 14.683 22.7086 10.5692 25.914
internal_count=3840 822 419 331 297 181 51 130 403 88 67 102 51 116
is_linear=0
shrinkage=0.05


Tree=140
num_leaves=15
num_cat=0
split_feature=6 6 19 2 7 11 17 0 5 4 14 16 13 13
split_gain=98.2605 11.2642 10.9596 6.15449 4.48385 5.74613 3.81019 4.40187 4.07784 3.54798 2.93403 2.83875 4.3205 3.27667
threshold=2.5000000000000004 1.0000000180025095e-35 1.0000000180025095e-35 1.157981609470111 0.81016731016731025 0.11400737744892402 0.44722222222222224 5.5000000000000009 0.89507441719986314 -0.20953122682094777 1.5000000000000002 1.0000000180025095e-35 17.500000000000004 5.5000000000000009
decision_type=2 2 2 2 2 2 2 2 2 2 2 2 2 2
left_child=1 -1 3 -2 5 6 7 -4 -9 -5 -6 13 -13 -11
right_child=2 -3 4 9 10 -7 -8 8 -10 11 -12 12 -14 -15
leaf_value=0.018561524055294109 -0.0044844842677051813 -0.041671688644679045 0.056382804824196636 -0.02111590052928794 0.019100551571698168 -0.034438495082335457 -0.034392598966960244 -0.006714376317866276 0.02947892734664306 0.023878907048389138 -0.03370377426519925 0.029074926549591262 -0.026174622325143827 0.040593744414318615
leaf_weight=8.3904674798250181 13.847198173403738 103.61392267793417 7.2228791415691367 3.2648898065090171 3.4270505271852008 6.3055562712252131 3.3510397523641577 14.219908438622953 17.190647855401039 47.43668133020401 11.320429049432276 11.627611123025419 5.0863343328237525 76.773302137851715
leaf_count=48 109 2029 55 15 34 66 36 73 121 361 127 77 25 664
internal_value=0.000994265 -0.0371595 0.0203244 0.0273555 0.00269749 0.0100668 0.0167509 0.0211871 0.0130938 0.0304132 -0.021433 0.0316071 0.0122616 0.0342102
internal_weight=333.078 112.004 221.074 158.036 63.0375 48.29 41.9845 38.6334 31.4106 144.189 14.7475 140.924 16.7139 124.21
internal_count=3840 2077 1763 1251 512 351 285 249 194 1142 161 1127 102 1025
is_linear=0
shrinkage=0.05


Tree=141
num_leaves=15
num_cat=0
split_feature=10 11 5 4 10 16 12 11 8 10 1 4 11 1
split_gain=148.801 8.74315 3.34477 4.53589 2.78537 2.71751 2.66909 2.86782 3.99845 3.37456 4.69182 3.18362 2.77784 1.32942
threshold=1.5000000000000002 0.14116070146414791 1.1736343809363914 -0.019827394827394772 3.5000000000000004 3.5000000000000004 2.0491780783037838 0.053817714911885091 1.0000000180025095e-35 2.5000000000000004 12.500000000000002 -0.022857305397981215 0.11400737744892402 5.5000000000000009
decision_type=2 2 2 2 2 2 2 2 2 2 2 2 2 2
left_child=-1 2 5 -4 -5 6 -2 8 13 -9 -11 -10 -12 -8
right_child=1 -3 3 4 -6 -7 7 9 11 10 12 -13 -14 -15
leaf_value=-0.041760609836928232 0.045221393900643926 0.044673068375818935 0.030374455288810928 -0.0011267212427383377 -0.057783494009016827 -0.007979450251319721 0.00089683613389423926 0.050439870303967377 0.041177505356055633 0.050784981375485573 -0.021293120527305708 -0.0069735555730374363 0.026029041791866121 -0.039774701890764735
leaf_weight=124.83746745251119 17.110693547874689 66.796990811824799 7.1620312407612827 5.7004129439592344 3.5019784364849329 5.6817232668399802 4.0335891246795654 14.296324133872984 9.7953599244356138 7.1681534647941616 6.8723445907235128 5.2849289625883111 5.6511886417865753 4.0032932180911303
leaf_count=3034 74 345 30 29 35 30 16 56 37 31 33 38 21 31
internal_value=-0.000678314 0.0307742 0.0211296 0.00053552 -0.0226875 0.0253476 0.027899 0.0227087 0.00912228 0.0319495 0.0185254 0.0243028 6.07946e-05 -0.0193623
internal_weight=287.896 163.059 96.262 16.3644 9.20239 79.8976 74.2159 57.1052 23.1172 33.988 19.6917 15.0803 12.5235 8.03688
internal_count=3840 806 461 94 64 367 337 263 122 141 85 75 54 47
is_linear=0
shrinkage=0.05


Tree=142
num_leaves=15
num_cat=0
split_feature=12 13 13 12 2 2 15 2 11 0 0 7 12 6
split_gain=136.565 8.18814 6.58018 4.71171 2.87235 2.70647 2.25956 3.14852 2.12738 2.72029 1.91069 1.89074 1.88315 1.48412
threshold=6.3974541429475025 5.5000000000000009 3.5000000000000004 18.059722092276125 0.8813739514232829 1.5694165585973323 0.90661337209302328 1.3904437625272383 -0.015431958382610187 8.5000000000000018 12.500000000000002 0.99662162162162182 4.083372073571149 3.5000000000000004
decision_type=2 2 2 2 2 2 2 2 2 2 2 2 2 2
left_child=2 3 5 6 -4 8 13 -8 -1 -10 -11 -9 -7 -2
right_child=1 -3 4 -5 -6 12 7 11 9 10 -12 -13 -14 -15
leaf_value=-0.045896432068173822 0.043622491806929863 -0.042670186297273711 0.038326133214738316 0.04506684956408559 -0.041343420881356591 -0.038924712250379044 0.040572319856612367 0.028158236565615391 0.037838779574135194 -0.036203116800999378 0.011099605153878606 -0.006756601560855985 -0.0061762818597584368 0.010471671366918135
leaf_weight=2.1910294853150836 17.632353276014332 3.2610757667571297 1.143039934337138 79.445090986788273 110.50728146918118 13.233683019876482 8.5982593446970004 5.5782991945743587 4.7127041928470126 3.7574181687086803 4.9434918034821749 12.717404231429098 6.5687333289533845 4.1756896227598181
leaf_count=24 96 46 13 600 2436 301 48 25 34 38 52 51 57 19
internal_value=-0.00147215 0.0355692 -0.0345717 0.0375602 -0.0405278 -0.0157902 0.025315 0.0156169 -0.000217685 0.00724365 -0.0093277 0.00388882 -0.0280616 0.0372749
internal_weight=278.466 131.408 147.057 128.147 111.65 35.4071 48.702 26.894 15.6046 13.4136 8.70091 18.2957 19.8024 21.808
internal_count=3840 885 2955 839 2449 506 239 124 148 124 90 76 358 115
is_linear=0
shrinkage=0.05


Tree=143
num_leaves=15
num_cat=0
split_feature=0 0 5 11 16 6 3 7 2 5 5 13 19 0
split_gain=36.2339 40.199 21.5772 14.2329 12.6213 9.87134 8.15176 8.12498 6.47767 6.24665 5.85445 7.49202 5.52618 5.7639
threshold=6.5000000000000009 12.500000000000002 0.95457433247581724 0.11400737744892402 1.0000000180025095e-35 2.5000000000000004 1.5710916442048519 0.59738243123336299 1.7187187333386496 1.4225787027595016 0.64584087887659691 8.5000000000000018 1.0000000180025095e-35 8.5000000000000018
decision_type=2 2 2 2 2 2 2 2 2 2 2 2 2 2
left_child=-1 2 3 4 5 -2 7 9 -7 -4 -6 -12 13 -9
right_child=1 -3 6 -5 10 8 -8 12 -10 -11 11 -13 -14 -15
leaf_value=-0.04185055248795784 0.046180344986046291 -0.042255581612853102 -0.033255152170590954 -0.041859492227124456 0.04807864624056303 0.037783177914234072 -0.038525585519345373 -0.022046139572183907 0.0011366969490006961 0.086682981607528076 0.016131234471597967 -0.046867015065552999 -0.0061419801335822781 0.034078922034788073
leaf_weight=42.156362002715468 79.926028378307819 35.206207601353526 18.158024072647098 7.3796939477324477 4.283020123839381 21.924120418727398 14.713081404566763 5.4819351583719245 26.797427173703909 1.1546398177742947 9.0664046481251734 9.8428643234074098 25.607165951281786 27.634945260360837
leaf_count=963 351 810 315 112 13 120 325 46 249 13 61 108 208 146
internal_value=0.00143597 0.00779028 0.0147829 0.0259503 0.029246 0.0353667 -0.00438767 0.00204871 0.0176272 -0.0260845 -0.00470551 -0.0166613 0.0113009 0.0247884
internal_weight=329.332 287.176 251.969 159.22 151.84 128.648 92.7498 78.0367 48.7215 19.3127 23.1923 18.9093 58.724 33.1169
internal_count=3840 2877 2067 1014 902 720 1053 728 369 328 182 169 400 192
is_linear=0
shrinkage=0.05


Tree=144
num_leaves=15
num_cat=0
split_feature=16 16 11 0 1 2 4 0 7 17 7 1 1 18
split_gain=140.949 8.3154 2.43022 2.35946 3.32523 3.0079 5.02176 4.67759 3.50906 3.85438 3.02636 2.18044 2.49189 2.48733
threshold=1.0000000180025095e-35 5.5000000000000009 0.064267454312832442 10.500000000000002 5.5000000000000009 1.7889739467033274 -0.11134615384615372 7.5000000000000009 0.930500894454383 0.18898809523809526 0.60762548262548266 33.500000000000007 24.500000000000004 0.97361111111111109
decision_type=2 2 2 2 2 2 2 2 2 2 2 2 2 2
left_child=-1 3 -3 4 -2 6 -6 -8 9 10 -7 12 13 -5
right_child=1 2 -4 11 5 8 7 -9 -10 -11 -12 -13 -14 -15
leaf_value=-0.040784565391756983 -0.035904804399586696 0.043007381456820815 0.0020208380157448196 0.042837001460755114 0.04711380557857156 0.0098016475589054759 0.0084286507597778546 -0.049142557021587457 0.046937677980028035 0.031355878842834736 -0.046862619715914579 -0.0023332787137379861 0.058316776094010862 0.0085667686895478899
leaf_weight=125.79452487453818 3.3201659619808188 74.451349534094334 3.8012734800577155 10.439038947224622 4.3160239458084133 7.0414572507143038 8.9825351200997812 5.8104203753173342 11.520020976662634 13.180622577667235 3.5414994470775127 4.6894536316394797 7.927950929850339 10.744017548859118
leaf_count=3018 10 390 13 44 17 41 40 25 47 60 16 19 36 64
internal_value=-0.000672801 0.0290496 0.0410164 0.0188168 0.0126726 0.0156379 -0.000339314 -0.0141843 0.0242908 0.0133121 -0.00916058 0.0293076 0.0344046 0.0254552
internal_weight=295.56 169.766 78.2526 91.5132 57.7127 54.3926 19.109 14.793 35.2836 23.7636 10.583 33.8005 29.111 21.1831
internal_count=3840 822 403 419 256 246 82 65 164 117 57 163 144 108
is_linear=0
shrinkage=0.05


Tree=145
num_leaves=15
num_cat=0
split_feature=6 6 19 2 7 4 11 3 5 12 17 13 15 12
split_gain=90.6181 10.6463 10.0429 5.45108 6.95601 3.31865 3.16135 3.53461 3.50619 3.18726 2.94976 4.42373 3.17651 2.83839
threshold=2.5000000000000004 1.0000000180025095e-35 1.5000000000000002 1.7187187333386496 0.59113459879206232 0.025686136523575261 0.057614456276032323 1.7636206896551727 0.59317807916471932 3.3837743374885947 0.033908045977011504 20.500000000000004 0.77831196581196593 6.5823684153897037
decision_type=2 2 2 2 2 2 2 2 2 2 2 2 2 2
left_child=1 -1 3 4 5 -2 7 8 -5 -8 -10 12 -12 -7
right_child=2 -3 -4 6 -6 13 9 -9 10 -11 11 -13 -14 -15
leaf_value=0.01758384598209297 0.010559074944078744 -0.041583168595033547 -0.013158289738340918 -0.017693950066706318 -0.012920869322182586 0.045503975966952784 0.028173208061269564 -0.0081494382597103558 0.039240941079416503 -0.025091397370970825 0.0083961075003936812 -0.02635853396588635 0.061727335340731285 0.0021272463710635407
leaf_weight=8.2485265135765058 28.311743468046188 97.137738818302751 21.04540291428566 3.1732670664787284 19.894479870796204 17.730646871030334 6.3029220029711706 5.1976984292268744 87.709511563181877 5.065841518342495 6.1980583295226079 4.4694051742553702 5.0809047371149063 4.7902744263410559
leaf_count=48 205 2029 226 12 144 151 44 31 794 28 39 20 36 33
internal_value=0.00102806 -0.0369522 0.0196474 0.0232076 0.0121438 0.0219534 0.0295592 0.032113 0.0340756 0.00443887 0.0356635 0.015739 0.0324206 0.0362776
internal_weight=320.356 105.386 214.97 193.925 70.7271 50.8327 123.198 111.829 106.631 11.3688 103.458 15.7484 11.279 22.5209
internal_count=3840 2077 1763 1537 533 389 1004 932 901 72 889 95 75 184
is_linear=0
shrinkage=0.05


Tree=146
num_leaves=15
num_cat=0
split_feature=10 11 10 1 4 11 12 11 12 4 4 18 1 14
split_gain=137.833 8.37139 3.15822 8.15112 4.39517 3.94625 3.19638 2.95071 2.4831 1.25501 1.10019 0.972843 0.774756 0.714151
threshold=1.5000000000000002 0.14116070146414791 2.5000000000000004 12.500000000000002 -0.14250723581357902 0.047880829527813397 4.4216367364106945 0.11400737744892402 4.2778198127536653 -0.010148135148135133 -0.035786225020695464 1.1790293040293043 32.500000000000007 2.5000000000000004
decision_type=2 2 2 2 2 2 2 2 2 2 2 2 2 2
left_child=-1 2 5 6 -5 -2 10 8 12 -10 -4 -7 -6 -12
right_child=1 -3 3 4 7 11 -8 -9 9 -11 13 -13 -14 -15
leaf_value=-0.041669893650308272 0.0044657539578385388 0.044060511911633543 0.040919138132565071 0.056794100450370803 -0.030554440800881752 0.055995355536882688 -0.0057883699254148826 0.011674245493067064 0.023445776260665914 -0.022330064912278312 0.035341580207139157 0.034290429640728946 -0.05953963424284589 0.0073030761845006209
leaf_weight=117.35932217724621 7.9983904287219074 63.12551748752594 23.468992255628109 2.46500135958195 6.7866398934274965 11.001979306340219 5.5716469436883918 7.9530518949031821 2.9354803822934628 3.0562454853206864 4.2771734632551652 9.7267573922872526 3.4915047772228718 4.8418610468506813
leaf_count=3034 38 345 102 10 57 48 27 30 13 32 20 38 26 20
internal_value=-0.000696618 0.02999 0.020498 0.0143842 -0.00681293 0.0342991 0.0292089 -0.0132858 -0.0254868 9.65425e-05 0.0351925 0.0458105 -0.0404008 0.0204542
internal_weight=274.06 156.7 93.5747 64.8476 26.6879 28.7271 38.1597 24.2229 16.2699 5.99173 32.588 20.7287 10.2781 9.11903
internal_count=3840 806 461 337 168 124 169 158 128 45 142 86 83 40
is_linear=0
shrinkage=0.05


Tree=147
num_leaves=15
num_cat=0
split_feature=12 13 13 12 2 2 15 2 11 5 12 7 12 6
split_gain=125.326 7.51531 6.55728 4.78203 3.82728 2.55934 2.15277 2.92764 2.03523 2.48893 1.84923 1.78472 1.58431 1.38695
threshold=6.3974541429475025 5.5000000000000009 3.5000000000000004 18.059722092276125 0.85039384551116426 1.5694165585973323 0.90661337209302328 1.3904437625272383 -0.015431958382610187 1.0358523043217163 4.083372073571149 0.99662162162162182 1.9575858704760456 3.5000000000000004
decision_type=2 2 2 2 2 2 2 2 2 2 2 2 2 2
left_child=2 3 5 6 -4 8 13 -8 -1 12 -7 -9 -10 -2
right_child=1 -3 4 -5 -6 10 7 11 9 -11 -12 -13 -14 -15
leaf_value=-0.045704706454442516 0.042518341175219347 -0.04252011365229269 0.06400225375894876 0.044546327005307904 -0.041232326229352079 -0.038668520048939753 0.0393932387412151 0.027145937619809764 0.013991584793169268 0.03068580439934104 -0.0058252560684606295 -0.0068925565603574438 -0.033344829392936523 0.010327984443897712
leaf_weight=2.1076463870704165 16.959683634340767 3.0712673142552367 0.87122933566570182 74.849395535886288 104.10461053345352 12.564546095207335 8.2799535393714923 5.5466305166482952 3.129852216690777 6.096060486510396 6.5046553537249556 12.596652969717978 4.0612615216523409 4.1686653494834891
leaf_count=24 96 46 10 600 2439 301 48 25 36 39 57 51 49 19
internal_value=-0.00152356 0.0347308 -0.0341463 0.0366691 -0.0403589 -0.0152229 0.0242699 0.0147567 -5.82871e-05 0.00718227 -0.0274654 0.00351344 -0.0127422 0.0361671
internal_weight=264.912 125.472 139.44 122.401 104.976 34.464 47.5516 26.4232 15.3948 13.2872 19.0692 18.1433 7.19111 21.1283
internal_count=3840 885 2955 839 2449 506 239 124 148 124 358 76 85 115
is_linear=0
shrinkage=0.05


Tree=148
num_leaves=15
num_cat=0
split_feature=0 0 5 11 16 6 12 7 2 5 13 11 12 18
split_gain=33.7503 37.309 19.6785 12.9647 11.4649 9.35986 7.68845 8.06898 5.72634 5.32227 7.0872 4.88049 5.00059 4.74686
threshold=6.5000000000000009 12.500000000000002 0.95457433247581724 0.11400737744892402 1.0000000180025095e-35 2.5000000000000004 14.229223217848045 0.59738243123336299 1.7187187333386496 0.64584087887659691 8.5000000000000018 0.021710739180298425 2.1881587821903978 0.72792207792207808
decision_type=2 2 2 2 2 2 2 2 2 2 2 2 2 2
left_child=-1 2 3 4 5 -2 7 -4 -7 -6 -11 -9 -13 -10
right_child=1 -3 6 -5 9 8 -8 11 13 10 -12 12 -14 -15
leaf_value=-0.041743868137189562 0.045449604069209615 -0.042149979551394413 -0.026206541368898391 -0.041728554440870862 0.045831877058165466 0.036241270306531841 -0.041330683797279798 0.018889194129117243 0.048112249770380061 0.015618047531848209 -0.046568245389510897 0.041364131563664003 -0.031104385641429297 -0.0080114778193932524
leaf_weight=39.52630770765245 75.524598732590675 33.110014639794827 19.547312738373876 6.8852670714259139 4.2978981286287334 21.793417427688837 12.022336874157189 44.859328135848045 4.5493273138999966 9.0146946012973803 9.31703515909612 3.0558567196130744 10.770684771239756 21.92248722538352
leaf_count=963 351 810 351 112 13 120 331 257 21 61 108 16 98 228
internal_value=0.0014745 0.00764886 0.0144186 0.0253235 0.0284766 0.0344587 -0.00410407 0.00161666 0.0172602 -0.00424688 -0.0159879 0.0108841 -0.0150878 0.00163369
internal_weight=316.197 276.67 243.56 153.305 146.419 123.79 90.2555 78.2332 48.2652 22.6296 18.3317 58.6859 13.8265 26.4718
internal_count=3840 2877 2067 1014 902 720 1053 722 369 182 169 371 114 249
is_linear=0
shrinkage=0.05


Tree=149
num_leaves=15
num_cat=0
split_feature=16 16 11 11 4 0 2 14 15 7 3 17 3 13
split_gain=129.765 8.01246 2.38255 2.33079 3.44065 2.67851 2.62494 4.31261 2.4118 2.10997 2.4455 1.74719 1.6531 2.05906
threshold=1.0000000180025095e-35 5.5000000000000009 0.064267454312832442 -0.016569704534639292 0.11759581881533189 10.500000000000002 1.7889739467033274 6.5000000000000009 0.65108695652173931 1.1443136604774538 0.87981481481481494 0.20942982456140355 0.83460404864015825 11.500000000000002
decision_type=2 2 2 2 2 2 2 2 2 2 2 2 2 2
left_child=-1 3 -3 9 5 6 7 -5 -8 10 -2 -10 -7 -14
right_child=1 2 -4 4 -6 12 8 -9 11 -11 -12 -13 13 -15
leaf_value=-0.040630766819124718 0.040837914317519236 0.042297744996005249 0.0014841440645035264 -0.04559301112721259 -0.027068244736816002 0.013175764131684487 -0.0083938915395534355 0.014136344582634467 0.010650427577919681 0.0621418379544737 -0.0019255342761784018 0.039010661037775757 0.029006979047602518 0.070536337272748023
leaf_weight=118.26378845516592 8.3983439877629298 70.533485747873783 3.7667447775602332 5.0800264552235586 4.7857767641544333 9.3255689516663569 6.9004132263362434 7.4599201418459415 10.352464217692615 4.8353559747338286 5.5541979111731044 11.423163697123526 11.465981539338825 4.035032093524932
leaf_count=3018 36 390 13 19 34 44 28 32 51 21 31 51 57 15
internal_value=-0.0007125 0.0280881 0.0402286 0.0180224 0.0138693 0.0168359 0.00902088 -0.0100605 0.0173651 0.0336788 0.0238147 0.0255278 0.02981 0.0398174
internal_weight=282.18 163.916 74.3002 89.6162 70.8283 66.0426 41.216 12.5399 28.676 18.7879 13.9525 21.7756 24.8266 15.501
internal_count=3840 822 403 419 331 297 181 51 130 88 67 102 116 72
is_linear=0
shrinkage=0.05


Tree=150
num_leaves=15
num_cat=0
split_feature=6 6 19 2 12 8 4 14 5 4 0 4 18 2
split_gain=83.5837 10.066 9.03588 5.22881 4.13336 4.70198 4.46064 3.99895 3.43045 3.25589 2.74463 4.43507 4.32014 2.76074
threshold=2.5000000000000004 1.0000000180025095e-35 1.0000000180025095e-35 1.157981609470111 8.5772155017046448 1.5000000000000002 0.0074441635061103604 8.5000000000000018 0.90392310917852614 -0.20953122682094777 12.500000000000002 0.23714251381879406 0.62701612903225812 2.0991942109975903
decision_type=2 2 2 2 2 2 2 2 2 2 2 2 2 2
left_child=1 -1 3 -2 5 7 -7 8 -4 -5 11 12 -11 -14
right_child=2 -3 4 9 -6 6 -8 -9 -10 10 -12 -13 13 -15
leaf_value=0.01662628266903686 -0.0042684977627781345 -0.041500741653797774 -0.0074775257328641475 -0.021544876109072592 -0.039364140021483002 -0.015920219354626754 0.042461842821554796 0.060108466937951126 0.032144209144262588 -0.013518108425538442 0.043718268154872626 -0.020027025748314293 0.023301797585890044 0.040566189935917908
leaf_weight=8.1112733855843526 13.351206202059982 91.082066414877772 11.142950702458625 3.1707753390073767 5.3419819865375748 23.714463800191883 3.7953598387539378 5.3687059730291358 10.716988541185854 5.810358975082635 27.709282845258713 4.9800328090786925 52.552095048129559 41.396534271538258
leaf_count=48 109 2029 65 15 91 194 31 45 86 40 274 26 416 371
internal_value=0.00105037 -0.0367476 0.0189853 0.0255868 0.00261663 0.00671357 -0.00786561 0.0214433 0.0119473 0.028526 0.0297247 0.0260226 0.0283214 0.030909
internal_weight=308.244 99.1933 209.051 148.97 60.0805 54.7385 27.5098 27.2286 21.8599 135.619 132.448 104.739 99.759 93.9486
internal_count=3840 2077 1763 1251 512 421 225 196 151 1142 1127 853 827 787
is_linear=0
shrinkage=0.05


Tree=151
num_leaves=15
num_cat=0
split_feature=10 11 11 5 4 8 11 1 7 7 10 6 5 1
split_gain=127.691 8.08604 4.0529 2.95114 3.4263 2.81057 3.73735 2.97639 2.2594 1.98279 1.42509 1.8458 1.78651 2.44934
threshold=1.5000000000000002 0.15061696831342566 -1.0000000180025095e-35 1.1798472407031921 -0.019827394827394772 1.0000000180025095e-35 0.075618717266973903 9.5000000000000018 1.0977379323822554 0.82914945212861524 2.5000000000000004 1.5000000000000002 1.0297031068137372 14.500000000000002
decision_type=2 2 2 2 2 2 2 2 2 2 2 2 2 2
left_child=-1 2 -2 5 -5 6 7 -4 -6 -9 -7 -12 13 -13
right_child=1 -3 3 4 8 10 -8 9 -10 -11 11 12 -14 -15
leaf_value=-0.041588011378950657 -0.030705043368182656 0.044626335264995015 0.016225055258242031 0.029962774001390052 -0.04580893416690713 0.047403043459556649 0.031227608162713513 -0.0031558226693806993 0.0048173678968231014 -0.059465645170655848 0.04328072151677384 0.025452094317203529 0.047285049485789876 -0.016562990940555494
leaf_weight=110.34143083542585 3.7145859617739907 54.286645315587521 8.1243777424097079 6.6169528216123572 3.9410407431423646 14.337011173367499 16.252699390053749 3.3267558086663476 4.9996782355010509 2.9492403939366341 12.733898840844629 9.954496733844282 4.3027059808373442 5.3240481335669747
leaf_count=3034 47 317 36 29 23 61 73 31 30 14 55 43 18 29
internal_value=-0.000710749 0.0291867 0.020508 0.0225566 0.00268759 0.0265552 0.0147938 -0.00375398 -0.0174985 -0.0296172 0.0342832 0.0284624 0.0188259 0.0108113
internal_weight=261.206 150.864 96.5775 92.8629 15.5577 77.3052 30.6531 14.4004 8.94072 6.276 46.6522 32.3151 19.5813 15.2785
internal_count=3840 806 489 442 82 360 154 81 53 45 206 145 90 72
is_linear=0
shrinkage=0.05


Tree=152
num_leaves=15
num_cat=0
split_feature=12 12 13 2 1 7 2 18 3 1 5 19 14 15
split_gain=114.911 7.1718 6.53793 3.65264 3.15877 2.47732 2.14699 2.15002 2.13254 2.45947 3.22433 2.20882 2.69017 1.82523
threshold=6.3974541429475025 16.536497957816312 3.5000000000000004 0.85039384551116426 35.500000000000007 1.693979933110368 1.4034088006451964 1.276388888888889 1.9769353128313896 8.5000000000000018 1.1926211627717205 1.0000000180025095e-35 5.5000000000000009 0.90661337209302328
decision_type=2 2 2 2 2 2 2 2 2 2 2 2 2 2
left_child=2 4 5 -4 8 6 7 -1 9 -2 13 12 -12 -11
right_child=1 -3 3 -5 -6 -7 -8 -9 -10 10 11 -13 -14 -15
leaf_value=0.016586240337707045 0.038265400610926141 0.043409635914567313 0.059813248896168694 -0.041120254359086617 -0.021815034718726135 0.025783191460937049 -0.028224928182969046 -0.035096866351746948 0.042455516484722025 0.0053827536738518603 -0.023975113387105174 0.037889421334641848 0.028251692289067543 -0.057688794165780592
leaf_weight=6.4994074739515799 8.8025091141462344 74.593233019113541 0.90463297814130683 97.859266745857894 4.4539287574589244 3.4065988175570956 20.656421571969986 2.9146673753857613 10.101717002689837 2.0477018337696817 5.0415595695376414 7.2689905911684027 4.8257922157645226 2.6080301478505135
leaf_count=58 44 630 10 2439 26 21 397 30 60 21 23 34 25 22
internal_value=-0.00159343 0.0338896 -0.0337231 -0.0401957 0.0181614 -0.0146276 -0.0192056 0.000584767 0.0225366 0.0159598 0.00694981 0.0169746 0.00156727 -0.0299484
internal_weight=251.984 119.743 132.241 98.7639 45.1502 33.4771 30.0705 9.41407 40.6963 30.5946 21.7921 17.1363 9.86735 4.65573
internal_count=3840 885 2955 2449 255 506 485 88 229 169 125 82 48 43
is_linear=0
shrinkage=0.05


Tree=153
num_leaves=15
num_cat=0
split_feature=0 0 5 11 16 6 18 18 7 12 16 11 4 5
split_gain=31.5158 34.6932 17.9045 11.8303 10.3676 8.80983 7.33092 6.50147 6.76782 7.34415 6.07479 6.66661 5.24145 4.91935
threshold=6.5000000000000009 12.500000000000002 0.95457433247581724 0.11400737744892402 1.0000000180025095e-35 2.5000000000000004 1.9301948051948055 1.8350340136054424 0.29217479674796759 5.4977810734224573 5.5000000000000009 0.021710739180298425 -0.18189548546691406 0.64584087887659691
decision_type=2 2 2 2 2 2 2 2 2 2 2 2 2 2
left_child=-1 2 3 4 5 -2 7 8 -4 10 11 -10 -7 -6
right_child=1 -3 6 -5 13 12 -8 -9 9 -11 -12 -13 -14 -15
leaf_value=-0.041654277868962225 0.044705283959893649 -0.04206345213692033 -0.043002170295749376 -0.041611029018636024 0.04427168010772195 0.066723155462432987 -0.037049790035809708 0.089098264455626047 0.028241556100117346 -0.034284823015457364 -0.041657669278814959 -0.014894128422311033 0.011432510639482573 -0.015306731354495727
leaf_weight=37.115211369469762 71.339896380901337 31.151532744988799 8.1339477617293579 6.4287707377225152 4.3023004084825542 4.7615366652607909 13.93854947388172 2.1048513278365126 37.324766743928194 9.839406304061411 4.692164607346057 11.785454597324131 42.950931686908007 17.797176847234368
leaf_count=963 351 810 172 112 13 17 325 17 194 157 79 109 352 169
internal_value=0.00151258 0.00752323 0.0140853 0.0247225 0.0277436 0.033582 -0.00379064 0.00248414 -5.58536e-05 0.00543304 0.0126967 0.0178899 0.0169503 -0.00370808
internal_weight=303.666 266.551 235.4 147.581 141.152 119.052 87.8191 73.8806 71.7757 63.6418 53.8024 49.1102 47.7125 22.0995
internal_count=3840 2877 2067 1014 902 720 1053 728 711 539 382 303 369 182
is_linear=0
shrinkage=0.05


Tree=154
num_leaves=15
num_cat=0
split_feature=16 16 11 11 4 0 2 14 15 7 3 17 18 3
split_gain=119.637 7.75846 2.32028 2.18697 3.09705 2.48462 2.43296 3.95378 2.24749 2.0198 2.27043 1.64563 1.58932 1.56938
threshold=1.0000000180025095e-35 5.5000000000000009 0.064267454312832442 -0.016569704534639292 0.11759581881533189 10.500000000000002 1.7889739467033274 6.5000000000000009 0.65108695652173931 1.1443136604774538 0.87981481481481494 0.20942982456140355 0.98245073891625634 0.83460404864015825
decision_type=2 2 2 2 2 2 2 2 2 2 2 2 2 2
left_child=-1 3 -3 9 5 6 7 -5 -8 10 -2 12 -10 -7
right_child=1 2 -4 4 -6 13 8 -9 11 -11 -12 -13 -14 -15
leaf_value=-0.040482189116074069 0.039658925703209252 0.041645040320082455 0.0011227975109491803 -0.044137633290072864 -0.026159833998378724 0.01226317694477454 -0.0083717770818879204 0.013346636169856724 -0.0084416841188611896 0.060827494362164537 -0.0019649214020674662 0.037947816391119507 0.030975726368697366 0.03848406312337832
leaf_weight=111.21314064413309 8.1120269149541873 66.893618673086166 3.7295533865690222 5.0372729375958425 4.6622962057590476 9.128471568226816 6.8361617177724865 7.3644990809261799 5.4216614365577716 4.7133565992116919 5.4956141263246527 11.065805628895758 4.84032828733325 15.2230540625751
leaf_count=3018 36 390 13 19 34 44 28 32 24 21 31 51 27 72
internal_value=-0.000726336 0.0271646 0.0395051 0.0172497 0.0132027 0.0160297 0.00845085 -0.010002 0.0165764 0.0326193 0.0228486 0.024573 0.0101505 0.0286548
internal_weight=269.737 158.524 70.6232 87.9005 69.5796 64.9173 40.5657 12.4018 28.164 18.321 13.6076 21.3278 10.262 24.3515
internal_count=3840 822 403 419 331 297 181 51 130 88 67 102 51 116
is_linear=0
shrinkage=0.05


Tree=155
num_leaves=15
num_cat=0
split_feature=6 6 19 7 2 3 3 16 2 11 5 5 13 3
split_gain=77.1155 9.56632 8.28849 4.77934 4.98873 3.75135 3.96206 3.8351 3.5766 3.28784 3.75244 3.1236 2.57601 3.71764
threshold=2.5000000000000004 1.0000000180025095e-35 1.5000000000000002 0.66599462365591411 2.0224993440594736 0.79748196448390696 1.7636206896551727 3.5000000000000004 2.0774845920192679 0.057614456276032323 0.78923268581479311 0.90801356124316224 4.5000000000000009 0.59889870346500884
decision_type=2 2 2 2 2 2 2 2 2 2 2 2 2 2
left_child=1 -1 3 5 -5 7 -7 9 -8 10 -2 -6 -4 -14
right_child=2 -3 12 4 11 6 8 -9 -10 -11 -12 -13 13 -15
leaf_value=0.015847172629829293 -0.0037688613714330988 -0.041424569185395124 -0.040038250062281011 -0.0081942788488392759 -0.012875197206085667 0.033500936419400378 0.020512723901971397 -0.037832990384883011 -0.044063008828573405 -0.015574009708448192 0.036271648142056127 0.043557826380700986 -0.024086626054984264 0.027358841040826615
leaf_weight=7.9717561826109877 8.284365192055704 85.418073954060674 5.8738889060914543 23.638811558485031 3.2291433066129676 98.574690755456686 6.9245403334498388 3.47999483346939 3.1060371249914169 6.2482321299612513 19.923558279871941 10.189222916960714 7.7092727012932283 6.4494785517454147
leaf_count=48 47 2029 94 174 17 894 54 28 15 44 181 83 70 62
internal_value=0.00108422 -0.0365359 0.0183376 0.0216697 0.00562756 0.0257265 0.0304545 0.0121907 0.000516405 0.017243 0.0245122 0.0299772 -0.0122011 -0.000652608
internal_weight=297.021 93.3898 203.631 183.599 37.0572 146.541 108.605 37.9362 10.0306 34.4562 28.2079 13.4184 20.0326 14.1588
internal_count=3840 2077 1763 1537 274 1263 963 300 69 272 228 100 226 132
is_linear=0
shrinkage=0.05


Tree=156
num_leaves=15
num_cat=0
split_feature=10 11 11 5 4 8 11 1 7 18 10 6 5 1
split_gain=118.325 7.85941 3.6895 2.79803 3.12441 2.6518 3.46222 2.74701 2.15187 1.93536 1.36837 1.76127 1.34543 2.21963
threshold=1.5000000000000002 0.15061696831342566 -1.0000000180025095e-35 1.1798472407031921 -0.019827394827394772 1.0000000180025095e-35 0.075618717266973903 9.5000000000000018 1.0977379323822554 0.68715659340659352 2.5000000000000004 1.5000000000000002 1.0230388273558932 14.500000000000002
decision_type=2 2 2 2 2 2 2 2 2 2 2 2 2 2
left_child=-1 2 -2 5 -5 6 7 -4 -6 -9 -7 -12 13 -13
right_child=1 -3 3 4 8 10 -8 9 -10 -11 11 12 -14 -15
leaf_value=-0.041509893824426394 -0.029872934702855899 0.044137624309062075 0.015500893434018795 0.028748162039173821 -0.044935311074159115 0.046430116578963225 0.030228842700394679 0.0081437397717924118 0.0048174089265720643 -0.050217741575831337 0.042312372980353403 0.024599825360721389 0.042010564619107182 -0.016534345662874022
leaf_weight=103.75859816279262 3.5944972746074191 51.234727188944817 7.996347628533842 6.430848501622676 3.8818293288350088 13.8721956461668 15.848374560475348 2.2335308119654655 4.9378691725432873 3.9025533832609653 12.363125279545786 9.7712993398308772 4.5101213902235022 4.9363642372190943
leaf_count=3034 47 317 36 29 23 61 73 13 30 32 55 43 20 27
internal_value=-0.000714516 0.0283746 0.0198085 0.0217777 0.00224461 0.0257267 0.0141838 -0.00380951 -0.0170803 -0.0289742 0.0333404 0.0275907 0.01812 0.0107939
internal_weight=249.272 145.514 94.279 90.6845 15.2505 75.4339 29.9808 14.1324 8.8197 6.13608 45.4531 31.5809 19.2178 14.7077
internal_count=3840 806 489 442 82 360 154 81 53 45 206 145 90 70
is_linear=0
shrinkage=0.05


Tree=157
num_leaves=15
num_cat=0
split_feature=12 12 13 2 1 7 2 1 18 3 1 5 19 0
split_gain=105.164 7.0889 6.56992 3.49032 2.84262 2.28053 2.04292 2.60912 3.23792 2.01349 2.28063 2.91509 2.01558 2.46487
threshold=6.3974541429475025 16.536497957816312 3.5000000000000004 0.85039384551116426 35.500000000000007 1.693979933110368 1.4477586136961855 8.5000000000000018 1.0680760590500644 1.9769353128313896 8.5000000000000018 1.1926211627717205 1.0000000180025095e-35 8.5000000000000018
decision_type=2 2 2 2 2 2 2 2 2 2 2 2 2 2
left_child=2 4 5 -4 9 6 7 8 -1 10 -2 -12 13 -13
right_child=1 -3 3 -5 -6 -7 -8 -9 -10 -11 11 12 -14 -15
leaf_value=-0.0046389436950407814 0.036929033181371251 0.042903286706173327 0.055944287246940942 -0.041011568833486473 -0.020952357268619118 0.024820219383021536 -0.0284873398059729 -0.031746830114260959 0.072115760440008489 0.041284252358129242 -0.029196407276407422 0.027041198930662043 0.036183517019665955 -0.023327437077587155
leaf_weight=4.4734585322439688 8.5493513792753237 70.187678784132004 0.93768846988677879 92.046240925788879 4.3721465971320859 3.3994892723858348 18.516033230349422 4.1852079313248396 1.983157832175493 9.7321247979998571 4.5373464133590486 4.7272726744413394 7.114033978432416 4.9958339761942625
leaf_count=48 44 630 10 2439 26 21 382 43 12 60 43 25 34 23
internal_value=-0.00168001 0.0330375 -0.0332656 -0.0400338 0.0173099 -0.0139354 -0.0184539 -0.000996283 0.0189364 0.0215284 0.0151032 0.00637338 0.0159589 0.00116127
internal_weight=239.757 114.216 125.541 92.9839 44.0281 32.5573 29.1579 10.6418 6.45662 39.656 29.9238 21.3745 16.8371 9.72311
internal_count=3840 885 2955 2449 255 506 485 103 60 229 169 125 82 48
is_linear=0
shrinkage=0.05


Tree=158
num_leaves=15
num_cat=0
split_feature=0 0 5 11 16 6 3 7 11 16 4 5 13 0
split_gain=29.3901 32.1524 16.2939 10.7484 9.37117 8.43883 6.8393 6.16153 5.53329 5.14758 4.70403 4.54257 6.71682 4.38903
threshold=6.5000000000000009 12.500000000000002 0.95457433247581724 0.11400737744892402 1.0000000180025095e-35 2.5000000000000004 1.6857651912978247 0.29217479674796759 0.042142803499731325 5.5000000000000009 -0.18189548546691406 0.64584087887659691 8.5000000000000018 8.5000000000000018
decision_type=2 2 2 2 2 2 2 2 2 2 2 2 2 2
left_child=-1 2 3 4 5 -2 7 -4 9 13 -7 -6 -13 -9
right_child=1 -3 6 -5 11 10 -8 8 -10 -11 -12 12 -14 -15
leaf_value=-0.041564068566627387 0.043995647817686362 -0.041970439056443806 -0.035118989114576171 -0.04149581533316643 0.042809038075280831 0.063969319648363596 -0.041716474168127814 -0.010042569248851826 -0.02664472489098299 -0.041525593833167132 0.011236527847143586 0.015846513704053995 -0.046302192170451402 0.025506444473068147
leaf_weight=34.858319209888577 67.373515799641609 29.269158057868481 9.879394752904771 5.991604344919323 4.3002414554357555 4.6939941123127928 10.332107204943894 11.095549387857316 10.158481135964392 3.9421629980206481 42.70175851508975 8.8797741346061247 8.5177478175610286 39.926963357254863
leaf_count=963 351 810 222 112 13 17 297 91 117 72 352 61 108 254
internal_value=0.00151873 0.00736086 0.0136994 0.0240492 0.026927 0.032624 -0.00357858 0.00167517 0.00725696 0.0135226 0.0164591 -0.00320714 -0.0145812 0.0177758
internal_weight=291.921 257.062 227.793 142.459 136.467 114.769 85.3347 75.0026 65.1232 54.9647 47.3958 21.6978 17.3975 51.0225
internal_count=3840 2877 2067 1014 902 720 1053 756 534 417 369 182 169 345
is_linear=0
shrinkage=0.05


Tree=159
num_leaves=15
num_cat=0
split_feature=16 16 11 11 4 0 5 3 2 15 17 7 3 13
split_gain=110.513 7.43054 2.22791 2.0488 2.78805 2.31767 2.39581 2.0049 3.20025 2.17835 2.15169 1.90707 2.0972 1.5416
threshold=1.0000000180025095e-35 5.5000000000000009 0.064267454312832442 -0.016569704534639292 0.11759581881533189 10.500000000000002 0.75959018493369634 1.182255244755245 1.7498581827516329 0.65108695652173931 0.15192307692307697 1.1443136604774538 0.87981481481481494 11.500000000000002
decision_type=2 2 2 2 2 2 2 2 2 2 2 2 2 2
left_child=-1 3 -3 11 5 6 -5 8 -8 -10 -11 12 -2 -7
right_child=1 2 -4 4 -6 13 7 -9 9 10 -12 -13 -14 -15
leaf_value=-0.040333890936045516 0.038631007100554865 0.041003191517966747 0.001128847818999435 -0.023318107552865508 -0.025214274414851929 0.019482424889016869 -0.023883757269619867 0.041985655336940202 -0.010572062150188711 0.0011039268449368237 0.037726428570265452 0.059442079051278462 -0.0017939836545419925 0.047346401897230314
leaf_weight=104.62883776240051 7.8330720439553279 63.365055866539478 3.708082288503646 5.2980601564049712 4.5335663668811312 16.878908094018701 6.2711866870522526 5.0254123359918585 5.6888296045362976 6.147383343428376 11.539383724331854 4.5972765758633605 5.4340915344655514 7.0319853276014319
leaf_count=3018 36 390 13 29 34 83 28 19 23 28 54 21 31 33
internal_value=-0.000715096 0.0263159 0.0387988 0.0166118 0.0126746 0.0153635 0.00799741 0.0127825 0.00783235 0.0163411 0.0249976 0.0316899 0.0220734 0.027677
internal_weight=257.981 153.352 67.0731 86.2792 68.4147 63.8811 39.9703 34.6722 29.6468 23.3756 17.6868 17.8644 13.2672 23.9109
internal_count=3840 822 403 419 331 297 181 152 133 105 82 88 67 116
is_linear=0
shrinkage=0.05


Tree=160
num_leaves=15
num_cat=0
split_feature=6 6 19 2 7 4 11 3 7 15 3 16 13 4
split_gain=71.1264 9.06306 7.60893 4.53191 3.55128 2.90999 2.81922 2.65732 2.60692 3.43169 4.38903 2.58009 3.58499 2.69701
threshold=2.5000000000000004 1.0000000180025095e-35 1.0000000180025095e-35 1.157981609470111 0.26931366047745364 -0.20953122682094777 0.025145466350764815 0.52548701298701317 0.62387724550898216 0.63693181818181832 1.2116506681724075 1.0000000180025095e-35 17.500000000000004 0.33545869813475609
decision_type=2 2 2 2 2 2 2 2 2 2 2 2 2 2
left_child=1 -1 3 -2 6 -5 -4 -7 11 -10 -11 13 -13 -9
right_child=2 -3 4 5 -6 7 -8 8 9 10 -12 12 -14 -15
leaf_value=0.015018112240777573 -0.0043287364187604219 -0.041352725765791236 0.029060431601956368 -0.021383112341839278 -0.0090290694220860456 -0.020365890562674432 -0.0045182629781578259 0.037737070236153927 0.036125870284165078 -0.022698505718168237 0.03259431923936866 0.030659884539837617 -0.024058421717403793 -0.01755394057378842
leaf_weight=7.8270286917686454 12.866582769900559 80.097271095961332 15.977227259427311 3.0583360642194739 31.223886866122484 2.7786481082439414 10.268182221800087 80.164310395717621 11.09299796447158 8.9708429500460607 5.982356145977973 9.1142244786024076 4.4572983086109152 2.2679300531744948
leaf_count=48 109 2029 129 15 311 21 72 827 97 43 42 64 20 13
internal_value=0.00109483 -0.0363346 0.0176971 0.0239567 0.00236627 0.0268025 0.0159232 0.027983 0.0290838 0.0150544 -0.000577395 0.03289 0.0126887 0.0362159
internal_weight=286.147 87.9243 198.223 140.754 57.4693 127.887 26.2454 124.829 122.05 26.0462 14.9532 96.0038 13.5715 82.4322
internal_count=3840 2077 1763 1251 512 1142 201 1127 1106 182 85 924 84 840
is_linear=0
shrinkage=0.05


Tree=161
num_leaves=15
num_cat=0
split_feature=10 11 11 5 4 8 11 1 12 11 12 1 10 10
split_gain=109.648 7.62831 3.59038 2.65771 2.88118 2.47082 3.18313 2.54913 2.23367 3.66282 1.91044 1.31908 2.25118 1.23418
threshold=1.5000000000000002 0.15061696831342566 -0.0041455337260741789 1.1798472407031921 -0.019827394827394772 1.0000000180025095e-35 0.075618717266973903 9.5000000000000018 3.1784160467343567 0.091371893954874342 2.558349149718016 16.500000000000004 2.5000000000000004 2.5000000000000004
decision_type=2 2 2 2 2 2 2 2 2 2 2 2 2 2
left_child=-1 2 -2 5 -5 6 7 -4 -6 -10 -9 -8 -13 -7
right_child=1 -3 3 4 8 13 11 10 9 -11 -12 12 -14 -15
leaf_value=-0.041437438294660019 -0.036023112011245438 0.04367115888923627 0.014887249604527442 0.027641014574021485 -0.062197971210853902 0.044797356594593031 0.05038491392048311 -0.052723904662956157 -0.038536864072298387 0.035585978750009503 0.0041723286690754932 0.046071673424071202 -0.00080658245052243243 0.02671503949470724
leaf_weight=97.577758783474565 2.8589700050652018 48.301376089453697 7.8599378168582934 6.2443835362792006 2.0702721178531629 13.515961423516272 4.9544007778167716 3.4426261745393276 3.4521767199039459 3.2224459201097488 2.5818969197571278 4.4475219547748548 6.0375739336013794 31.264351403340697
leaf_count=3034 40 317 36 29 10 62 25 24 32 13 22 22 26 148
internal_value=-0.00073525 0.0275822 0.0191308 0.0209007 0.00169936 0.0247846 0.0135022 -0.00386931 -0.0168245 -0.00275104 -0.0283402 0.0291241 0.019078 0.0321728
internal_weight=237.832 140.254 91.9525 89.0935 14.9893 74.1043 29.324 13.8845 8.74489 6.67462 6.02452 15.4395 10.4851 44.7803
internal_count=3840 806 489 449 84 365 155 82 55 45 46 73 48 210
is_linear=0
shrinkage=0.05


Tree=162
num_leaves=15
num_cat=0
split_feature=12 12 13 2 1 2 12 3 1 5 19 0 11 14
split_gain=96.4268 6.9565 6.5577 3.38004 2.57242 2.15238 1.93013 1.86473 2.14158 2.66186 1.87929 2.24779 1.81267 2.4392
threshold=6.3974541429475025 16.536497957816312 3.5000000000000004 0.85039384551116426 35.500000000000007 1.5694165585973323 4.083372073571149 1.9769353128313896 8.5000000000000018 1.1926211627717205 1.0000000180025095e-35 8.5000000000000018 -0.015431958382610187 5.5000000000000009
decision_type=2 2 2 2 2 2 2 2 2 2 2 2 2 2
left_child=2 4 5 -4 7 12 -7 8 -2 -10 11 -11 -1 -14
right_child=1 -3 3 -5 -6 6 -8 -9 9 10 -12 -13 13 -15
leaf_value=-0.045075424263694201 0.035903776016083591 0.042429738428252331 0.053397718574588263 -0.040904584412973524 -0.020158762577547465 -0.037986224594659383 -0.0028303275383243422 0.040086406819783912 -0.028466640773136955 0.025813744830314622 0.034880979464737311 -0.022624320733713534 -0.0088601538276204903 0.036668717487878345
leaf_weight=1.8850409761071194 8.336790859699251 66.083473034203053 0.96075234562158485 86.549102704972029 4.2870189826935521 10.932863764464857 6.0728124678134909 9.3653295859694463 4.4321122989058521 4.63569074124098 6.9861373752355567 4.9553495422005653 8.2157718315720576 4.5827214810997239
leaf_count=24 44 630 10 2439 26 301 57 60 43 25 34 23 90 34
internal_value=-0.00172534 0.0322446 -0.032812 -0.0398693 0.0165911 -0.0133233 -0.0254319 0.0206609 0.0144616 0.00595304 0.0151556 0.000787518 0.000700138 0.00744224
internal_weight=228.281 109.082 119.199 87.5099 42.9984 31.6892 17.0057 38.7114 29.3461 21.0093 16.5772 9.59104 14.6835 12.7985
internal_count=3840 885 2955 2449 255 506 358 229 169 125 82 48 148 124
is_linear=0
shrinkage=0.05


Tree=163
num_leaves=15
num_cat=0
split_feature=0 0 5 11 16 6 18 18 7 12 3 16 11 13
split_gain=27.4753 29.9274 14.8154 9.78469 8.52359 7.56004 6.44727 6.77882 6.13692 6.57115 5.38256 5.09236 5.42735 4.73167
threshold=6.5000000000000009 12.500000000000002 0.95457433247581724 0.11400737744892402 6.5000000000000009 2.5000000000000004 1.9301948051948055 1.8672955974842769 0.29217479674796759 5.4977810734224573 0.52548701298701317 5.5000000000000009 0.021710739180298425 4.5000000000000009
decision_type=2 2 2 2 2 2 2 2 2 2 2 2 2 2
left_child=-1 2 3 4 5 -2 7 8 -4 11 -7 12 -10 -12
right_child=1 -3 6 -5 -6 10 -8 -9 9 -11 13 -13 -14 -15
leaf_value=-0.041485697940427058 0.038391479577709928 -0.041896624750125046 -0.042715018461077517 -0.041389389567644902 -0.042579806110294049 0.06557176772397072 -0.036410297196441864 0.093649703214722102 0.026035765018866661 -0.033736463209473315 0.048916658457095245 -0.041431745642326302 -0.013793106972549105 0.0020143611575382417
leaf_weight=32.773591386154294 77.03750416636467 27.55862885247916 7.5157244671136132 5.583293864503502 4.3570042327046385 4.516639567911624 12.499400651082395 1.9847173579037178 36.472455998882651 9.2119000889360887 6.2198049798607817 4.0914741344749919 11.17361932620406 39.699053775519133
leaf_count=963 418 810 177 112 67 20 325 12 194 157 36 79 109 361
internal_value=0.00153908 0.00722668 0.0133701 0.0234428 0.0261886 0.0285391 -0.00331645 0.00255514 -8.55732e-05 0.0051711 0.0134902 0.0120986 0.0166954 0.00836737
internal_weight=280.695 247.921 220.363 137.413 131.83 127.473 82.9493 70.4499 68.4652 60.9494 50.4355 51.7375 47.6461 45.9189
internal_count=3840 2877 2067 1014 902 835 1053 728 716 539 417 382 303 397
is_linear=0
shrinkage=0.05


Tree=164
num_leaves=15
num_cat=0
split_feature=16 16 11 0 1 1 18 3 3 5 3 17 7 4
split_gain=102.115 7.06304 2.51603 1.93008 2.25101 2.25741 2.3883 1.94007 2.77173 2.68171 2.14945 1.93316 2.48475 1.90105
threshold=1.0000000180025095e-35 5.5000000000000009 0.066732811526830318 10.500000000000002 33.500000000000007 17.500000000000004 0.97361111111111109 0.8610413396127683 1.1252256317689533 1.0297031068137372 1.342871595425027 0.18898809523809526 0.26931366047745364 -0.092284798534798332
decision_type=2 2 2 2 2 2 2 2 2 2 2 2 2 2
left_child=-1 3 -3 7 5 6 -5 11 9 -9 -10 -2 -13 -8
right_child=1 2 -4 4 -6 -7 13 8 10 -11 -12 12 -14 -15
leaf_value=-0.040187346991864756 -0.0027733988949634396 0.040410739320253464 -0.0045319104233609141 0.041891581797481925 -0.0075050443941897449 0.046535500896727346 0.032390012022263957 -0.023121533604533406 0.038656147261934899 0.018576980415755069 -0.0035198347401133659 -0.0030783393119512264 0.041052072153336616 -0.018209389473350445
leaf_weight=98.452567029744387 6.155459966510537 60.33678875118494 3.2836138606071463 5.8071185126900735 4.3232256397604933 12.79893985763192 2.8873991295695323 12.630183588713413 6.9575033970177156 5.5501269251108161 5.3390989154577255 4.2624711804091957 12.673356063663958 5.1980326212942565
leaf_count=3018 28 392 11 29 19 66 13 56 31 25 31 21 64 36
internal_value=-0.000715849 0.0255054 0.0380911 0.0160388 0.025965 0.0313862 0.0174294 0.0102917 0.00200916 -0.0103917 0.0203436 0.0212234 0.0299452 -0.000139771
internal_weight=246.656 148.203 63.6204 84.5829 31.0147 26.6915 13.8926 53.5682 30.4769 18.1803 12.2966 23.0913 16.9358 8.08543
internal_count=3840 822 403 419 163 144 78 256 143 81 62 113 85 49
is_linear=0
shrinkage=0.05


Tree=165
num_leaves=15
num_cat=0
split_feature=6 6 12 11 4 8 15 7 2 11 4 17 4 3
split_gain=65.7083 8.53559 7.07887 6.74792 5.24906 7.16653 5.36208 4.69349 4.20879 3.403 3.23726 2.76544 2.85757 2.66348
threshold=2.5000000000000004 1.0000000180025095e-35 16.536497957816312 0.19000905873514459 0.0074441635061103604 1.5000000000000002 1.5303308823529413 0.39685742235265348 1.6244247221943426 0.072438221252411714 0.19614048150905927 0.26969696969696971 -0.0091996803109132795 0.55712530712530728
decision_type=2 2 2 2 2 2 2 2 2 2 2 2 2 2
left_child=1 -1 3 4 5 8 -6 11 -2 -10 -8 12 13 -7
right_child=2 -3 -4 -5 6 7 10 -9 9 -11 -12 -13 -14 -15
leaf_value=0.014051068057026351 -0.0026405206319114749 -0.041286558942633944 -0.041973570990022302 -0.042176419946773014 0.035131728908157508 -0.0098275811571669775 0.016322007085711805 -0.025120268981341287 0.035623030800822623 -0.0057153069412450462 -0.037644513289277884 -0.027516526471479757 -0.023009156514283709 0.034462688587587047
leaf_weight=7.6806888654828063 11.955823779106138 75.140289683826268 4.9441121071577063 4.4536894485354415 68.869043562561274 4.4172938056290212 9.5743339471518976 15.444562733173369 41.029505997896194 5.6659667268395415 3.915238741785287 4.2774714045226565 3.8513334840536144 14.659846013411878
leaf_count=48 83 2029 115 64 654 26 75 123 378 31 20 34 29 131
internal_value=0.00110124 -0.0361546 0.0170838 0.018636 0.0201107 0.012489 0.0294854 -0.00310623 0.0238297 0.0306071 0.000658664 0.00939094 0.0162763 0.0242073
internal_weight=275.879 82.821 193.058 188.114 183.66 101.302 82.3586 42.6505 58.6513 46.6955 13.4896 27.2059 22.9285 19.0771
internal_count=3840 2077 1763 1648 1584 835 749 343 492 409 95 220 186 157
is_linear=0
shrinkage=0.05


Tree=166
num_leaves=15
num_cat=0
split_feature=10 11 11 5 4 8 11 1 10 7 1 10 10 17
split_gain=101.722 7.40795 3.04905 2.48145 2.59789 2.35136 2.9149 2.33122 2.04755 1.88379 1.30216 2.1586 1.23728 3.55164
threshold=1.5000000000000002 0.15061696831342566 -1.0000000180025095e-35 1.1798472407031921 -0.019827394827394772 1.0000000180025095e-35 0.075618717266973903 9.5000000000000018 3.5000000000000004 0.82914945212861524 16.500000000000004 2.5000000000000004 2.5000000000000004 0.10263157894736843
decision_type=2 2 2 2 2 2 2 2 2 2 2 2 2 2
left_child=-1 2 -2 5 -5 6 7 -4 -6 -9 -8 -12 -7 -14
right_child=1 -3 3 4 8 12 10 9 -10 -11 11 -13 13 -15
leaf_value=-0.041370788144700146 -0.028338652741844318 0.043243829804370915 0.014232265009980569 0.026454075460646976 0.0033874196979024602 0.044367361175299228 0.049942143539803072 -0.00066462572053170371 -0.046848179622326735 -0.057486000093625769 0.045451107041253214 -0.0010819439497119941 0.032588911655096441 -0.0181851953020611
leaf_weight=91.799943584948778 3.3471078202128401 45.549542002379894 7.731074310839178 6.0801605358719817 5.1635686382651311 13.011025510728357 4.7165022045373908 3.0769337117671967 3.3407082986086607 2.7733834199607372 4.2565027773380262 6.0128205344080925 26.239075925201181 3.9645597338676444
leaf_count=3034 47 317 36 29 26 61 25 31 27 14 22 26 128 17
internal_value=-0.000747748 0.0268222 0.0184846 0.0202992 0.00149681 0.0241194 0.0129892 -0.00378791 -0.0163465 -0.0276012 0.0281939 0.0182054 0.0314771 0.0259243
internal_weight=227.063 135.263 89.7134 86.3663 14.5844 71.7819 28.5672 13.5814 8.50428 5.85032 14.9858 10.2693 43.2147 30.2036
internal_count=3840 806 489 442 82 360 154 81 53 45 73 48 206 145
is_linear=0
shrinkage=0.05


Tree=167
num_leaves=15
num_cat=0
split_feature=12 12 13 2 5 1 18 14 7 0 18 18 2 18
split_gain=88.4176 6.83871 6.56745 3.2506 2.33643 2.96562 4.22167 2.82191 2.01555 1.85894 1.84171 3.09986 3.60183 1.96172
threshold=6.3974541429475025 18.059722092276125 3.5000000000000004 0.85039384551116426 1.6944647804652007 8.5000000000000018 1.2875939849624063 4.5000000000000009 1.693979933110368 5.5000000000000009 1.6671940928270044 1.5564663023679419 1.4591203284524787 1.0680760590500644
decision_type=2 2 2 2 2 2 2 2 2 2 2 2 2 2
left_child=2 4 8 -4 5 -2 -7 -8 10 -6 11 12 13 -1
right_child=1 -3 3 -5 9 6 7 -9 -10 -11 -12 -13 -14 -15
leaf_value=-0.0078674582691038424 0.035032284584456543 0.042775037633592874 0.05037356329283095 -0.040804778781245797 0.0038708804509346596 -0.037532317726067611 -0.0099703235653574116 0.0300800581119696 0.024007332056514983 0.045239376047274599 -0.044137763558212695 0.064837948656785827 -0.032412489235568269 0.042672408387222999
leaf_weight=5.5029562227428084 8.368627071380617 58.579729855060577 0.98937766253948112 81.465711018070579 3.7141929492354384 5.5955186411738422 7.9252359867095974 9.8824710696935636 3.3420423194766036 10.10050195455551 5.1285781227052203 1.2735328059643496 12.617328216321765 2.9489504024386406
leaf_count=58 46 600 10 2439 21 48 44 62 21 64 116 23 269 19
internal_value=-0.00177455 0.0314735 -0.0323508 -0.0397107 0.0169507 0.00948662 0.00035189 0.0122558 -0.0126559 0.0341171 -0.0171162 -0.0109137 -0.0154925 0.00976638
internal_weight=217.435 104.166 113.268 82.4551 45.5865 31.7719 23.4032 17.8077 30.8134 13.8147 27.4713 22.3428 21.0692 8.45191
internal_count=3840 885 2955 2449 285 200 154 106 506 85 485 369 346 77
is_linear=0
shrinkage=0.05


Tree=168
num_leaves=15
num_cat=0
split_feature=0 0 5 11 16 6 3 7 2 19 0 4 17 10
split_gain=25.6372 27.7928 13.4362 8.88591 8.17633 7.61758 6.05279 5.22064 4.98468 4.55431 7.22358 5.25571 5.95586 6.19073
threshold=6.5000000000000009 12.500000000000002 0.95457433247581724 0.11400737744892402 1.0000000180025095e-35 2.5000000000000004 1.6857651912978247 0.29217479674796759 2.3990026929631472 1.0000000180025095e-35 8.5000000000000018 -0.014923469387755099 0.10263157894736843 3.5000000000000004
decision_type=2 2 2 2 2 2 2 2 2 2 2 2 2 2
left_child=-1 2 3 4 5 -2 7 -4 9 10 -9 12 13 -11
right_child=1 -3 6 -5 -6 -7 -8 8 -10 11 -12 -13 -14 -15
leaf_value=-0.041413422230349009 0.042705728051158263 -0.041822580422038895 -0.034027348328414357 -0.041294053210251175 -0.0032128371336111691 0.015784924946418647 -0.041581532036674897 -0.025126300710353107 -0.028272971301284783 0.042938630954193202 0.03699012279590428 -0.05066403600842169 -0.045722823213038472 -0.030155462148087731
leaf_weight=30.79038891941309 60.227907635271549 25.935148988850415 8.9187030568718892 5.2035614624619475 20.933099651709199 46.615671142935753 9.0759552437812072 5.771540921181443 8.6941500529646856 10.561533935368066 24.755750870332122 4.8087232038378707 4.0409748405218116 3.9916010685265055
leaf_count=963 351 810 222 112 182 369 297 60 106 55 154 65 49 45
internal_value=0.00153414 0.00705473 0.0129894 0.0227535 0.0253618 0.0309602 -0.00311646 0.00176323 0.00686038 0.0125243 0.0252463 -0.00407066 0.00797911 0.0228905
internal_weight=270.325 239.534 213.599 132.98 127.777 106.844 80.6189 71.543 62.6243 53.9301 30.5273 23.4028 18.5941 14.5531
internal_count=3840 2877 2067 1014 902 720 1053 756 534 428 214 214 149 100
is_linear=0
shrinkage=0.05


Tree=169
num_leaves=15
num_cat=0
split_feature=16 16 11 11 2 19 6 17 13 17 11 2 7 3
split_gain=94.5592 6.64062 2.42371 1.89872 2.61622 2.4349 2.69993 2.46006 3.56203 1.88307 2.96685 2.70167 1.83968 1.86277
threshold=1.0000000180025095e-35 5.5000000000000009 0.066732811526830318 -0.016569704534639292 1.9893784585645766 1.0000000180025095e-35 2.5000000000000004 0.54772727272727284 12.500000000000002 0.20344827586206901 0.020178154130743035 2.4763172101116653 1.1443136604774538 0.87981481481481494
decision_type=2 2 2 2 2 2 2 2 2 2 2 2 2 2
left_child=-1 3 -3 12 5 7 -7 8 -5 10 11 -6 13 -2
right_child=1 2 -4 4 9 6 -8 -9 -10 -11 -12 -13 -14 -15
leaf_value=-0.040043964711609724 0.037071342130820376 0.039779591530417928 -0.0044669452838111507 -0.043078772514815185 0.0032673412054301516 0.029704579429697703 -0.013603560629822545 0.019701784208662077 0.013675896022049631 0.03353977771267521 -0.021968427188878811 0.053190220639253973 0.058275005282969417 -0.0018208215512431896
leaf_weight=92.703770621679723 7.3413523510098475 57.053906492888927 3.2725379019975653 7.939933445304634 6.5047065541148203 11.004556410014631 5.3475419506430617 4.5700028464198104 4.2414427623152733 16.655504293739796 5.1011836864054194 4.6454148888587952 4.4072632342576972 5.3024734668433666
leaf_count=3018 36 392 11 47 34 50 25 20 20 84 30 21 21 31
internal_value=-0.000689946 0.0247534 0.0373793 0.0155833 0.0117412 0.00181674 0.0155417 -0.0115811 -0.0233173 0.021725 0.00961638 0.0240664 0.0304574 0.020761
internal_weight=236.092 143.388 60.3264 83.0614 66.0103 33.1035 16.3521 16.7514 12.1814 32.9068 16.2513 11.1501 17.0511 12.6438
internal_count=3840 822 403 419 331 162 75 87 67 169 85 55 88 67
is_linear=0
shrinkage=0.05


Tree=170
num_leaves=15
num_cat=0
split_feature=6 6 12 11 4 8 15 7 2 11 4 17 4 3
split_gain=60.718 8.0769 6.43156 6.1111 4.86898 6.56377 5.03255 4.26463 4.00276 3.05241 2.96075 2.45739 2.65961 2.50638
threshold=2.5000000000000004 1.0000000180025095e-35 16.536497957816312 0.19000905873514459 0.0074441635061103604 1.5000000000000002 1.5303308823529413 0.39685742235265348 1.6244247221943426 0.072438221252411714 0.19614048150905927 0.26969696969696971 -0.0091996803109132795 0.56950400413329894
decision_type=2 2 2 2 2 2 2 2 2 2 2 2 2 2
left_child=1 -1 3 4 5 8 -6 11 -2 -10 -8 12 13 -7
right_child=2 -3 -4 -5 6 7 10 -9 9 -11 -12 -13 -14 -15
leaf_value=0.013233948743709138 -0.0029547538083892154 -0.041222223741376296 -0.041828835312594112 -0.042012820944286634 0.034146257834075232 -0.0080897943198991063 0.015574867012038788 -0.024408161767051552 0.034544543547975447 -0.0049247255372454647 -0.036384774274313691 -0.026473178613033745 -0.022401749036533299 0.034003073365769867
leaf_weight=7.5379391089081755 11.829839862883089 70.424032762646675 4.6044967956840983 4.1456614583730689 66.805280331522226 4.7485702261328759 9.4213465936481935 15.044871401041744 39.872482363134623 5.5846130177378646 3.8669079802930346 4.1444684453308573 3.8490326702594784 13.854613652452825
leaf_count=48 83 2029 115 64 654 31 75 123 378 31 20 34 29 126
internal_value=0.00113491 -0.035957 0.0165353 0.0180024 0.0193922 0.0119727 0.0285565 -0.0031333 0.0229532 0.0296956 0.00045451 0.00890119 0.015431 0.0232586
internal_weight=265.734 77.962 187.772 183.168 179.022 98.9285 80.0935 41.6416 57.2869 45.4571 13.2883 26.5967 22.4522 18.6032
internal_count=3840 2077 1763 1648 1584 835 749 343 492 409 95 220 186 157
is_linear=0
shrinkage=0.05


Tree=171
num_leaves=15
num_cat=0
split_feature=10 11 11 5 10 1 10 11 3 4 15 5 15 2
split_gain=94.2142 7.12635 2.77887 2.3218 2.39731 2.2032 2.98831 4.17144 1.67359 1.62505 2.6888 1.5816 1.33256 1.0384
threshold=1.5000000000000002 0.15061696831342566 -1.0000000180025095e-35 1.1798472407031921 3.5000000000000004 23.500000000000004 2.5000000000000004 0.11400737744892402 1.1550480769230773 -0.22530837636259379 -1.0000000180025095e-35 1.3647622714441174 0.95742753623188415 1.6366820050761355
decision_type=2 2 2 2 2 2 2 2 2 2 2 2 2 2
left_child=-1 2 -2 5 11 8 12 -8 9 10 -4 -5 -7 -11
right_child=1 -3 3 4 -6 6 7 -9 -10 13 -12 -13 -14 -15
leaf_value=-0.041304639152699579 -0.027625655058854521 0.042784246979410384 -0.0097566502081766326 -0.0042118646936534845 -0.025512918417865373 0.013128532937902539 -0.034317170051058207 0.023240601889902519 0.00090313243951027102 0.049842812892638588 0.043920854034702916 0.037775781487093166 0.049800430068071638 0.031317003639680374
leaf_weight=86.301304814405739 3.2309841867536297 42.796380952000618 5.2110743224620819 4.4479716792702657 5.2761396877467623 5.0740495026111621 6.3241219948977214 6.2676404938101768 4.6169412583112708 11.618895146995781 4.2241442278027517 4.5239285379648209 4.8402190506458282 21.673566564917564
leaf_count=3034 47 317 24 22 37 30 44 27 30 50 21 23 22 112
internal_value=-0.000796194 0.0260695 0.0178784 0.0196266 0.00123182 0.0233788 0.0104993 -0.00566737 0.0295012 0.0325914 0.0142748 0.0169597 0.031032 0.0377824
internal_weight=216.427 130.126 87.3297 84.0987 14.248 69.8507 22.506 12.5918 47.3446 42.7277 9.43522 8.9719 9.91427 33.2925
internal_count=3840 806 489 442 82 360 123 71 237 207 45 45 52 162
is_linear=0
shrinkage=0.05


Tree=172
num_leaves=15
num_cat=0
split_feature=12 12 13 2 1 1 5 19 2 19 12 4 11 4
split_gain=80.9676 6.67241 6.51755 3.15484 2.18189 1.95266 3.15755 3.76432 3.27184 2.45864 2.63776 2.67978 1.91635 2.08085
threshold=6.3974541429475025 18.059722092276125 3.5000000000000004 0.85039384551116426 35.500000000000007 27.500000000000004 1.1798472407031921 1.0000000180025095e-35 1.0381751745550816 1.5000000000000002 4.8045639978882413 0.43781094527363179 -0.016569704534639292 0.26492050308495602
decision_type=2 2 2 2 2 2 2 2 2 2 2 2 2 2
left_child=2 4 5 -4 12 6 9 8 -8 10 11 -1 13 -2
right_child=1 -3 3 -5 -6 -7 7 -9 -10 -11 -12 -13 -14 -15
leaf_value=-0.037469019011291897 0.019531970919648197 0.042360223887683117 0.048218878477815738 -0.040701422179076484 -0.017875195889729589 -0.044604385189578363 -0.023466857376621172 -0.03182696091051529 0.069748723984307481 0.046197416905855118 0.019699620784510818 0.051386569711289055 0.025676019466156302 -0.02985090148180547
leaf_weight=13.492293464951228 5.2070194240659458 54.925925090909004 1.0106721594929684 76.57591038569808 4.225269302725791 4.0033585149794808 1.2685875445604313 2.2967185378074646 3.6494110533967614 1.3859218917787064 2.9940090477466574 0.90548132732510644 31.417478170245886 3.6135665029287338
leaf_count=313 40 600 10 2439 27 67 6 29 45 15 20 11 194 24
internal_value=-0.00183241 0.0307041 -0.031891 -0.0395431 0.0163052 -0.0120984 -0.00709176 0.0210229 0.045704 -0.0178939 -0.0230012 -0.0318809 0.0198944 -0.000698918
internal_weight=206.972 99.3893 107.582 77.5866 44.4633 29.9958 25.9924 7.21472 4.918 18.7777 17.3918 14.3978 40.2381 8.82059
internal_count=3840 885 2955 2449 285 506 439 80 51 359 344 324 258 64
is_linear=0
shrinkage=0.05


Tree=173
num_leaves=15
num_cat=0
split_feature=0 0 5 11 16 6 18 18 7 12 2 13 5 13
split_gain=23.9864 25.9329 12.2475 8.10858 7.31921 7.21223 5.67886 5.95543 5.45779 5.74604 4.45373 4.29423 4.12918 6.16813
threshold=6.5000000000000009 12.500000000000002 0.95457433247581724 0.11400737744892402 1.0000000180025095e-35 2.5000000000000004 1.9301948051948055 1.8672955974842769 0.29217479674796759 5.4977810734224573 2.3990026929631472 30.500000000000004 0.64584087887659691 8.5000000000000018
decision_type=2 2 2 2 2 2 2 2 2 2 2 2 2 2
left_child=-1 2 3 4 5 -2 7 8 -4 10 -10 -7 -6 -14
right_child=1 -3 6 -5 12 11 -8 -9 9 -11 -12 -13 13 -15
leaf_value=-0.04134219455914849 0.042066309027895293 -0.041755688993389689 -0.042472971588051946 -0.041206429406197675 0.04166964029109671 0.019326151662046584 -0.035831297511170514 0.087017713881938019 0.017592423099443033 -0.033011832706722942 -0.025050742143465473 -0.044842491937416538 0.015038359534793974 -0.046396783740607517
leaf_weight=28.908460258506238 56.833621524274349 24.425561815500259 6.7767327222973099 4.8504088725894681 4.2095417827367809 43.521287746727467 11.20498903095722 2.0272801518440238 42.495128722861409 8.5133976787328702 7.1537731103599063 2.7733788751065722 8.6907293759286421 7.7104234434664241
leaf_count=963 351 810 177 112 13 335 325 12 303 157 79 34 61 108
internal_value=0.00159711 0.00696642 0.0127222 0.0222103 0.0246962 0.0301325 -0.00288553 0.00262704 -7.48206e-06 0.00494035 0.0114481 0.015482 -0.00250523 -0.0138432
internal_weight=260.095 231.186 206.761 128.589 123.739 103.128 78.1713 66.9663 64.939 58.1623 49.6489 46.2947 20.6107 16.4012
internal_count=3840 2877 2067 1014 902 720 1053 728 716 539 382 369 182 169
is_linear=0
shrinkage=0.05


Tree=174
num_leaves=15
num_cat=0
split_feature=16 16 11 0 1 11 7 11 17 3 18 17 17 0
split_gain=87.0763 6.40062 2.36972 1.88218 3.02133 3.47287 3.57065 3.66659 3.47369 2.14394 2.05324 1.86767 1.78961 1.70844
threshold=1.0000000180025095e-35 5.5000000000000009 0.066732811526830318 11.500000000000002 5.5000000000000009 0.0085383198984951576 0.930500894454383 0.00060628883768765196 0.20344827586206901 0.67327315541601274 1.2009615384615386 0.18898809523809526 0.20942982456140355 7.5000000000000009
decision_type=2 2 2 2 2 2 2 2 2 2 2 2 2 2
left_child=-1 3 -3 4 -2 6 7 8 -6 -7 12 -8 -5 -11
right_child=1 2 -4 10 5 9 11 -9 -10 13 -12 -13 -14 -15
leaf_value=-0.039892795170035085 -0.02942025735731826 0.039173844680243375 -0.0047898293842652878 0.059157931476954612 -0.034493170288474928 0.029520345761088453 0.069018501452389927 0.04985098821803996 0.016343875213908041 0.0037501961902595619 -0.0050289331185545986 0.030031999915009773 0.024538778024141058 -0.027879604673771458
leaf_weight=87.17574636824429 4.4610879868268958 54.035983510315418 3.2494461536407462 5.1554495543241563 5.378796678036454 4.2968511134386089 4.5893296487629405 4.3122844547033301 8.953935965895651 9.8785381540656108 4.0881581269204608 9.2909778431057912 13.530558735132216 7.5184242799878112
leaf_count=3018 16 392 11 23 32 23 17 19 49 53 31 44 76 36
internal_value=-0.000732177 0.023874 0.0366801 0.0148677 0.0101327 0.0133871 0.0237217 0.00942782 -0.00273428 -0.0021075 0.027068 0.0429223 0.0340902 -0.00991922
internal_weight=225.916 138.74 57.2854 81.4544 58.6802 54.2191 32.5253 18.645 14.3327 21.6938 22.7742 13.8803 18.686 17.397
internal_count=3840 822 403 419 289 273 161 100 81 112 130 61 99 89
is_linear=0
shrinkage=0.05


Tree=175
num_leaves=15
num_cat=0
split_feature=6 6 19 2 13 0 5 6 16 12 8 4 14 2
split_gain=56.0905 7.70179 5.89009 3.84639 3.36179 3.49255 3.32377 3.54073 3.26814 2.98906 3.38696 3.54755 3.50767 2.96806
threshold=2.5000000000000004 1.0000000180025095e-35 1.0000000180025095e-35 2.1862324689850494 9.5000000000000018 12.500000000000002 0.68194381120984726 6.5000000000000009 4.5000000000000009 8.5772155017046448 1.5000000000000002 0.0074441635061103604 8.5000000000000018 2.6258748653658515
decision_type=2 2 2 2 2 2 2 2 2 2 2 2 2 2
left_child=1 -1 3 4 5 -2 -6 8 -8 10 12 -12 -4 -5
right_child=2 -3 9 13 6 -7 7 -9 -10 -11 11 -13 -14 -15
leaf_value=0.012613302951066588 0.0013140633154771074 -0.041163673835609864 0.009325880906761912 0.044819112554642673 -0.0076337618622617986 0.031979037075880033 0.042236261586099916 -0.027288264452886492 -0.027349276039321354 -0.0379896905412066 -0.015281198275161305 0.039671035392883913 0.056792821561365975 0.014212923814023594
leaf_weight=7.4036210626363745 41.499793998897076 66.103109388612211 20.071785964071754 25.627723328769207 5.7101732902228823 11.96169827878475 28.700770258903507 2.2177979089319697 1.7927389591932286 4.2860197182744733 21.131678339093927 3.4110323637723914 4.8282493688166133 11.464961539953945
leaf_count=48 335 2029 151 289 34 125 318 16 20 91 194 31 45 114
internal_value=0.0011358 -0.0357472 0.0159748 0.0217692 0.016283 0.00817517 0.0275646 0.0337089 0.0381453 0.00206545 0.00553769 -0.00764374 0.01853 0.0353591
internal_weight=256.211 73.5067 182.704 128.976 91.883 53.4615 38.4215 32.7113 30.4935 53.7288 49.4427 24.5427 24.9 37.0927
internal_count=3840 2077 1763 1251 848 460 388 354 338 512 421 225 196 403
is_linear=0
shrinkage=0.05


Tree=176
num_leaves=15
num_cat=0
split_feature=10 11 11 5 4 1 10 11 11 7 11 8 7 2
split_gain=87.4828 6.87777 2.81952 2.20416 2.29269 2.22952 2.77042 3.87319 2.08157 2.06041 1.59789 2.59966 1.22411 1.11448
threshold=1.5000000000000002 0.15061696831342566 -0.0041455337260741789 1.1798472407031921 -0.019827394827394772 23.500000000000004 2.5000000000000004 0.11400737744892402 0.075618717266973903 1.0977379323822554 0.05898955546105223 1.0000000180025095e-35 1.0017605633802817 2.0774845920192679
decision_type=2 2 2 2 2 2 2 2 2 2 2 2 2 2
left_child=-1 2 -2 5 -5 10 8 -8 -7 -6 11 13 -12 -4
right_child=1 -3 3 4 9 6 7 -9 -10 -11 12 -13 -14 -15
leaf_value=-0.041244775504042541 -0.03443565149831819 0.042377081315649844 0.015888188326694464 0.024971462666514538 -0.04418545782072647 -0.0012303520018203445 -0.033626434218731655 0.022189613902848265 0.046998372777182107 0.006123578308990245 0.045710131121925617 0.031543625894425185 0.01451768811139495 -0.020180233516600688
leaf_weight=81.230568191036582 2.5541453026235095 40.269679918885231 4.3483601715415734 5.7924734875559798 3.6407225187867862 3.5037607029080409 6.3007004875689727 6.1337998881936073 6.1894903630018234 4.6149182543158531 15.927633993327619 18.131753277033567 3.9192606136202803 4.2203680276870728
leaf_count=3034 40 317 28 29 24 16 46 27 37 31 87 81 21 22
internal_value=-0.00081297 0.0253469 0.017305 0.0189025 0.000857009 0.0225938 0.00952748 -0.006093 0.0295654 -0.0160626 0.0288054 0.0208184 0.0395504 -0.00187664
internal_weight=206.778 125.547 85.2774 82.7232 14.0481 68.6751 22.1278 12.4345 9.69325 8.25564 46.5474 26.7005 19.8469 8.56873
internal_count=3840 806 489 449 84 365 126 73 53 55 239 131 108 50
is_linear=0
shrinkage=0.05


Tree=177
num_leaves=15
num_cat=0
split_feature=12 12 13 2 5 1 18 14 1 5 19 19 12 4
split_gain=74.1862 6.54912 6.4607 3.07399 2.10424 2.66568 3.75359 2.57947 1.89178 2.89498 3.40754 2.29139 2.51559 2.78845
threshold=6.3974541429475025 18.059722092276125 3.5000000000000004 0.85039384551116426 1.6944647804652007 8.5000000000000018 1.2875939849624063 4.5000000000000009 27.500000000000004 1.1798472407031921 1.0000000180025095e-35 1.5000000000000002 4.8045639978882413 0.45605432303545612
decision_type=2 2 2 2 2 2 2 2 2 2 2 2 2 2
left_child=2 4 8 -4 5 -2 -7 -8 9 11 -11 12 13 -1
right_child=1 -3 3 -5 -6 6 7 -9 -10 10 -12 -13 -14 -15
leaf_value=-0.037132268235276579 0.033351139234229062 0.041972860194755324 0.046429039210844431 -0.040604255273580858 0.032446144589357552 -0.036840306326435431 -0.010306202339416433 0.028558627319502712 -0.044392050795954985 0.043269031177945075 -0.031303501276681502 0.04404978407031581 0.01916765869672156 0.056513052694938143
leaf_weight=12.948865486308943 7.9601551815867451 51.505070380866528 1.0290272906422604 72.084043060429394 13.057503968477247 5.3600301910191801 7.7645167112350491 9.4840996079146844 3.8131887037307015 4.9653562791645518 2.2153287511318922 1.4075451940298069 2.9954037852585307 0.84692599996924478
leaf_count=315 46 600 10 2439 85 48 44 62 67 51 29 15 20 9
internal_value=-0.00188482 0.0298989 -0.0314397 -0.0393793 0.0156445 0.00846763 -0.00029347 0.0110635 -0.0115549 -0.00662122 0.0202625 -0.0172287 -0.0223655 -0.0313834
internal_weight=197.437 95.1314 102.306 73.1131 43.6263 30.5688 22.6086 17.2486 29.1926 25.3794 7.18069 18.1987 16.7912 13.7958
internal_count=3840 885 2955 2449 285 200 154 106 506 439 80 359 344 324
is_linear=0
shrinkage=0.05


Tree=178
num_leaves=15
num_cat=0
split_feature=0 0 12 11 16 6 3 16 2 5 1 10 3 2
split_gain=22.4374 24.1839 11.2747 10.8252 10.5716 7.92229 7.43275 5.41403 5.1844 5.399 4.7902 4.94308 4.3414 4.17905
threshold=6.5000000000000009 12.500000000000002 9.1781814677969695 0.095345011758259116 6.5000000000000009 2.5000000000000004 0.52548701298701317 1.5000000000000002 1.7187187333386496 0.87454355411967166 8.5000000000000018 2.5000000000000004 1.1609126984126987 1.8822584341597783
decision_type=2 2 2 2 2 2 2 2 2 2 2 2 2 2
left_child=-1 2 3 4 5 7 -7 10 12 13 11 -2 -8 -10
right_child=1 -3 -4 -5 -6 6 8 -9 9 -11 -12 -13 -14 -15
leaf_value=-0.041274467226401226 0.027915538150734422 -0.041689798633563861 -0.036701174417612052 -0.03460293959827828 -0.041793256499245757 0.066194978822723002 0.02909378267743136 0.005058917935068752 -0.04619609090173718 -0.030543146003446632 0.041039885857495823 -0.03006566327252562 -0.019646984614425895 0.018506504638623592
leaf_weight=27.165888325311244 13.750313967466356 23.01963659748435 11.038173583336173 10.284486906602977 7.0661278590559951 4.9854280631989232 22.027056017890576 18.812377918511629 2.9559478349983719 16.709775412455201 66.065325275063515 5.0171406716108313 5.7641544360667458 16.024296965450048
leaf_count=963 82 810 379 217 141 28 154 120 30 304 374 33 68 137
internal_value=0.00163346 0.00684834 0.012421 0.0152829 0.0181463 0.0206071 0.00740863 0.0293259 0.0027919 -0.00981699 0.0347073 0.0124153 0.0189845 0.00842984
internal_weight=250.686 223.52 200.501 189.462 179.178 172.112 68.4667 103.645 63.4812 35.69 84.8328 18.7675 27.7912 18.9802
internal_count=3840 2877 2067 1688 1471 1330 721 609 693 471 489 115 222 167
is_linear=0
shrinkage=0.05


Tree=179
num_leaves=15
num_cat=0
split_feature=16 16 11 0 1 11 7 11 17 13 18 0 5 17
split_gain=80.4931 6.11428 2.28537 1.76952 2.78469 3.24066 3.28298 3.44968 3.20102 2.11173 1.87907 1.75667 1.78669 1.70908
threshold=1.0000000180025095e-35 5.5000000000000009 0.066732811526830318 11.500000000000002 5.5000000000000009 0.0085383198984951576 0.930500894454383 0.00060628883768765196 0.20344827586206901 16.500000000000004 1.2009615384615386 7.5000000000000009 0.84190395507915972 0.18898809523809526
decision_type=2 2 2 2 2 2 2 2 2 2 2 2 2 2
left_child=-1 3 -3 4 -2 6 7 8 -6 11 -5 12 -7 -8
right_child=1 2 -4 10 5 9 13 -9 -10 -11 -12 -13 -14 -15
leaf_value=-0.03974503488312129 -0.028523877109273107 0.038585340762127544 -0.0047792050092431678 0.033069596286614988 -0.033660303155446207 -0.026179880184324395 0.066611309449701492 0.048630666998394113 0.015633073941048983 0.02380395360801078 -0.0046966336582655371 -0.031315944819462725 0.019701651309220754 0.029006690703757162
leaf_weight=82.111048813909292 4.4082634150981894 51.206900432705879 3.2299127876758567 18.260560341179374 5.2660064809024396 3.3856257200241107 4.5280725993216029 4.2381768561899653 8.7923032604157907 5.709376484155654 4.0184308849275103 6.6099273674190036 5.6843666844069958 9.0811036638915521
leaf_count=3018 16 392 11 99 32 18 17 19 49 30 31 31 33 44
internal_value=-0.00074009 0.0230864 0.0360124 0.0142889 0.00966773 0.0128267 0.0229218 0.00908922 -0.0028314 -0.00223169 0.0262578 -0.0117118 0.0025751 0.0415186
internal_weight=216.53 134.419 54.4368 79.9822 57.7032 53.295 31.9057 18.2965 14.0583 21.3893 22.279 15.6799 9.06999 13.6092
internal_count=3840 822 403 419 289 273 161 100 81 112 130 82 51 61
is_linear=0
shrinkage=0.05


Tree=180
num_leaves=15
num_cat=0
split_feature=6 6 12 11 4 8 15 7 2 5 15 5 7 11
split_gain=51.6627 7.42893 5.45572 5.22931 4.30429 5.57168 4.72119 3.7386 3.64863 2.7903 3.82787 4.1394 2.83353 3.66522
threshold=2.5000000000000004 1.0000000180025095e-35 16.536497957816312 0.19000905873514459 0.0074441635061103604 1.5000000000000002 1.5303308823529413 0.39685742235265348 1.6244247221943426 0.73332965540434614 0.57555002075550032 0.88593641322611116 0.60078125000000016 0.01022655045898724
decision_type=2 2 2 2 2 2 2 2 2 2 2 2 2 2
left_child=1 -1 3 4 5 8 -6 -7 -2 -10 -11 12 13 -12
right_child=2 -3 -4 -5 6 7 -8 -9 9 10 11 -13 -14 -15
leaf_value=0.012200646253079249 -0.0037838006024106573 -0.041105999802122289 -0.041632494228025597 -0.041801564800874012 0.032543649359239334 0.0082126261140663993 -0.00069255962425494801 -0.023667106006741878 0.062122993004034559 0.044665388594814164 0.049981575737234274 0.027814295673157297 -0.053397493338929007 -0.026985452386867143
leaf_weight=7.3063486590981475 11.477361947298048 61.979018315672874 4.0967701543122521 3.7325069159269324 62.933439560234547 25.433607902377844 12.869908403605221 14.405131697654722 5.2431334331631652 13.426487538963555 2.6307061165571231 14.992978505790232 3.1220337636768818 3.7540921233594418
leaf_count=48 83 2029 115 64 654 220 95 123 46 145 31 153 11 23
internal_value=0.00114974 -0.0354847 0.0154 0.0167426 0.0180258 0.0109057 0.0269008 -0.00331464 0.0212726 0.0279343 0.0232079 0.0114487 -0.014361 0.004727
internal_weight=247.404 69.2854 178.118 174.021 170.289 94.4855 75.8033 39.8387 54.6468 43.1694 37.9263 24.4998 9.50683 6.3848
internal_count=3840 2077 1763 1648 1584 835 749 343 492 409 363 218 65 54
is_linear=0
shrinkage=0.05


Tree=181
num_leaves=15
num_cat=0
split_feature=10 11 10 1 4 11 11 15 12 12 4 2 18 4
split_gain=81.1807 6.65009 2.47321 5.10856 4.07342 3.87129 2.87253 3.08828 2.75232 1.9696 1.17678 1.59162 0.904504 0.852664
threshold=1.5000000000000002 0.15061696831342566 2.5000000000000004 12.500000000000002 -0.14250723581357902 0.047880829527813397 0.11400737744892402 0.8765243902439025 4.4481558612518102 4.2778198127536653 -0.035786225020695464 1.7135435631864651 1.1790293040293043 -0.010148135148135133
decision_type=2 2 2 2 2 2 2 2 2 2 2 2 2 2
left_child=-1 2 5 8 -5 -2 9 -8 10 -6 -4 -12 -7 -11
right_child=1 -3 3 4 6 12 7 -9 -10 13 11 -13 -14 -15
leaf_value=-0.041185419368664149 -0.00083270286996263226 0.041990676170120388 0.037369495149550701 0.051281353235371897 -0.040737092272507339 0.053457123584777382 -0.01834131776291777 0.038131302791163536 -0.011086633331520143 0.018058140113701934 0.03494053161011481 -0.0094455541762465192 0.030578252889722459 -0.022532787645453731
leaf_weight=76.402989634312689 7.1806655675172832 37.929690469056368 19.225250318646438 2.86090059578419 8.8207905571907776 9.2877990305423754 4.9925768896937353 4.6999421864748001 4.6235233116894952 2.6331586949527264 4.4266799166798574 3.7144115306437016 8.0765901356935483 2.5435065794736138
leaf_count=3034 38 317 104 14 83 56 23 22 25 13 22 19 38 32
internal_value=-0.000833175 0.0246432 0.0167238 0.011138 -0.0050748 0.0300463 -0.0118806 0.00904249 0.0245942 -0.0263688 0.0306224 0.0146892 0.0428156 -0.00188584
internal_weight=197.418 121.015 83.0858 58.5407 26.5509 24.5451 23.69 9.69252 31.9899 13.9975 27.3663 8.14109 17.3644 5.17667
internal_count=3840 806 489 357 187 132 173 45 170 128 145 41 94 45
is_linear=0
shrinkage=0.05


Tree=182
num_leaves=15
num_cat=0
split_feature=12 13 12 2 5 1 18 5 5 0 1 5 19 19
split_gain=67.9065 6.43626 6.38148 2.96421 1.94369 2.46581 3.38882 3.24125 2.86106 1.87891 1.84587 2.68144 3.08314 2.13806
threshold=6.3974541429475025 3.5000000000000004 18.059722092276125 0.85039384551116426 1.6944647804652007 8.5000000000000018 1.9301948051948055 1.2689484061319853 1.1798472407031921 5.5000000000000009 27.500000000000004 1.1798472407031921 1.0000000180025095e-35 1.5000000000000002
decision_type=2 2 2 2 2 2 2 2 2 2 2 2 2 2
left_child=1 10 4 -3 5 -2 8 -8 -7 -6 11 13 -13 -1
right_child=2 3 -4 -5 9 6 7 -9 -10 -11 -12 12 -14 -15
leaf_value=-0.021686534560904545 0.032384459527701991 0.043947294570535839 0.041587645339731853 -0.040504726041823945 0.00042174808292728987 -0.057854552134454951 0.055785402453043503 -0.00079768918659208594 -0.0029342519141961638 0.043401567709377045 -0.044192052531985243 0.04120730423938191 -0.030518423223815205 0.042139305550635747
leaf_weight=16.212495431303989 7.74610158056021 1.0552017018198956 48.334151893854141 67.798484201543033 3.521303489804267 3.4310246324166673 3.9126634765416366 7.1668159514665604 7.678311213850975 9.1510547026991826 3.6376645956188431 5.0142604243010274 2.1366851618513465 1.4276412315666664
leaf_count=344 46 10 600 2439 21 44 27 44 39 64 67 51 29 15
internal_value=-0.00190956 -0.0309466 0.0291521 -0.0392105 0.0150451 0.00809675 -0.000382079 0.0191844 -0.0198959 0.0314586 -0.0109316 -0.00605125 0.0197758 -0.016521
internal_weight=188.224 97.2824 90.9414 68.8537 42.6073 29.9349 22.1888 11.0795 11.1093 12.6724 28.4287 24.7911 7.15095 17.6401
internal_count=3840 2955 885 2449 285 200 154 71 83 85 506 439 80 359
is_linear=0
shrinkage=0.05


Tree=183
num_leaves=15
num_cat=0
split_feature=0 0 5 11 16 6 18 18 7 12 2 5 2 16
split_gain=20.9313 22.4929 10.4029 6.79696 6.21632 5.62682 5.04662 5.20409 4.99132 5.10845 4.32461 3.93655 3.93283 3.94489
threshold=6.5000000000000009 12.500000000000002 0.95457433247581724 0.11400737744892402 6.5000000000000009 2.5000000000000004 1.9301948051948055 1.8672955974842769 0.29217479674796759 5.4977810734224573 1.7187187333386496 0.87454355411967166 2.5548459454173611 5.5000000000000009
decision_type=2 2 2 2 2 2 2 2 2 2 2 2 2 2
left_child=-1 2 3 4 5 -2 7 8 -4 12 -7 -12 13 -10
right_child=1 -3 6 -5 -6 10 -8 -9 9 -11 11 -13 -14 -15
leaf_value=-0.041208239851983623 0.035271684439302432 -0.041632276718642329 -0.042366120735715961 -0.041053238854108422 -0.042128569343875391 0.029128836942990444 -0.035399809251946836 0.080412388773040355 0.019220939410177731 -0.032567421782758933 0.010092714000312033 -0.034587262494471673 -0.03632034381642426 -0.041172317586806645
leaf_weight=25.504840194247663 63.703127179294825 21.666053649038076 6.2666552811861029 4.2334046019241205 3.5043767653405657 21.93464688770473 10.149776628240941 2.0763614363968363 40.82927312515676 7.8908832371234885 20.142659924924377 6.527336034923791 4.0433214474469414 2.8957155756652346
leaf_count=963 418 810 177 112 67 143 325 12 262 157 174 100 52 68
internal_value=0.00162746 0.00668861 0.0120796 0.0211749 0.0234496 0.0254958 -0.00264478 0.00254967 -6.1053e-05 0.00470206 0.0126832 -0.000842467 0.0108586 0.0152214
internal_weight=241.368 215.864 194.198 120.046 115.812 112.308 74.152 64.0022 61.9258 55.6592 48.6046 26.67 47.7683 43.725
internal_count=3840 2877 2067 1014 902 835 1053 728 716 539 417 274 382 330
is_linear=0
shrinkage=0.05


Tree=184
num_leaves=15
num_cat=0
split_feature=16 16 5 11 13 18 11 12 18 4 3 2 2 18
split_gain=74.3674 5.79565 2.91464 3.08177 3.92731 3.14841 3.25001 3.81946 3.97911 2.10673 2.07788 2.17894 1.68747 1.54141
threshold=1.0000000180025095e-35 7.5000000000000009 0.63943244029381485 0.14116070146414791 16.500000000000004 0.55618686868686884 -0.020405747626242251 2.3256164358571501 0.65707236842105277 0.11759581881533189 1.1971690590111645 1.9984992907108539 2.3385339625838371 1.0680760590500644
decision_type=2 2 2 2 2 2 2 2 2 2 2 2 2 2
left_child=-1 2 -2 4 5 -4 -7 -8 -9 10 11 13 -13 -10
right_child=1 -3 3 -5 -6 6 7 8 9 -11 -12 12 -14 -15
leaf_value=-0.039590921257304831 -0.020963869565055148 0.040914080556654964 0.033014747945428406 -0.028988733997153644 0.038587238585050816 0.038983045250952024 0.027538262430808782 -0.050806475599732059 0.0032339669223939516 -0.030808442152788797 0.039438769497994325 0.031765794238699158 -0.0091602628560249009 -0.037356874347966078
leaf_weight=77.278188257478178 4.9714983254671088 31.732369087636471 16.758191503584385 3.3192619159817687 21.726556614041328 7.3006674461066714 11.665034167468546 4.2678997516632071 4.6013899445533841 4.4048463255166999 4.0548491775989524 6.4282298460602743 4.141343392431736 4.7566040232777596
leaf_count=3018 16 259 103 24 123 46 68 18 24 38 22 34 24 23
internal_value=-0.000739411 0.0223329 0.0163406 0.0183257 0.0200687 0.0141846 0.0080716 0.00297969 -0.00579309 0.000974477 0.00681204 0.000173173 0.0157303 -0.0173981
internal_weight=207.407 130.129 98.3964 93.4249 90.1056 68.3791 51.6209 44.3202 32.6552 28.3873 23.9824 19.9276 10.5696 9.35799
internal_count=3840 822 563 547 523 400 297 251 183 165 127 105 58 47
is_linear=0
shrinkage=0.05


Tree=185
num_leaves=15
num_cat=0
split_feature=6 6 7 3 2 5 3 2 11 11 16 7 18 5
split_gain=47.8011 7.01639 5.00709 4.90321 3.90924 3.62702 2.74606 3.42207 3.02931 3.01756 2.97143 2.57732 3.53625 2.66804
threshold=2.5000000000000004 1.0000000180025095e-35 0.66599462365591411 0.58570618264322194 2.0224993440594736 0.85078726120979264 1.6857651912978247 2.0774845920192679 0.00060628883768765196 0.0045454751952952463 3.5000000000000004 0.099050632911392419 2.0539772727272729 1.1971531610925461
decision_type=2 2 2 2 2 2 2 2 2 2 2 2 2 2
left_child=1 -1 3 -2 -4 -6 8 -8 10 -10 -5 12 13 -11
right_child=2 -3 4 6 5 -7 7 -9 9 11 -12 -13 -14 -15
leaf_value=0.011358972743834728 -0.0091338172177619133 -0.041055251957899004 -0.012084304509228953 0.038180279179986711 -0.03428107298987762 0.034826280395458709 0.016898040413897499 -0.045912767414294085 -0.011846438516388252 0.0098120426992851471 -0.0067951318213418793 0.033476768363906922 0.049986859514388145 -0.043493655527896635
leaf_weight=7.1725672483444205 13.535037491470574 58.142772099934518 25.983724033460021 43.683636402711272 2.3340568616986266 10.177458310499786 7.1465744208544475 3.1131270565092564 7.594034928828477 22.825706379488118 4.009517788887023 25.491608805954456 5.0894118174910536 2.6164620555937281
leaf_count=48 127 2029 278 499 11 106 64 16 70 213 31 260 65 23
internal_value=0.00116208 -0.0352994 0.0148803 0.019413 -0.00102782 0.0219341 0.0225913 -0.0021608 0.0248727 0.0177308 0.0343992 0.0217401 0.0119408 0.00433011
internal_weight=238.916 65.3153 173.6 135.105 38.4952 12.5115 121.57 10.2597 111.31 63.6172 47.6932 56.0232 30.5316 25.4422
internal_count=3840 2077 1763 1368 395 117 1241 80 1161 631 530 561 301 236
is_linear=0
shrinkage=0.05


Tree=186
num_leaves=15
num_cat=0
split_feature=10 11 10 1 4 11 10 12 2 2 12 18 11 15
split_gain=75.4975 6.29532 2.33822 4.77927 3.82387 3.67778 2.73546 2.55623 2.43793 2.43011 2.02303 1.39304 1.32401 1.11757
threshold=1.5000000000000002 0.15061696831342566 2.5000000000000004 12.500000000000002 -0.14250723581357902 0.047880829527813397 3.5000000000000004 4.4481558612518102 2.3814753169329648 1.7814476335623985 3.2418655294953806 1.3217647058823532 0.11400737744892402 0.89417693169092949
decision_type=2 2 2 2 2 2 2 2 2 2 2 2 2 2
left_child=-1 2 5 7 -5 -2 10 11 9 12 -6 -4 -8 -11
right_child=1 -3 3 4 6 -7 8 -9 -10 13 -12 -13 -14 -15
leaf_value=-0.041133485236607759 -0.00069404175225634874 0.041545258031581107 0.03456958334791356 0.050409554747111909 -0.014938300836516039 0.042255546219479377 -0.033329644384663668 -0.01055346851728284 0.014699655541894377 -0.080177057997346909 0.03291880087534315 0.0016849801814661357 0.017177543850583014 -0.036907833692484432
leaf_weight=71.937076947651803 7.0993234701454666 35.574303697794676 22.848758578300483 2.7731774672865894 4.2199285533279198 16.730825692415237 2.9657065998762828 4.56790892407298 3.0083382464945307 2.8859039563685656 4.6323294844478369 3.7488445658236733 2.3068245500326157 3.090306244790554
leaf_count=3034 38 317 124 14 27 94 38 25 25 22 26 21 10 25
internal_value=-0.000861228 0.0240165 0.0163064 0.0108118 -0.00506874 0.0294603 -0.0117263 0.0240003 -0.0252814 -0.0359738 0.010105 0.0299346 -0.0112319 -0.0578025
internal_weight=188.39 116.452 80.8782 57.048 25.8825 23.8301 23.1093 31.1655 14.2571 11.2487 8.85226 26.5976 5.27253 5.97621
internal_count=3840 806 489 357 187 132 173 170 120 95 53 145 48 47
is_linear=0
shrinkage=0.05


Tree=187
num_leaves=15
num_cat=0
split_feature=12 12 13 13 2 7 3 15 11 2 11 3 15 15
split_gain=62.1775 6.57027 5.82783 3.50514 2.29928 1.98806 2.18914 2.00392 1.81889 2.1466 1.529 1.48898 1.9054 4.37935
threshold=6.0205549612063907 20.244350546088853 2.5000000000000004 3.5000000000000004 0.85039384551116426 1.693979933110368 0.79748196448390696 2.1503759398496247 -0.017028396426988276 1.4363360903983822 -0.00094173594315338771 1.9023064687168614 1.4950980392156865 0.90661337209302328
decision_type=2 2 2 2 2 2 2 2 2 2 2 2 2 2
left_child=2 3 5 8 -4 6 -1 -8 9 -2 -10 12 13 -12
right_child=1 -3 4 -5 -6 -7 7 -9 10 -11 11 -13 -14 -15
leaf_value=0.072176933689454464 0.02597365320173551 0.042430894758412691 0.030415390827581285 -0.038762824239745149 -0.037974937952424348 0.041621566918559047 -0.020473548952042359 0.055650449012822435 0.045455941057161366 -0.024010886190923911 0.02203079663445158 0.033517052563628733 0.03630093502400971 -0.037847190976594475
leaf_weight=0.75709877535701053 3.8526855036616308 41.450528174638748 1.2498304769396771 2.8379392502829424 73.653763704933226 2.0962350368499747 12.500047408975657 0.92875990830361921 6.5344729796051935 4.8542110919952393 8.2778379693627446 10.621370218694208 4.9683235660195342 4.8385045155882827
leaf_count=9 32 555 13 72 2606 12 274 11 51 29 52 75 29 20
internal_value=-0.00198642 0.0279355 -0.0309404 0.0150931 -0.0368338 -0.00382878 -0.0105449 -0.0152087 0.0185708 -0.00189339 0.023627 0.0186579 0.00993097 -5.76715e-05
internal_weight=179.422 88.2359 91.1857 46.7853 74.9036 16.2821 14.1859 13.4288 43.9474 8.7069 35.2405 28.706 18.0847 13.1163
internal_count=3840 915 2925 360 2619 306 294 285 288 61 227 176 101 72
is_linear=0
shrinkage=0.05


Tree=188
num_leaves=15
num_cat=0
split_feature=0 0 12 11 16 6 3 16 10 2 5 2 2 13
split_gain=19.5703 20.9316 9.47653 9.09863 8.66046 6.42502 6.61807 4.96662 4.49376 4.16593 4.67337 4.6545 5.7397 4.5006
threshold=6.5000000000000009 12.500000000000002 9.1781814677969695 0.11400737744892402 6.5000000000000009 2.5000000000000004 0.52548701298701317 1.5000000000000002 1.5000000000000002 1.7286413835443344 0.87454355411967166 1.8822584341597783 1.9480065881853315 13.500000000000002
decision_type=2 2 2 2 2 2 2 2 2 2 2 2 2 2
left_child=-1 2 3 4 5 7 -7 8 -2 -8 11 -11 -13 -14
right_child=1 -3 -4 -5 -6 6 9 -9 -10 10 -12 12 13 -15
leaf_value=-0.041150591630941716 0.038763437696062344 -0.041576771062166007 -0.036015927181218849 -0.041045062556795797 -0.041566410272218607 0.062651150322727042 0.016839614069813082 0.0038926695046762592 0.0099310804488475842 -0.054062491147142004 -0.029122682100002645 0.098279182581609559 0.030266812337155599 -0.027480200159570436
leaf_weight=23.968287219293416 62.054159082472324 20.387260078452528 9.8397026471793634 7.1086671184748402 6.1525767985731354 4.9417239706963292 28.041025569662452 18.785450104624033 17.27669220417738 2.6060723736882236 15.79445059597492 1.954227827489375 8.302528437227009 5.6839319393038741
leaf_count=963 410 810 379 190 141 28 228 122 93 29 309 8 72 58
internal_value=0.00164184 0.00655099 0.0117551 0.0143855 0.0166819 0.0188481 0.00695284 0.0270101 0.0324843 0.00254059 -0.00913515 0.00788626 0.018014 0.00679911
internal_weight=232.897 208.928 188.541 178.702 171.593 165.44 67.324 98.1163 79.3309 62.3822 34.3412 18.5468 15.9407 13.9865
internal_count=3840 2877 2067 1688 1498 1357 732 625 503 704 476 167 138 130
is_linear=0
shrinkage=0.05


Tree=189
num_leaves=15
num_cat=0
split_feature=16 16 5 11 4 13 6 17 5 4 19 15 6 0
split_gain=68.9483 5.53014 2.65541 2.77999 3.18574 2.16189 2.14012 3.2963 2.06982 1.95004 3.23699 1.58804 1.56767 1.55321
threshold=1.0000000180025095e-35 7.5000000000000009 0.63943244029381485 -0.020405747626242251 0.11759581881533189 16.500000000000004 2.5000000000000004 0.18898809523809526 0.87454355411967166 -0.085918257389162853 1.0000000180025095e-35 1.2423112767940356 2.5000000000000004 9.5000000000000018
decision_type=2 2 2 2 2 2 2 2 2 2 2 2 2 2
left_child=-1 2 -2 12 5 6 7 -5 -8 10 -9 -11 -4 -7
right_child=1 -3 3 4 -6 13 8 9 -10 11 -12 -13 -14 -15
leaf_value=-0.039441141920853989 -0.019937875707035955 0.040458803901691237 0.050271369759825581 -0.010979364159427229 -0.022918077591435493 0.019140942795051616 -0.031294554084959549 -0.02512328536395958 0.0079549774887943368 0.042839871207825876 0.029620802692925708 0.0029476063715413855 0.012249630962100112 0.048375352026435919
leaf_weight=72.822226950898767 4.9224942177534095 29.886914066970348 9.2323618829250318 7.5551240071654311 5.3843733333051196 10.599792920053007 4.6575109306722906 4.1914642304181999 12.047521121799944 15.150213822722444 7.5899014100432396 2.9865114837884894 3.8379950039088717 7.9517837092280379
leaf_count=3018 16 259 62 33 43 64 34 20 68 90 49 16 28 40
internal_value=-0.00071103 0.0216743 0.0158327 0.0177638 0.0141926 0.01694 0.0118956 0.0185306 -0.00298814 0.0259827 0.0101445 0.036271 0.0391066 0.0316717
internal_weight=198.816 125.994 96.107 91.1846 78.1142 72.7298 54.1782 37.4732 16.705 29.9181 11.7814 18.1367 13.0704 18.5516
internal_count=3840 822 563 547 457 414 310 208 102 175 69 106 90 104
is_linear=0
shrinkage=0.05


Tree=190
num_leaves=15
num_cat=0
split_feature=6 6 12 4 2 11 15 3 3 18 16 11 7 5
split_gain=43.9473 6.75563 4.68005 4.69064 3.98846 3.64106 3.08978 3.77851 2.62555 3.8353 2.24439 2.64165 2.52765 2.02153
threshold=2.5000000000000004 1.0000000180025095e-35 16.536497957816312 -0.11381616692333171 2.3423710973324705 -0.03118581763115685 1.5303308823529413 0.54139703083365076 0.9432054661487238 2.5545634920634925 1.0000000180025095e-35 0.072438221252411714 0.32769886363636369 0.87091790819809911
decision_type=2 2 2 2 2 2 2 2 2 2 2 2 2 2
left_child=1 -1 3 4 10 -5 7 -7 -8 -10 11 12 -2 -14
right_child=2 -3 -4 5 -6 6 8 -9 9 -11 -12 -13 13 -15
leaf_value=0.010923368296589788 0.027194213872155079 -0.041007360500698864 -0.041467268554241141 0.04551031741443002 0.052158404037663558 -0.021161815450491117 0.04109317418236054 0.021766124586631786 -0.027546658142681087 0.036952796713978685 -0.041497722872137821 -0.043759290398900967 -0.037829757161143771 0.0099875571301134749
leaf_weight=7.0760277882218352 7.3485474400222435 54.481142152100801 3.6829681228846303 12.031224034726618 2.8705142736434928 5.3873787820339194 2.6966364681720725 105.66361213102937 10.248370777815579 2.9734725058078757 4.6259233616292468 3.2694785371422759 4.1649627424776536 4.7096284255385399
leaf_count=48 56 2029 115 142 28 45 27 1094 70 26 49 49 23 39
internal_value=0.00115147 -0.0350379 0.014281 0.0155179 -0.00355692 0.0192215 0.0167305 0.0196836 -0.00387078 -0.0130413 -0.010188 -0.00275766 0.00550548 -0.0124537
internal_weight=231.23 61.5572 169.673 165.99 26.9891 139.001 126.969 111.051 15.9185 13.2218 24.1185 19.4926 16.2231 8.87459
internal_count=3840 2077 1763 1648 244 1404 1262 1139 123 96 216 167 118 62
is_linear=0
shrinkage=0.05


Tree=191
num_leaves=15
num_cat=0
split_feature=10 11 10 1 4 11 10 12 2 2 12 18 11 15
split_gain=70.1649 6.08208 2.20527 4.47476 3.56966 3.46452 2.52091 2.37937 2.26558 2.27763 1.82062 1.31064 1.22594 1.06141
threshold=1.5000000000000002 0.15061696831342566 2.5000000000000004 12.500000000000002 -0.14250723581357902 0.047880829527813397 3.5000000000000004 4.4481558612518102 2.3814753169329648 1.7814476335623985 3.2418655294953806 1.3217647058823532 0.11400737744892402 0.89417693169092949
decision_type=2 2 2 2 2 2 2 2 2 2 2 2 2 2
left_child=-1 2 5 7 -5 -2 10 11 9 12 -6 -4 -8 -11
right_child=1 -3 3 4 6 -7 8 -9 -10 13 -12 -13 -14 -15
leaf_value=-0.041084263126958266 -0.00055448815181941068 0.041196937013892307 0.033777537218954011 0.049166125980153214 -0.014405096349310651 0.041474182362213022 -0.032734222635299251 -0.010175449436114817 0.014123715315986286 -0.078818574840436556 0.031360187780058425 0.0017179663499939627 0.016379479819111902 -0.036126875014133294
leaf_weight=67.689452669583261 7.0386144556105164 33.505348205566406 22.147374138236053 2.70367603003979 4.1636908687651175 16.163107618689537 2.8751915190368873 4.5146626103669396 2.9459349401295176 2.8043124219402671 4.5456185191869736 3.7239670138806096 2.2766717076301575 3.0279030650854111
leaf_count=3034 38 317 124 14 27 94 38 25 25 22 26 21 10 25
internal_value=-0.000864948 0.0233481 0.0157715 0.0103789 -0.00513503 0.0287241 -0.0116199 0.0233181 -0.0248126 -0.0352553 0.00948101 0.0291628 -0.0110303 -0.0566544
internal_weight=180.126 112.436 78.9307 55.729 25.343 23.2017 22.6393 30.386 13.93 10.9841 8.70931 25.8713 5.15186 5.83222
internal_count=3840 806 489 357 187 132 173 170 120 95 53 145 48 47
is_linear=0
shrinkage=0.05


Tree=192
num_leaves=15
num_cat=0
split_feature=12 12 13 13 2 2 11 2 12 2 5 3 6 11
split_gain=56.865 6.39805 5.76691 3.21055 2.82711 1.80253 1.70579 1.98984 1.68059 1.9962 1.5628 2.36862 2.40384 1.47052
threshold=6.0205549612063907 20.244350546088853 3.5000000000000004 3.5000000000000004 0.85039384551116426 1.5694165585973323 -0.017028396426988276 1.4363360903983822 4.083372073571149 1.9101806670642412 0.99864598340474686 1.2445906432748541 2.5000000000000004 -0.00094173594315338771
decision_type=2 2 2 2 2 2 2 2 2 2 2 2 2 2
left_child=2 3 5 6 -4 10 7 -2 -7 -10 -1 12 -12 -8
right_child=1 -3 4 -5 -6 8 13 -9 9 -11 11 -13 -14 -15
leaf_value=-0.043339630351238487 0.025261830204496828 0.042135507471521096 0.041097680205276918 -0.03852254310545062 -0.040311443088852254 -0.036971131912807445 0.044739758208034636 -0.023351669094089592 -0.043986589621375791 0.022914957701080464 -0.025479227001369942 0.045070708064011866 0.033088515289776681 0.01792713444602154
leaf_weight=1.6066271979361797 3.735486648976801 38.854218143969774 1.0858585909008969 2.6855049552395931 59.635685488581657 8.5155334677547199 6.2562083601951555 4.8223898559808731 1.7064403556287278 3.216971842572093 5.1507162656635028 3.2812779601663351 2.6550784502178431 28.000736828893427
leaf_count=30 32 555 10 72 2414 301 51 29 24 30 54 32 30 176
internal_value=-0.00200547 0.0272341 -0.0304035 0.0145093 -0.0388556 -0.0107642 0.0178356 -0.00213203 -0.0235266 -0.000272924 0.00274744 0.00942592 -0.00555788 0.0228238
internal_weight=171.209 84.3545 86.8542 45.5003 60.7215 26.1326 42.8148 8.55788 13.4389 4.92341 12.6937 11.0871 7.80579 34.2569
internal_count=3840 915 2925 360 2424 501 288 61 355 54 146 116 84 227
is_linear=0
shrinkage=0.05


Tree=193
num_leaves=15
num_cat=0
split_feature=0 0 5 11 16 6 18 18 7 12 1 13 2 10
split_gain=18.3073 19.538 8.70436 5.65707 5.52384 5.84129 4.48669 4.49399 4.62296 4.59661 4.03028 3.6597 3.56333 3.28723
threshold=6.5000000000000009 12.500000000000002 0.95457433247581724 0.11400737744892402 1.0000000180025095e-35 2.5000000000000004 1.9301948051948055 1.8672955974842769 0.29217479674796759 5.4977810734224573 35.500000000000007 30.500000000000004 2.3990026929631472 3.5000000000000004
decision_type=2 2 2 2 2 2 2 2 2 2 2 2 2 2
left_child=-1 2 3 4 5 -2 7 8 -4 12 -6 -7 13 -10
right_child=1 -3 6 -5 10 11 -8 -9 9 -11 -12 -13 -14 -15
leaf_value=-0.041099637983997121 0.03998587460193747 -0.041536896344051256 -0.042283343550001289 -0.040920817793172776 -0.016039856505882456 0.01800153501331981 -0.034905724111449724 0.074190697493201063 0.022707731720776926 -0.032175429420393968 0.03555242728423693 -0.043808141941835237 -0.024814842869767813 -0.015123678127158594
leaf_weight=22.535192215815187 45.231527149677277 19.223776585422456 5.832380303181707 3.6792110484093419 14.088611952960493 42.01048406586051 9.207844337448476 2.1125910617411128 32.534727804362774 7.3169777188450089 5.1760504543781272 2.5395903121680012 6.1739590838551512 6.9726234991103402
leaf_count=963 351 810 177 112 144 335 325 12 230 157 38 34 79 73
internal_value=0.00164641 0.00641281 0.0114532 0.0200585 0.022116 0.0273288 -0.00237457 0.00254052 -3.24169e-05 0.00461723 -0.00217799 0.0144781 0.0105105 0.0160309
internal_weight=224.636 202.1 182.877 112.725 109.046 89.7816 70.1511 60.9433 58.8307 52.9983 19.2647 44.5501 45.6813 39.5074
internal_count=3840 2877 2067 1014 902 720 1053 728 716 539 182 369 382 303
is_linear=0
shrinkage=0.05


Tree=194
num_leaves=15
num_cat=0
split_feature=16 16 5 11 4 13 6 17 4 19 5 6 15 3
split_gain=63.7622 5.30717 2.43866 2.64117 2.84898 2.06291 1.93679 3.06126 1.88712 3.02343 1.8746 1.52651 1.51541 1.51121
threshold=1.0000000180025095e-35 7.5000000000000009 0.63943244029381485 -0.020405747626242251 0.11759581881533189 16.500000000000004 2.5000000000000004 0.18898809523809526 -0.085918257389162853 1.0000000180025095e-35 0.87454355411967166 2.5000000000000004 1.2423112767940356 0.9888236763236764
decision_type=2 2 2 2 2 2 2 2 2 2 2 2 2 2
left_child=-1 2 -2 11 5 6 7 -5 9 -9 -8 -4 -10 -7
right_child=1 -3 3 4 -6 13 10 8 12 -11 -12 -13 -14 -15
leaf_value=-0.039287373423468809 -0.01910257379976284 0.040005285899192271 0.049833988157944049 -0.010778497308334486 -0.021864534599432245 0.022095870869577955 -0.029885898316524519 -0.024662731774275224 0.042022826657057394 0.028675530241095728 0.0075938485605648353 0.011877573916627939 0.002667921820981183 0.054693349111552783
leaf_weight=68.600608677603304 4.8962859213352194 28.14332190901041 8.7777466177940351 7.4821373522281638 5.2588233277201644 13.243679970502855 4.6286148615181473 4.166054472327227 14.58065179735423 7.333852231502533 11.948550458997486 3.7938024327158919 2.939180575311183 4.8603037148714057
leaf_count=3018 16 259 62 33 43 80 34 20 90 49 68 28 16 24
internal_value=-0.000718291 0.0209597 0.015252 0.0171417 0.013649 0.0162726 0.0113016 0.017738 0.0250904 0.00935276 -0.00287111 0.0383796 0.0354205 0.0308472
internal_weight=190.654 122.053 93.9097 89.0134 76.4418 71.183 53.079 36.5019 29.0197 11.4999 16.5772 12.5715 17.5198 18.104
internal_count=3840 822 563 547 457 414 310 208 175 69 102 90 106 104
is_linear=0
shrinkage=0.05


Tree=195
num_leaves=15
num_cat=0
split_feature=6 6 7 3 2 5 5 7 18 19 7 5 0 6
split_gain=40.5975 6.38113 4.33191 4.02993 3.44955 3.2893 2.53601 2.35881 2.31149 2.12856 3.1485 2.99798 2.08965 2.91055
threshold=2.5000000000000004 1.0000000180025095e-35 0.66599462365591411 0.58570618264322194 2.0224993440594736 0.85078726120979264 0.55840840345674903 0.099050632911392419 0.65707236842105277 1.0000000180025095e-35 0.26931366047745364 0.86834884998746553 6.5000000000000009 3.5000000000000004
decision_type=2 2 2 2 2 2 2 2 2 2 2 2 2 2
left_child=1 -1 3 -2 -4 -6 -5 -8 -9 12 -11 -12 13 -10
right_child=2 -3 4 6 5 -7 7 8 9 10 11 -13 -14 -15
leaf_value=0.010133317826077445 -0.0083508788771625275 -0.040966275901184949 -0.011850592337564293 -0.027536249160874667 -0.033134016537631324 0.033442998215001005 0.015560516867667891 -0.0044982896612732609 0.058420237459636294 0.057568821787433999 -0.034406307917856871 0.024267385044319047 0.047257088973471389 0.00052625329215801996
leaf_weight=6.9388983175158492 12.979495346546171 51.110375455580652 25.130386454984546 2.6268585696816436 2.2931653000414363 9.7142644450068456 61.630349354818463 4.4223942607641211 3.2679646983742696 3.2482709325850001 3.6981483250856382 5.2933116238564253 25.059486545622349 6.4671307504177094
leaf_count=48 127 2029 278 11 11 106 661 40 50 33 19 56 294 77
internal_value=0.00112895 -0.0348581 0.0137262 0.0180674 -0.00131719 0.0207282 0.0210307 0.0221588 0.0300617 0.0333112 0.0153773 0.000135151 0.0396199 0.0199606
internal_weight=223.881 58.0493 165.831 128.693 37.1378 12.0074 115.714 113.087 51.4567 47.0343 12.2397 8.99146 34.7946 9.7351
internal_count=3840 2077 1763 1368 395 117 1241 1230 569 529 108 75 421 127
is_linear=0
shrinkage=0.05


Tree=196
num_leaves=15
num_cat=0
split_feature=10 11 11 5 8 11 1 10 12 4 11 1 10 16
split_gain=65.3505 5.82976 2.1332 1.95801 2.11875 2.4739 2.16165 2.30308 2.09481 2.82527 2.43153 1.55817 1.03963 2.89345
threshold=1.5000000000000002 0.15061696831342566 -1.0000000180025095e-35 1.1798472407031921 1.0000000180025095e-35 0.053817714911885091 15.500000000000002 2.5000000000000004 2.6494164893940693 -0.0077579565698876534 0.091371893954874342 5.5000000000000009 2.5000000000000004 1.0000000180025095e-35
decision_type=2 2 2 2 2 2 2 2 2 2 2 2 2 2
left_child=-1 2 -2 4 5 11 -7 -8 -5 -10 -11 -4 -6 -14
right_child=1 -3 3 8 12 6 7 -9 9 10 -12 -13 13 -15
leaf_value=-0.041039225903823986 -0.027515467292056825 0.040844653139181564 0.0061661817215209226 -0.037002209723765736 0.041033313964115484 0.048649557943924483 0.037429195559781851 -0.0097812326442918776 0.039879976800921313 -0.048345864209764361 0.019421596914985167 -0.036498257095380328 0.029637709921164893 -0.01762303971885848
leaf_weight=63.761338370852172 2.8005414912477127 31.528049621731043 4.9996054843068141 3.0526248365640631 11.055936150252817 4.897017039358615 4.2353342026472074 6.6227252222597599 4.4408380016684523 2.6268599592149249 2.6681171283125877 3.74162407964468 22.127682548016313 3.7938488200306884
leaf_count=3034 47 317 26 16 61 32 25 36 23 29 14 35 128 17
internal_value=-0.000859795 0.0227324 0.0153223 0.0169377 0.0206408 0.00923609 0.0210716 0.00863384 -0.000862659 0.0104687 -0.0141981 -0.012096 0.028196 0.0227207
internal_weight=172.352 108.591 77.0628 74.2622 61.4738 24.4963 15.7551 10.8581 12.7884 9.73582 5.29498 8.74123 36.9775 25.9215
internal_count=3840 806 489 442 360 154 93 61 82 66 43 61 206 145
is_linear=0
shrinkage=0.05


Tree=197
num_leaves=15
num_cat=0
split_feature=12 12 13 2 5 18 0 15 17 15 2 12 11 7
split_gain=51.9861 6.25183 5.73633 2.74398 2.00785 2.52381 1.83959 1.77742 1.96267 2.92848 1.71245 1.64982 1.61672 1.50613
threshold=6.0205549612063907 20.244350546088853 3.5000000000000004 0.85039384551116426 1.6944647804652007 0.92349498327759216 5.5000000000000009 0.89009661835748799 0.10263157894736843 1.3933982683982686 1.5694165585973323 4.083372073571149 0.0030879244024133727 0.58434959349593507
decision_type=2 2 2 2 2 2 2 2 2 2 2 2 2 2
left_child=2 4 10 -4 5 -2 -6 13 9 12 -1 -12 -9 -7
right_child=1 -3 3 -5 6 7 -8 8 -10 -11 11 -13 -14 -15
leaf_value=0.0030276701332465589 -0.039340212598662209 0.041864089079825438 0.03932277158752083 -0.040217934472197743 0.00081590057433263195 -0.0046572742399080156 0.042169950281961327 0.015868406551098502 -0.034169016327194511 0.033752239190407637 -0.036700669209119414 0.00012067297790079644 -0.031825845983972006 0.036977613731443738
leaf_weight=12.512516828253867 2.684957321733239 36.343412209302187 1.105623073875903 56.176188783720136 3.7718357369303694 2.9015042567625668 9.3690625950694066 3.0043588522821683 3.2030478734523049 6.4864709544926882 8.1134318402037007 4.8670008406043044 4.348661145195365 8.6410246975719911
leaf_count=146 45 555 10 2414 27 23 77 21 18 48 301 54 26 75
internal_value=-0.00205658 0.0264853 -0.0299018 -0.0386827 0.0139001 0.00700822 0.0303001 0.0113617 0.00110092 0.00926389 -0.0101713 -0.0228945 -0.0123385 0.0265116
internal_weight=163.529 80.7543 82.7748 57.2818 44.4109 31.27 13.1409 28.5851 17.0425 13.8395 25.4929 12.9804 7.35302 11.5425
internal_count=3840 915 2925 2424 360 256 104 211 113 95 501 355 47 98
is_linear=0
shrinkage=0.05


Tree=198
num_leaves=15
num_cat=0
split_feature=0 0 12 11 16 6 3 16 10 2 5 3 13 5
split_gain=17.1317 18.2422 7.97573 7.72315 7.599 5.26389 5.47535 4.36481 4.32641 3.6765 4.46845 3.89651 3.7648 5.21304
threshold=6.5000000000000009 12.500000000000002 9.1781814677969695 0.095345011758259116 6.5000000000000009 2.5000000000000004 0.52548701298701317 1.0000000180025095e-35 1.5000000000000002 1.7187187333386496 0.87454355411967166 1.1609126984126987 4.5000000000000009 0.85078726120979264
decision_type=2 2 2 2 2 2 2 2 2 2 2 2 2 2
left_child=-1 2 3 4 5 7 -7 8 -2 11 -11 12 -8 -14
right_child=1 -3 -4 -5 -6 6 9 -9 -10 10 -12 -13 13 -15
leaf_value=-0.041049265818602923 0.039139847775526204 -0.041489980454702723 -0.035259600667904414 -0.033205778261422743 -0.04143608326694842 0.057771602112473508 0.057051688345779963 0.00705719385260393 0.0084290139834749898 0.0084405250885343699 -0.028341885196292368 -0.020420932956015304 0.032649991097598009 -0.031558161392121607
leaf_weight=21.186091614887118 52.143254421651363 18.133920348249376 8.7975052455440146 8.3859979035332781 5.5566485449671736 4.9621231611818066 6.8710339702665868 22.815032105892897 14.701134856790302 18.532380063086748 14.891730492934583 5.561704881489276 9.8962835185229761 4.6449258774518958
leaf_count=963 398 810 379 217 141 28 34 135 76 167 304 68 59 61
internal_value=0.00166225 0.00628154 0.0111549 0.0135716 0.0160145 0.0180738 0.00728257 0.0259404 0.0323856 0.00313455 -0.00794746 0.0168665 0.0265517 0.0121399
internal_weight=217.08 195.894 177.76 168.962 160.576 155.02 65.3602 89.6594 66.8444 60.3981 33.4241 26.9739 21.4122 14.5412
internal_count=3840 2877 2067 1688 1471 1330 721 609 474 693 471 222 154 120
is_linear=0
shrinkage=0.05


Tree=199
num_leaves=15
num_cat=0
split_feature=16 16 5 11 13 18 12 18 19 1 1 1 2 6
split_gain=59.0687 5.13658 2.27372 2.53134 2.65411 2.27247 3.08933 3.89411 1.76077 3.95419 2.33083 1.72373 1.69711 1.465
threshold=1.0000000180025095e-35 7.5000000000000009 0.63943244029381485 -0.020405747626242251 16.500000000000004 0.55618686868686884 2.3256164358571501 0.65707236842105277 1.0000000180025095e-35 6.5000000000000009 11.500000000000002 21.500000000000004 1.8407900758161626 2.5000000000000004
decision_type=2 2 2 2 2 2 2 2 2 2 2 2 2 2
left_child=-1 2 -2 13 5 12 -7 -8 9 -9 -10 -12 -5 -4
right_child=1 -3 3 4 -6 6 7 8 10 -11 11 -13 -14 -15
leaf_value=-0.039133443576649954 -0.018586635298329712 0.039602734496681301 0.049398547317091278 0.0049369839873857745 0.029959887956837031 0.024833438501925861 -0.050897903862068675 0.038658275386269147 -0.016863336064032865 -0.027650642468461901 0.052475258921870861 0.010363300847812628 0.040527201726455034 0.011779986817376577
leaf_weight=64.686920141801238 4.8682525828480712 26.639288038015366 8.3531843647360784 5.7806726619601232 17.793577536940575 11.207292255014179 4.1426717787981024 2.9080615788698223 4.6646739728748789 9.9098357483744604 3.8071387484669668 6.7174964919686317 7.9645617604255676 3.7498690932989112
leaf_count=3018 16 259 62 35 105 70 18 15 23 74 20 40 57 28
internal_value=-0.000704672 0.0202717 0.0146662 0.0165269 0.0130984 0.00784423 0.00222809 -0.00565203 0.0010405 -0.0126068 0.0125571 0.0255967 0.0255594 0.0377433
internal_weight=183.193 118.507 91.8673 86.999 74.896 57.1024 43.3572 32.1499 28.0072 12.8179 15.1893 10.5246 13.7452 12.1031
internal_count=3840 822 563 547 457 352 260 190 172 89 83 60 92 90
is_linear=0
shrinkage=0.05


Tree=200
num_leaves=15
num_cat=0
split_feature=6 6 12 4 8 15 2 0 7 18 3 11 4 11
split_gain=37.3845 6.19094 4.04303 4.15514 5.03846 3.88687 3.32614 3.08302 3.13245 3.21168 4.64974 2.86705 2.60518 2.35506
threshold=2.5000000000000004 1.0000000180025095e-35 16.536497957816312 0.0061011904761906844 1.5000000000000002 1.5303308823529413 1.6244247221943426 12.500000000000002 0.41763565891472876 1.8672955974842769 0.80576285240464351 0.072438221252411714 0.19614048150905927 0.026264012823883496
decision_type=2 2 2 2 2 2 2 2 2 2 2 2 2 2
left_child=1 -1 3 4 6 -5 -2 8 9 10 13 -8 -7 -6
right_child=2 -3 -4 5 7 12 11 -9 -10 -11 -12 -13 -14 -15
leaf_value=0.0098703135534298561 -0.0066744518802431003 -0.040925161456451711 -0.041337308025900084 0.028959220667483007 0.0034904928035965782 0.013089440345194556 0.029932680840488043 0.020573447420551356 -0.035013811186625346 -0.055995593499434886 0.043866597430959248 -0.0085794458089666452 -0.03728223553305527 -0.045074393949352025
leaf_weight=6.8568493649363509 11.004460055381058 47.921737374737859 3.3264788575470439 57.391515279188752 7.768930461257705 8.4787718541920167 33.7489511705935 8.3341409526765329 11.033426556736229 2.3807920180261126 5.4873850531876078 5.6402276866137973 3.6813770569860926 3.6781653314828873
leaf_count=48 89 2029 115 666 69 75 376 91 120 13 58 40 20 31
internal_value=0.00113935 -0.0345669 0.0132164 0.0143604 0.00720979 0.0235184 0.0176284 -0.0063629 -0.01376 -0.00161917 0.00602553 0.024418 -0.00216014 -0.0121143
internal_weight=216.733 54.7786 161.955 158.628 89.0765 69.5517 50.3936 38.6828 30.3487 19.3153 16.9345 39.3892 12.1601 11.4471
internal_count=3840 2077 1763 1648 887 761 505 382 291 171 158 416 95 100
is_linear=0
shrinkage=0.05


Tree=201
num_leaves=15
num_cat=0
split_feature=10 11 10 1 4 11 11 15 12 12 18 18 2 2
split_gain=60.7911 5.61048 2.00596 4.04015 3.35598 3.23863 2.34049 2.66619 2.16907 1.6645 1.20815 0.973789 0.934211 0.713025
threshold=1.5000000000000002 0.15061696831342566 2.5000000000000004 12.500000000000002 -0.14250723581357902 0.047880829527813397 0.11400737744892402 0.8765243902439025 4.4481558612518102 4.2778198127536653 1.3217647058823532 1.1790293040293043 2.2222734958276082 1.3489999326243545
decision_type=2 2 2 2 2 2 2 2 2 2 2 2 2 2
left_child=-1 2 5 8 -5 -2 9 -8 10 -6 12 -7 -4 -3
right_child=1 13 3 4 6 11 7 -9 -10 -11 -12 -13 -14 -15
leaf_value=-0.040995976971400512 -0.00094841913404551106 0.019999255741875249 0.038593146573059567 0.048434239568240826 -0.039585800334481593 0.05277485734400067 -0.017998077359828012 0.036333347794156028 -0.010101169581842959 -0.0020776494569686565 0.0014664153820123959 0.027334080323492646 0.013761981172290747 0.043424372434589263
leaf_weight=60.012914459686726 6.8468523398041752 3.7122857123613384 15.886794880032548 2.585291892290118 7.9843397941440362 7.810807451605795 4.7962972670793516 4.2667518109083176 4.3982490114867678 4.6983534134924412 3.6431798525154582 7.2551059126853943 4.9736962914466849 26.001319967210293
leaf_count=3034 38 34 96 14 83 56 23 22 25 45 21 38 28 283
internal_value=-0.000863382 0.0221052 0.0148326 0.00959132 -0.00542148 0.0275653 -0.0118242 0.00758037 0.0222298 -0.0256908 0.028033 0.0405237 0.0326727 0.0404977
internal_weight=164.872 104.859 75.1457 53.233 24.331 21.9128 21.7457 9.06305 28.9019 12.6827 24.5037 15.0659 20.8605 29.7136
internal_count=3840 806 489 357 187 132 173 45 170 128 145 94 124 317
is_linear=0
shrinkage=0.05


Tree=202
num_leaves=15
num_cat=0
split_feature=12 12 13 2 5 18 0 1 5 19 15 4 15 17
split_gain=47.6508 6.01236 5.72821 2.68832 1.85533 2.30989 1.73461 1.69865 2.33438 2.25075 2.56723 2.02147 1.64121 1.74832
threshold=6.0205549612063907 20.244350546088853 3.5000000000000004 0.85039384551116426 1.6944647804652007 0.92349498327759216 5.5000000000000009 27.500000000000004 1.1798472407031921 1.5000000000000002 2.3452380952380958 0.027846195949644294 0.89009661835748799 0.10263157894736843
decision_type=2 2 2 2 2 2 2 2 2 2 2 2 2 2
left_child=2 4 7 -4 5 -2 -6 8 9 10 -1 -10 -7 -14
right_child=1 -3 3 -5 6 12 -8 -9 11 -11 -12 -13 13 -15
leaf_value=-0.026532358908709055 -0.038633092573127775 0.04158414585111414 0.038196584478183124 -0.040124631988039873 0.00077253963632353958 0.025778618622018402 0.041399834667743815 -0.043806839074008702 -0.0050873058336411243 0.046968188422483403 0.062084926931865764 0.051290078693036735 0.0088867437183167766 -0.032298868886476421
leaf_weight=13.154659975320103 2.5631646979600218 34.063970413058996 1.1187880039215077 52.9214584864676 3.711028177291154 11.19445723295212 8.9965175166726095 3.1557660251855841 3.461233139038085 1.3327109105885036 0.87141434010118324 2.941035502590239 13.517954809591176 3.1835786076262584
leaf_count=331 45 555 10 2414 27 98 77 66 45 15 11 33 95 18
internal_value=-0.00204467 0.0258796 -0.0293584 -0.0385032 0.0134868 0.00679137 0.0295353 -0.00952505 -0.00455354 -0.0151267 -0.0210267 0.020811 0.0109651 0.00103611
internal_weight=156.188 77.2307 78.9571 54.0402 43.1667 30.4592 12.7075 24.9168 21.7611 15.3588 14.0261 6.40227 27.896 16.7015
internal_count=3840 915 2925 2424 360 256 104 501 435 357 342 78 211 113
is_linear=0
shrinkage=0.05


Tree=203
num_leaves=15
num_cat=0
split_feature=0 0 5 11 16 6 3 11 1 12 2 13 0 18
split_gain=16.0534 17.0498 7.33129 4.76093 4.73267 5.31064 3.96725 3.85061 3.64714 3.5956 3.45524 3.37168 2.94522 3.21471
threshold=6.5000000000000009 12.500000000000002 0.95457433247581724 0.11400737744892402 1.0000000180025095e-35 2.5000000000000004 1.6857651912978247 0.021710739180298425 35.500000000000007 2.1881587821903978 2.1520681072151651 30.500000000000004 8.5000000000000018 0.79559312638580948
decision_type=2 2 2 2 2 2 2 2 2 2 2 2 2 2
left_child=-1 2 3 4 5 -2 7 10 -6 -9 12 -7 13 -4
right_child=1 -3 6 -5 8 11 -8 9 -10 -11 -12 -13 -14 -15
leaf_value=-0.041008313474939745 0.039084801309282428 -0.041458219446526265 0.036671133652119589 -0.040813960904013173 -0.015387087053083538 0.01727483383791336 -0.041246915847311778 0.024398866207760959 0.033991557148432182 -0.034258399961750473 -0.012811802908622489 -0.043432855007726062 0.025060274531238963 -0.037014515100113644
leaf_weight=19.958004388026893 40.26137713342905 17.116416403092444 2.2294326890259972 3.2218238692730656 13.589081592857839 41.228992499411106 5.9113279562443486 3.402158945798873 5.1592586059123269 11.256941813044248 13.194349878467618 2.4215068817138663 26.092556060291827 4.404369305819273
leaf_count=963 351 810 19 112 144 335 297 34 38 184 205 34 240 74
internal_value=0.00164476 0.0061372 0.0108634 0.0190348 0.020913 0.0259875 -0.00214896 0.00166619 -0.00179883 -0.0206449 0.00878848 0.0139071 0.0174971 -0.0122509
internal_weight=209.448 189.49 172.373 105.882 102.66 83.9119 66.4911 60.5798 18.7483 14.6591 45.9207 43.6505 32.7264 6.6338
internal_count=3840 2877 2067 1014 902 720 1053 756 182 218 538 369 333 93
is_linear=0
shrinkage=0.05


Tree=204
num_leaves=15
num_cat=0
split_feature=16 16 11 5 13 18 11 15 19 16 17 7 5 16
split_gain=54.4874 4.92337 2.17103 2.2457 3.23232 2.56527 2.85013 3.07547 3.60918 2.33802 2.64897 3.81426 1.47366 1.39774
threshold=1.0000000180025095e-35 7.5000000000000009 0.14116070146414791 0.63943244029381485 16.500000000000004 0.55618686868686884 0.0025518886150095181 0.26365441906653431 1.0000000180025095e-35 4.5000000000000009 0.30151515151515157 0.99662162162162182 0.99598076041734462 2.5000000000000004
decision_type=2 2 2 2 2 2 2 2 2 2 2 2 2 2
left_child=-1 2 3 -2 5 -5 9 -8 -9 10 11 13 -10 -7
right_child=1 -3 -4 4 -6 6 7 8 12 -11 -12 -13 -14 -15
leaf_value=-0.038971756948123604 -0.017779907305881758 0.039100530647862126 -0.026960899037347566 0.030362558501720534 0.035289688541689158 -0.030690286264558317 0.020151614218628707 -0.051453950179636138 -0.020692557448658069 0.036627518348684926 -0.023464804273420004 0.046328618549926912 0.022156395281321399 0.015757920953474749
leaf_weight=60.928086179308593 4.7854522839188567 25.065965801477432 3.1160259097814551 14.520778395235537 19.404660265892744 3.3660866208374554 6.647668048739436 5.7596122138202164 4.073171928524971 9.6954593360424024 5.3150638714432707 6.2777546532452106 3.954876497387886 3.1218170151114464
leaf_count=3018 15 259 25 103 123 24 41 38 22 66 28 34 23 21
internal_value=-0.000736949 0.0195018 0.0140457 0.0155157 0.0174556 0.0119391 0.00639014 -0.00778319 -0.0212519 0.0168177 0.00619499 0.018544 0.000416224 -0.00834057
internal_weight=176.032 115.104 90.0384 86.9224 82.1369 62.7323 48.2115 20.4353 13.7877 27.7762 18.0807 12.7657 8.02805 6.4879
internal_count=3840 822 563 538 523 400 297 124 83 173 107 79 45 45
is_linear=0
shrinkage=0.05


Tree=205
num_leaves=15
num_cat=0
split_feature=6 6 7 3 3 2 2 5 5 7 5 6 0 3
split_gain=34.6097 5.93658 3.70299 3.52231 2.9512 3.21113 2.94867 3.05711 2.76659 3.58041 2.28244 2.33786 3.38541 2.91611
threshold=2.5000000000000004 1.0000000180025095e-35 0.66599462365591411 0.79748196448390696 1.6857651912978247 2.0774845920192679 2.0224993440594736 0.85078726120979264 0.88593641322611116 0.075657894736842118 0.55840840345674903 4.5000000000000009 8.5000000000000018 1.2445906432748541
decision_type=2 2 2 2 2 2 2 2 2 2 2 2 2 2
left_child=1 -1 3 8 10 -6 -4 -8 9 -2 -5 -12 -13 -14
right_child=2 -3 6 4 5 -7 7 -9 -10 -11 11 12 13 -15
leaf_value=0.0093781505422474952 0.015581160937665052 -0.040889504260838677 -0.011369319869466611 -0.034802142638117671 0.016183217966641957 -0.04580740967260305 -0.032756379559185353 0.032212335050359378 0.017087110518740973 -0.028901920315047343 0.036633028430341712 0.037174517898584544 -0.0042122705564282209 0.037004998027291604
leaf_weight=6.7556193098425856 7.9956430308520821 44.983203290961683 24.06656673643738 1.5070504546165455 6.6773623898625356 3.0401663705706596 2.2537041008472434 9.2111580111086351 20.597569979727268 10.417177828028796 35.082544784992933 14.847741477191446 16.667098328471187 5.7792457714676848
leaf_count=48 68 2029 278 5 64 16 11 106 236 87 436 205 180 71
internal_value=0.00117154 -0.034326 0.0127851 0.0169038 0.0226928 -0.00321079 -0.00142777 0.0194411 0.00449772 -0.00958544 0.0260997 0.0273678 0.0186521 0.00639991
internal_weight=209.882 51.7388 158.143 122.612 83.6012 9.71753 35.5314 11.4649 39.0104 18.4128 73.8837 72.3766 37.2941 22.4463
internal_count=3840 2077 1763 1368 977 80 395 117 391 155 897 892 456 251
is_linear=0
shrinkage=0.05


Tree=206
num_leaves=15
num_cat=0
split_feature=10 11 11 5 8 11 1 10 12 4 11 1 1 10
split_gain=56.5463 5.33959 1.89507 1.80595 1.95587 2.28039 2.05354 2.02341 1.92913 2.32571 2.4115 1.39669 0.955556 1.37139
threshold=1.5000000000000002 0.15061696831342566 -1.0000000180025095e-35 1.1798472407031921 1.0000000180025095e-35 0.053817714911885091 15.500000000000002 2.5000000000000004 2.7383579444985586 -0.0077579565698876534 0.091371893954874342 7.5000000000000009 23.500000000000004 3.5000000000000004
decision_type=2 2 2 2 2 2 2 2 2 2 2 2 2 2
left_child=-1 2 -2 4 5 11 -7 -8 -5 -10 -11 -4 -6 -14
right_child=1 -3 3 8 12 6 7 -9 9 10 -12 -13 13 -15
leaf_value=-0.040956750363268526 -0.027063086850000063 0.040096423573071277 0.0026847391403906811 -0.035077572354299508 0.032448582092131383 0.04811002798973419 0.035942463090134949 -0.0094995811564650718 0.038328022389274019 -0.047860494915420826 0.022072224951038777 -0.0399606916003378 0.028611115514019549 -0.0086023308244732432
leaf_weight=56.541518612764776 2.6572465226054183 27.894385922700167 5.3829415813088435 3.1757373660802832 24.590283181518316 4.5451794862747184 3.9574884548783285 6.4295358322560787 4.0515887215733519 2.4589135888963929 2.4720140546560287 2.9844734966754913 6.4956793710589391 4.0003929808735847
leaf_count=3034 47 317 30 18 139 32 25 36 22 29 13 31 42 25
internal_value=-0.000913845 0.0214816 0.0143882 0.0159496 0.0196002 0.00837022 0.0200796 0.00781398 -0.00158162 0.0102608 -0.0128012 -0.012526 0.0270577 0.0144279
internal_weight=157.637 101.096 73.2015 70.5442 58.386 23.2996 14.9322 10.387 12.1583 8.98252 4.93093 8.36742 35.0864 10.4961
internal_count=3840 806 489 442 360 154 93 61 82 64 42 61 206 67
is_linear=0
shrinkage=0.05


Tree=207
num_leaves=15
num_cat=0
split_feature=12 12 13 2 5 18 0 1 5 19 15 4 15 17
split_gain=43.646 5.85186 5.63654 2.61243 1.74955 2.10365 1.66443 1.63663 2.12975 2.05426 2.31062 1.84255 1.54816 1.56012
threshold=6.0205549612063907 20.244350546088853 3.5000000000000004 0.85039384551116426 1.6944647804652007 0.92349498327759216 5.5000000000000009 27.500000000000004 1.1798472407031921 1.5000000000000002 2.3452380952380958 0.0074441635061103604 0.89009661835748799 0.10263157894736843
decision_type=2 2 2 2 2 2 2 2 2 2 2 2 2 2
left_child=2 4 7 -4 5 -2 -6 8 9 10 -1 -10 -7 -14
right_child=1 -3 3 -5 6 12 -8 -9 11 -11 -12 -13 13 -15
leaf_value=-0.025910233804221527 -0.037918434893223552 0.041344117025630435 0.036597945689655832 -0.040031762867558718 0.00053138503321165001 0.025005992153256492 0.040794429261431252 -0.043627587776931515 -0.0096298031177636089 0.0440019259595218 0.056261240150929807 0.044414697565726344 0.0082289478082359421 -0.03078577366975252
leaf_weight=12.699798501096668 2.4539909288287189 31.873970948159695 1.1375956162810315 49.861161535605788 3.6507814601063719 10.924311578273775 8.6448458582162839 3.0056196944788089 2.8763283854350439 1.363246992230416 0.9173077931627639 3.4914422873407602 13.367852468043568 3.1699893455952397
leaf_count=331 45 555 10 2414 27 98 77 66 40 15 11 38 95 18
internal_value=-0.00207895 0.0251727 -0.0288725 -0.0383224 0.0129617 0.00643581 0.0288396 -0.00908343 -0.00421993 -0.0145164 -0.0203748 0.0200027 0.0103993 0.000750569
internal_weight=149.438 74.0857 75.3525 50.9988 42.2118 29.9161 12.2956 24.3537 21.3481 14.9804 13.6171 6.36777 27.4622 16.5378
internal_count=3840 915 2925 2424 360 256 104 501 435 357 342 78 211 113
is_linear=0
shrinkage=0.05


Tree=208
num_leaves=15
num_cat=0
split_feature=0 0 5 11 16 4 13 5 1 1 0 1 7 12
split_gain=15.0489 15.8934 6.71441 6.18149 5.76969 7.21978 3.94991 5.81749 3.94955 3.78946 3.33357 3.84808 4.08022 2.6325
threshold=6.5000000000000009 12.500000000000002 0.66659847376831338 0.095345011758259116 5.5000000000000009 0.0027848101265817876 14.500000000000002 1.102988220153273 15.500000000000002 34.500000000000007 10.500000000000002 4.5000000000000009 0.34262422360248451 5.1788091782760448
decision_type=2 2 2 2 2 2 2 2 2 2 2 2 2 2
left_child=-1 2 8 4 5 10 7 9 -2 -7 13 -12 -13 -4
right_child=1 -3 3 -5 -6 6 -8 -9 -10 -11 11 12 -14 -15
leaf_value=-0.040968307618473122 -0.00622122195648552 -0.041418723727911423 0.029653555922598152 -0.041178785499940834 -0.040983531335998212 0.0073592810081816746 -0.037294004660447543 -0.028631638007894283 0.039130160479620278 0.066840860822717327 -0.037798104439316617 -0.044336861369544525 0.024772881847104068 -0.018726889233508747
leaf_weight=18.792294779792428 5.8550677597522727 16.117627245374024 49.907338555902243 6.6958671603351823 5.7212504139170042 26.499733370728794 7.7556653041392556 11.445183096453546 26.659798078238964 2.9786126203835002 4.4603920597583082 2.5109638459980514 14.29152726382017 2.9795596506446591
leaf_count=963 50 810 395 202 169 290 124 373 202 39 37 59 93 34
internal_value=0.00165066 0.0060063 0.0105627 0.00565802 0.00809763 0.0103838 -0.00457736 0.00162297 0.0309636 0.0133695 0.0202057 0.00348587 0.0144451 0.0269279
internal_weight=202.671 183.879 167.761 135.246 128.55 122.829 48.6792 40.9235 32.5149 29.4783 74.1498 21.2629 16.8025 52.8869
internal_count=3840 2877 2067 1815 1613 1444 826 702 252 329 618 189 152 429
is_linear=0
shrinkage=0.05


Tree=209
num_leaves=15
num_cat=0
split_feature=16 16 5 11 4 18 11 18 13 12 1 10 1 6
split_gain=50.4294 4.75868 1.97849 2.33587 2.43272 1.95295 2.81759 2.03725 1.89912 1.92903 1.82356 2.25049 1.80654 1.37471
threshold=1.0000000180025095e-35 7.5000000000000009 0.63943244029381485 -0.020405747626242251 0.11759581881533189 1.7884868421052633 0.11886497104474349 1.3217647058823532 16.500000000000004 3.3171618515907073 35.500000000000007 1.5000000000000002 5.5000000000000009 2.5000000000000004
decision_type=2 2 2 2 2 2 2 2 2 2 2 2 2 2
left_child=-1 2 -2 13 5 6 7 8 10 -10 11 12 -5 -4
right_child=1 -3 3 4 -6 -7 -8 -9 9 -11 -12 -13 -14 -15
leaf_value=-0.038809178605928273 -0.017707499254222849 0.038695375815301206 0.048493447326318162 -0.0013681013751692134 -0.021407448957369749 0.048200955653831187 -0.03287133562897953 -0.016898708088016908 0.053258010866978955 0.014296091216146861 -0.019813709041711328 -0.010929368122424853 0.027604328351873365 0.011189340687956191
leaf_weight=57.454217062331736 4.809283308684825 23.750834695994854 7.6339303106069547 6.8804276809096363 5.0777527689933768 4.037109348922967 3.2689062021672717 4.6686355993151656 6.5764359869062883 6.145626537501812 3.9799197837710372 6.5444348007440558 24.679870273917913 3.6507224924862385
leaf_count=3018 16 259 62 35 43 23 25 32 40 42 21 27 169 28
internal_value=-0.00074306 0.018836 0.0134732 0.0152768 0.0119557 0.0144925 0.0123236 0.0148076 0.0175085 0.0344367 0.0123911 0.0157548 0.0212881 0.0364251
internal_weight=169.158 111.704 87.9531 83.1438 71.8591 66.7814 62.7443 59.4754 54.8067 12.7221 42.0847 38.1047 31.5603 11.2847
internal_count=3840 822 563 547 457 414 391 366 334 82 252 231 204 90
is_linear=0
shrinkage=0.05


Tree=210
num_leaves=15
num_cat=0
split_feature=6 6 12 4 8 15 2 5 15 5 0 7 18 3
split_gain=32.256 5.68203 3.513 3.72657 4.44968 3.57281 3.15035 2.86713 3.23068 3.53147 2.8055 2.73357 3.05472 4.22409
threshold=2.5000000000000004 1.0000000180025095e-35 16.536497957816312 0.0074441635061103604 1.5000000000000002 1.5303308823529413 1.6244247221943426 0.73332965540434614 0.57555002075550032 0.88593641322611116 12.500000000000002 0.41763565891472876 1.8672955974842769 0.80576285240464351
decision_type=2 2 2 2 2 2 2 2 2 2 2 2 2 2
left_child=1 -1 3 4 6 -5 -2 -8 -9 -10 11 12 13 -6
right_child=2 -3 -4 5 10 -7 7 8 9 -11 -12 -13 -14 -15
leaf_value=0.0088734853075153972 -0.0072954704235107058 -0.040855095996793683 -0.041208693484642622 0.027845370266576314 -0.011910228974015832 -0.0024672615865020541 0.06033206630117513 0.039768755635184345 -0.017477504620957453 0.023570608819282992 0.019667258774503784 -0.034209454747519678 -0.055101941772941102 0.042722548784359916
leaf_weight=6.6458941772580138 10.749609012156723 42.338563107419759 2.9918388668447724 54.296380946412683 11.087106879800567 11.840665120631455 4.6095372252166262 11.429115060716866 8.8111948072910327 12.927004281431435 8.0715547129511815 10.390498068183659 2.3816522546112529 5.1962943337857714
leaf_count=48 90 2029 115 662 100 95 46 150 68 154 92 120 13 58
internal_value=0.00125405 -0.0341082 0.0124453 0.0135028 0.00661862 0.0224184 0.0165868 0.0233827 0.0182475 0.00693248 -0.00641021 -0.0136545 -0.00221187 0.00552397
internal_weight=203.767 48.9845 154.782 151.791 85.6536 66.137 48.5265 37.7769 33.1673 21.7382 37.1271 29.0556 18.6651 16.2834
internal_count=3840 2077 1763 1648 891 757 508 418 372 222 383 291 171 158
is_linear=0
shrinkage=0.05


Tree=211
num_leaves=15
num_cat=0
split_feature=10 11 18 10 13 13 11 8 10 4 1 11 1 7
split_gain=52.6364 5.14232 2.2422 2.52763 1.8129 2.81055 2.07381 2.61324 1.79627 2.21998 2.41982 3.50396 1.70848 1.48419
threshold=1.5000000000000002 0.16761940334401168 1.9968750000000002 3.5000000000000004 28.500000000000004 20.500000000000004 0.05898955546105223 1.0000000180025095e-35 2.5000000000000004 -0.10914862914862974 9.5000000000000018 0.11400737744892402 7.5000000000000009 0.99662162162162182
decision_type=2 2 2 2 2 2 2 2 2 2 2 2 2 2
left_child=-1 2 4 -4 5 6 7 12 -8 -10 -11 -12 -2 -9
right_child=1 -3 3 -5 -6 -7 8 13 9 10 11 -13 -14 -15
leaf_value=-0.040918867572109115 0.0035466113738886322 0.04144291419186294 0.0078023507369181962 -0.072525301438887912 0.050936863677541688 -0.019865093177298572 0.046943128895879593 -4.0780345244296523e-05 0.046335758062855753 0.049262594157811174 -0.026102202164601525 0.024368925541301274 -0.040141761872861483 0.028039440012044753
leaf_weight=53.344757106155157 5.7610221244394797 23.102590531110764 2.7604558691382399 1.5177705120295284 3.6421616300940505 5.4015950523316851 8.1719608865678328 7.1963757183402803 5.8179106712341335 3.2732278704643276 6.2950507048517448 7.5792093016207218 3.6591257397085428 13.596813139505683
leaf_count=3034 34 289 20 35 26 33 67 52 42 19 36 48 37 68
internal_value=-0.000968523 0.0208278 0.0144498 -0.0206952 0.0165857 0.0147115 0.0177557 0.0084235 0.026811 0.0196473 0.0105922 0.00146909 -0.0134235 0.0183211
internal_weight=151.12 97.7753 74.6727 4.27823 70.3945 66.7523 61.3507 30.2133 31.1374 22.9654 17.1475 13.8743 9.42015 20.7932
internal_count=3840 806 517 55 462 436 403 191 212 145 103 84 71 120
is_linear=0
shrinkage=0.05


Tree=212
num_leaves=15
num_cat=0
split_feature=13 12 12 2 15 11 15 7 11 7 2 11 3 4
split_gain=40.3273 9.88363 4.39423 2.56094 2.02927 1.68864 1.80909 1.74468 1.713 1.65219 2.02356 1.40273 1.22059 2.13837
threshold=3.5000000000000004 20.244350546088853 4.9210919501868258 0.85039384551116426 2.3452380952380958 -0.016569704534639292 1.6026315789473686 0.57735042735042741 -0.00094173594315338771 1.1692708333333337 1.2447699313547445 0.066732811526830318 1.9023064687168614 0.16666666666666627
decision_type=2 2 2 2 2 2 2 2 2 2 2 2 2 2
left_child=1 2 4 -2 9 6 7 -4 -7 -1 -11 -3 13 -10
right_child=3 11 5 -5 -6 8 -8 -9 12 10 -12 -13 -14 -15
leaf_value=-0.02391510200237322 0.035653196354009951 0.04315149325358994 -0.015324883852325267 -0.039837561483645506 0.06165634138507297 0.04476157468878729 -0.04037666070529361 0.041366116857673788 0.020164474746980899 0.053418799597265157 -0.018330583862893476 -0.015709274257662553 0.029945555904872873 -0.014490076310119641
leaf_weight=15.296575519256299 1.1496338546276081 28.853233166038994 2.9510238133370867 49.317452414426953 0.86977819446474214 5.8307763747870913 2.5325556248426437 2.5127184763550758 12.60983974859119 1.7061333879828442 2.3175616124644876 1.0489883013069619 9.3010450303554517 6.8802994322031727
leaf_count=412 10 543 20 2486 11 54 14 31 73 11 34 12 76 53
internal_value=-0.00215185 0.0174263 0.00616194 -0.0381179 -0.0130527 0.0152647 -0.00544487 0.0107467 0.0200478 -0.016416 0.0120927 0.0410866 0.0150428 0.00793092
internal_weight=143.178 92.7105 62.8083 50.4671 20.19 42.6183 7.9963 5.46374 34.622 19.3203 4.0237 29.9022 28.7912 19.4901
internal_count=3840 1344 789 2496 468 321 65 51 256 457 45 555 202 126
is_linear=0
shrinkage=0.05


Tree=213
num_leaves=15
num_cat=0
split_feature=0 0 12 11 16 5 13 7 1 15 0 11 6 3
split_gain=14.0453 14.8559 6.19498 5.93002 5.88408 4.80884 4.04819 3.76903 3.69904 6.60507 3.57369 3.49588 4.0219 4.62379
threshold=6.5000000000000009 12.500000000000002 14.229223217848045 0.11400737744892402 6.5000000000000009 0.66659847376831338 30.500000000000004 0.29217479674796759 33.500000000000007 0.7421798631476052 9.5000000000000018 -0.012715118215907399 5.5000000000000009 0.75930149131348357
decision_type=2 2 2 2 2 2 2 2 2 2 2 2 2 2
left_child=-1 2 3 4 5 -2 7 8 10 -10 11 -7 13 -13
right_child=1 -3 -4 -5 -6 6 -8 -9 9 -11 -12 12 -14 -15
leaf_value=-0.040926952830722292 0.033348379999512921 -0.041393030683154974 -0.042574900146012153 -0.040771616752104445 -0.041290196716821409 -0.046625164171382349 -0.038789364748989467 0.017196240527332689 0.083858155522309227 -0.019873150821324806 -0.044502504549788567 0.051995793651120482 0.091916813337611966 -0.044108736245245805
leaf_weight=17.66041914653033 30.142932828515768 15.247241042088715 5.376255706883966 5.1500628460198632 4.702305005863308 2.5923162885010242 3.9497668566182247 91.802503878250718 2.8153574541211119 3.3733918070793152 7.1770704798400393 2.3198122661560827 1.5647329092025755 2.7178696719929576
leaf_count=963 231 810 332 190 141 51 58 688 33 78 166 20 13 66
internal_value=0.00161284 0.00581148 0.0102086 0.0120012 0.0137757 0.0155199 0.0109777 0.0126965 -0.00561378 0.0273158 -0.0180616 0.00257721 0.0218956 0.000146632
internal_weight=196.592 178.932 163.684 158.308 153.158 148.456 118.313 114.363 22.5606 6.18875 16.3718 9.19473 6.60241 5.03768
internal_count=3840 2877 2067 1735 1545 1404 1173 1115 427 111 316 150 99 86
is_linear=0
shrinkage=0.05


Tree=214
num_leaves=15
num_cat=0
split_feature=16 16 11 0 16 2 15 19 13 7 4 16 6 12
split_gain=46.856 4.50771 1.85397 2.16222 1.81675 2.22792 2.69626 3.11092 1.8897 1.69335 1.65629 1.48306 2.45372 2.04517
threshold=1.0000000180025095e-35 7.5000000000000009 -0.015088001167778973 11.500000000000002 2.5000000000000004 2.0484603032242981 0.95742753623188415 1.0000000180025095e-35 18.500000000000004 0.2490458015267176 -0.043670057019571586 1.5000000000000002 2.5000000000000004 4.1343619676512793
decision_type=2 2 2 2 2 2 2 2 2 2 2 2 2 2
left_child=-1 2 9 4 8 6 7 -6 -4 -2 -7 -5 13 -13
right_child=1 -3 3 11 5 10 -8 -9 -10 -11 -12 12 -14 -15
leaf_value=-0.03864712235564547 -0.0023395014329038954 0.038221417784364081 -0.021178991858462309 0.054513928074367071 -0.043143850324003689 0.040288650084629944 0.021942366034105126 0.0098338169285814257 0.016370490051095168 0.034893167305391118 0.0024985345499819039 0.044047189049404245 -0.007136151010144292 -0.009315689279669432
leaf_weight=54.299236483406276 3.8624868951737907 22.403721161186695 11.441186131909491 3.1514426246285465 5.4686878658831173 8.0762922614812833 7.8891675174236289 5.6174709722399712 4.7382547482848159 14.58544536679983 4.5234523415565482 8.0689586549997347 6.4292324259877196 2.3094187527894965
leaf_count=3018 26 259 72 18 25 53 56 32 21 108 30 65 43 14
internal_value=-0.000725418 0.0182412 0.013046 0.00921774 0.00344151 0.0104226 -0.000400102 -0.0162995 -0.0101824 0.0270977 0.0267216 0.0230381 0.0171364 0.0321728
internal_weight=162.864 108.565 86.1615 67.7136 47.7545 31.5751 18.9753 11.0862 16.1794 18.4479 12.5997 19.9591 16.8076 10.3784
internal_count=3840 822 563 429 289 196 113 57 93 134 83 140 122 79
is_linear=0
shrinkage=0.05


Tree=215
num_leaves=15
num_cat=0
split_feature=6 6 11 12 4 5 11 15 3 18 12 3 5 5
split_gain=29.9331 5.39513 3.20377 3.3253 3.02251 2.35389 2.57543 2.42982 2.58871 3.50097 2.33827 2.88053 2.88538 4.74081
threshold=2.5000000000000004 1.0000000180025095e-35 0.19000905873514459 16.536497957816312 -0.20039889829805868 0.55840840345674903 -0.03118581763115685 1.5303308823529413 0.9432054661487238 2.5545634920634925 3.1114184944040972 1.1550480769230773 0.78575833879722323 0.8228925857103776
decision_type=2 2 2 2 2 2 2 2 2 2 2 2 2 2
left_child=1 -1 3 4 -2 -6 -7 10 -9 -10 11 12 -8 -14
right_child=2 -3 -4 -5 5 6 7 8 9 -11 -12 -13 13 -15
leaf_value=0.0081771589042260867 -0.016786021921953134 -0.040823213630667765 -0.041366093891432969 -0.04112776228511094 -0.023164885630554577 0.039692044360453732 0.05676433205829317 0.039022904377039064 -0.02766990835115616 0.036225653672136392 0.010265851161315294 0.049755987185147808 -0.036993636680998414 0.020904623704668061
leaf_weight=6.5402239412069312 7.540119068697094 39.816449753008783 2.7595586236566296 2.7836114261299363 3.7847484797239295 11.273455943912266 4.6074550729244939 2.864366276189684 9.7810893077403289 2.7455871663987628 55.745706263929605 9.588890962302683 3.9482725486159316 33.825646314769983
leaf_count=48 64 2029 64 115 20 153 50 34 73 26 579 149 30 406
internal_value=0.00124086 -0.03391 0.0120144 0.0130064 0.0140406 0.0157229 0.0168182 0.0147235 -0.00385973 -0.0136653 0.0173788 0.0250084 0.0194092 0.0148529
internal_weight=197.605 46.3567 151.249 148.489 145.705 138.165 134.38 123.107 15.391 12.5267 107.716 51.9703 42.3814 37.7739
internal_count=3840 2077 1763 1699 1584 1520 1500 1347 133 99 1214 635 486 436
is_linear=0
shrinkage=0.05


Tree=216
num_leaves=15
num_cat=0
split_feature=10 11 18 8 13 13 11 8 10 4 1 11 1 7
split_gain=49.1777 4.93084 2.04513 1.73658 1.71041 2.60435 1.92995 2.41977 1.74935 2.11031 2.30703 3.18389 1.60973 1.37736
threshold=1.5000000000000002 0.16761940334401168 1.9968750000000002 1.0000000180025095e-35 28.500000000000004 20.500000000000004 0.05898955546105223 1.0000000180025095e-35 2.5000000000000004 -0.10914862914862974 9.5000000000000018 0.11400737744892402 7.5000000000000009 0.99662162162162182
decision_type=2 2 2 2 2 2 2 2 2 2 2 2 2 2
left_child=-1 2 4 -4 5 6 7 12 -8 -10 -11 -12 -2 -9
right_child=1 -3 3 -5 -6 -7 8 13 9 10 11 -13 -14 -15
leaf_value=-0.040884219829737813 0.003459130435174491 0.041218633270180702 0.0086669048135406788 -0.056256398373238571 0.049993505650556554 -0.019089072672694815 0.046573278043173606 5.5108620279485884e-05 0.045795520643916954 0.048719211556367222 -0.025135893475155109 0.023465504332756706 -0.039487179641719418 0.027250869500359761
leaf_weight=50.346740444656461 5.6871317476034182 21.678939070552588 2.3411289202049366 1.8391183298081157 3.5358095113188019 5.3639119006693354 7.8083179704844978 7.1326468549668816 5.5481268912553814 3.1562405452132252 6.2038056608289462 7.3765762411057949 3.5401354599744081 13.406482527032493
leaf_count=3034 34 289 29 26 26 33 67 52 42 19 36 48 37 68
internal_value=-0.000961119 0.0202821 0.0140594 -0.0198964 0.0161237 0.0142876 0.0172784 0.00825138 0.0262075 0.0190716 0.0102127 0.00126336 -0.0130177 0.0178066
internal_weight=144.965 94.6184 72.9394 4.18025 68.7592 65.2234 59.8595 29.7664 30.0931 22.2847 16.7366 13.5804 9.22727 20.5391
internal_count=3840 806 517 55 462 436 403 191 212 145 103 84 71 120
is_linear=0
shrinkage=0.05


Tree=217
num_leaves=15
num_cat=0
split_feature=13 12 12 2 3 6 3 11 2 11 11 2 6 3
split_gain=37.4361 9.30163 3.95626 2.47928 1.85603 3.10065 2.78886 1.5769 1.69521 1.62736 1.37882 1.34534 1.49189 1.1481
threshold=3.5000000000000004 20.244350546088853 4.9210919501868258 0.85039384551116426 1.0782781862745101 1.5000000000000002 1.1133658008658012 -0.016569704534639292 1.4363360903983822 -0.00094173594315338771 0.066732811526830318 1.4591203284524787 2.5000000000000004 1.9023064687168614
decision_type=2 2 2 2 2 2 2 2 2 2 2 2 2 2
left_child=1 2 4 -2 11 -6 -7 8 -4 -9 -3 12 -1 -11
right_child=3 10 7 -5 5 6 -8 9 -10 13 -12 -13 -14 -15
leaf_value=-0.028161694593118815 0.03390720158846177 0.043020908404424962 0.022722544444909128 -0.039732591450722284 0.040102908540624829 0.084826705215617873 -0.033205802221282742 0.043956610621922909 -0.024641803004555048 0.007641094051044549 -0.015420220704252223 -0.041820164674917303 0.029005627269916508 0.02920778564929595
leaf_weight=3.0155582837760466 1.1717388257384289 26.88951683789492 3.1730833724141112 46.575008301530033 3.6271614581346494 0.56196171883493651 4.5722571397200227 5.6284440644085398 4.6686144061386585 19.328057220205668 1.0486356802284706 6.0884940046817064 1.8361407462507484 9.0652302205562574
leaf_count=34 10 543 32 2486 38 14 148 54 33 126 12 211 23 76
internal_value=-0.00217289 0.0168998 0.00604149 -0.0379254 -0.0124347 0.00471428 -0.0202867 0.0147367 -0.00547618 0.0193955 0.0408274 -0.0261683 -0.00652654 0.0145268
internal_weight=137.25 89.5032 61.565 47.7467 19.7016 8.76138 5.13422 41.8634 7.8417 34.0217 27.9382 10.9402 4.8517 28.3933
internal_count=3840 1344 789 2496 468 200 162 321 65 256 555 268 57 202
is_linear=0
shrinkage=0.05


Tree=218
num_leaves=15
num_cat=0
split_feature=0 0 12 11 16 5 13 7 1 15 0 11 6 3
split_gain=13.1491 13.8033 5.68229 5.48993 5.43045 4.68989 3.78145 3.29356 3.36703 5.73205 3.43728 3.3503 3.51846 4.19169
threshold=6.5000000000000009 12.500000000000002 9.1781814677969695 0.11400737744892402 6.5000000000000009 0.66659847376831338 30.500000000000004 0.29217479674796759 33.500000000000007 0.7421798631476052 9.5000000000000018 -0.012715118215907399 5.5000000000000009 0.75930149131348357
decision_type=2 2 2 2 2 2 2 2 2 2 2 2 2 2
left_child=-1 2 3 4 5 -2 7 8 10 -10 11 -7 13 -13
right_child=1 -3 -4 -5 -6 6 -8 -9 9 -11 -12 12 -14 -15
leaf_value=-0.040892181014354718 0.033282765676624908 -0.04135577094190318 -0.033576484503521305 -0.040721934807763677 -0.041203191815607415 -0.04634604807091966 -0.037925289032878833 0.01673416548923538 0.076738518970176278 -0.019220937001393226 -0.044282475575366062 0.048986385025737475 0.085930364475857224 -0.043899614786718964
leaf_weight=16.631324580404907 28.917379789054394 14.33686925889924 7.1907160254195324 4.7994275176897636 4.3836800176650277 2.485308276489377 3.8562131049111477 88.67825984582305 2.9519849978387347 3.2913924744352698 6.7253061700612298 2.3375614229589718 1.6132240854203699 2.5282611660659313
leaf_count=963 230 810 379 190 141 51 58 650 33 78 162 20 12 63
internal_value=0.00158377 0.00564149 0.00985906 0.0119062 0.0136156 0.0152915 0.0107465 0.0124433 -0.00490521 0.0261505 -0.0172632 0.00300743 0.021939 0.000723206
internal_weight=190.727 174.096 159.759 152.568 147.769 143.385 114.468 110.611 21.933 6.24338 15.6897 8.96435 6.47905 4.86582
internal_count=3840 2877 2067 1688 1498 1357 1127 1069 419 111 308 146 95 83
is_linear=0
shrinkage=0.05


Tree=219
num_leaves=15
num_cat=0
split_feature=16 16 5 11 4 0 13 18 11 1 9 2 0 7
split_gain=43.5364 4.28299 1.71572 2.09394 2.14164 1.83153 2.09689 1.82246 2.14037 1.62493 2.22876 2.47492 3.24059 1.78734
threshold=1.0000000180025095e-35 7.5000000000000009 0.63943244029381485 -0.020405747626242251 0.11759581881533189 10.500000000000002 11.500000000000002 1.0680760590500644 0.03272241042815089 5.5000000000000009 1.0000000180025095e-35 1.7753557393966439 7.5000000000000009 0.86472712680577868
decision_type=2 2 2 2 2 2 2 2 2 2 2 2 2 2
left_child=-1 2 -2 -4 5 9 7 8 -7 -5 11 12 -11 -13
right_child=1 -3 3 4 -6 6 -8 -9 -10 10 -12 13 -14 -15
leaf_value=-0.038480109104212429 -0.016666252115220319 0.037788082642288945 0.035119323630748274 -0.026783071172007684 -0.020555842659866069 0.032589149866445975 0.04548863311316946 -0.01892599786867287 -0.015652338060903822 0.020049221210013547 -0.015010539740398086 0.014589289045796226 -0.037435653879594466 0.046224379411072276
leaf_weight=51.320379679556936 4.7215602025389662 21.130511604249477 10.536320976912974 3.2813551202416411 4.9330160748213521 10.852291472256189 7.9135289154946795 3.3151742629706851 2.9173474982380858 5.9077965840697306 7.1568494923412791 11.487164067104461 4.1907230205833912 7.3037243112921706
leaf_count=3018 16 259 90 13 43 73 51 27 15 40 41 82 21 51
internal_value=-0.000698931 0.0176541 0.0126202 0.0143531 0.011194 0.0136288 0.0242111 0.0143555 0.0223683 0.0069023 0.00996874 0.0161569 -0.00380608 0.0268854
internal_weight=156.968 105.647 84.5169 79.7953 69.259 64.326 24.9983 17.0848 13.7696 39.3276 36.0463 28.8894 10.0985 18.7909
internal_count=3840 822 563 547 457 414 166 115 88 248 235 194 61 133
is_linear=0
shrinkage=0.05


Tree=220
num_leaves=15
num_cat=0
split_feature=6 6 19 2 2 1 13 6 5 6 0 3 16 6
split_gain=27.9058 5.09621 2.99148 2.75839 3.39053 3.56939 2.67334 3.13142 2.77753 2.75463 2.7197 2.31176 2.25357 1.88817
threshold=2.5000000000000004 1.0000000180025095e-35 1.0000000180025095e-35 2.1862324689850494 2.6258748653658515 24.500000000000004 9.5000000000000018 6.5000000000000009 0.55840840345674903 6.5000000000000009 12.500000000000002 0.89585714285714302 4.5000000000000009 5.5000000000000009
decision_type=2 2 2 2 2 2 2 2 2 2 2 2 2 2
left_child=1 -1 3 6 -5 -6 7 10 -8 12 13 -7 -10 -2
right_child=2 -3 -4 4 5 11 8 -9 9 -11 -12 -13 -14 -15
leaf_value=0.0074016304541116573 -0.0021179338058677408 -0.04079334084266753 0.00088424480445153377 0.041619335259207489 0.033746526257848908 -0.081384942506000396 -0.039706441254582517 0.058592344092347252 0.034620817109124173 -0.030657372964878322 0.025458727471261235 -0.002845589591350652 -0.026236957310264153 -0.042521688361431692
leaf_weight=6.425664819777011 30.692755987867713 37.472017897758633 44.895894835703075 19.116492394357923 4.8261600099503976 1.413302347064018 1.671872660517695 2.450773872435092 24.692731909453876 1.954128574579953 8.6698136497288925 2.7797114998102188 1.6210368126630772 3.192354228347539
leaf_count=48 291 2029 512 289 65 11 7 25 344 16 115 38 21 29
internal_value=0.00127077 -0.0337386 0.0116564 0.0163481 0.0296972 0.00442775 0.0113366 0.00363442 0.0229146 0.0266183 0.000469344 -0.0293182 0.0308717 -0.00592442
internal_weight=191.875 43.8977 147.977 103.081 28.1357 9.01917 74.9455 45.0057 29.9398 28.2679 42.5549 4.19301 26.3138 33.8851
internal_count=3840 2077 1763 1251 403 114 848 460 388 381 435 49 365 320
is_linear=0
shrinkage=0.05


Tree=221
num_leaves=15
num_cat=0
split_feature=10 11 4 18 8 2 6 2 12 1 19 4 5 0
split_gain=45.8291 4.72428 2.00467 2.04114 1.63425 1.61202 2.10542 1.99902 2.37538 2.83548 2.32011 1.47708 1.10033 0.869844
threshold=1.5000000000000002 0.16761940334401168 -0.51868131868131828 1.9968750000000002 1.0000000180025095e-35 2.0285468124787949 4.5000000000000009 2.3211184432307324 3.4452676938324687 22.500000000000004 1.0000000180025095e-35 -0.024126357273679285 0.76776724365391424 10.500000000000002
decision_type=2 2 2 2 2 2 2 2 2 2 2 2 2 2
left_child=-1 2 -2 5 -5 6 12 10 9 -9 -7 13 -4 -12
right_child=1 -3 3 4 -6 7 -8 8 -10 -11 11 -13 -14 -15
leaf_value=-0.040850353723737 -0.035556276425601545 0.040971106202436457 -0.0001717493414222723 0.0086282408022851816 -0.054874673842870807 -0.034572556815522397 -0.014530444772643812 0.030567213224043939 0.052366237709860645 -0.02279051368657509 0.041217729765003999 -0.02072490916445241 0.030901270772073015 0.0054403100863751573
leaf_weight=47.515264552086592 2.014534391462802 20.256449304521084 3.1481987796723834 2.3205231716856352 1.7982756234705446 4.5070991562679437 3.1986328996717921 5.9571184050291759 4.351678527891635 4.2777935341000557 3.0800464637577525 2.96851629205048 29.97946566902101 3.7885673306882381
leaf_count=3034 10 289 22 29 26 31 27 41 25 42 21 19 199 25
internal_value=-0.00100091 0.0196594 0.0136124 0.0150402 -0.0190973 0.0171948 0.024208 0.00838897 0.0214224 0.00826577 -0.00486472 0.00874658 0.0279483 0.0214837
internal_weight=139.162 91.6469 71.3905 69.3759 4.1188 65.2571 36.3263 28.9308 14.5866 10.2349 14.3442 9.83713 33.1277 6.86861
internal_count=3840 806 517 507 55 452 248 204 108 83 96 65 221 46
is_linear=0
shrinkage=0.05


Tree=222
num_leaves=15
num_cat=0
split_feature=13 12 12 2 2 2 11 11 2 11 3 4 15 2
split_gain=34.6677 8.80213 3.54615 2.42104 2.11454 2.08328 1.5818 2.01481 1.62925 1.49412 1.20038 1.86082 2.73043 2.4742
threshold=3.5000000000000004 20.244350546088853 4.8045639978882413 0.85039384551116426 1.2357535450708086 1.0381751745550816 -0.016569704534639292 -0.00094173594315338771 1.4363360903983822 0.072438221252411714 1.9023064687168614 0.16666666666666627 0.89009661835748799 1.8961575206810892
decision_type=2 2 2 2 2 2 2 2 2 2 2 2 2 2
left_child=1 2 4 -2 5 -1 8 -8 -4 -3 11 12 -9 -13
right_child=3 9 6 -5 -6 -7 7 10 -10 -11 -12 13 -14 -15
leaf_value=-0.015941729618068844 0.032792407812436773 0.042895953672723537 0.021990102434270471 -0.039628306229942643 -0.022822213092737503 0.049965046495101161 0.045364763330246166 0.042499989848068319 -0.024580808862546356 -0.020928248228884269 0.028268311325691988 0.017059820813541886 -0.0038987304354121677 -0.0436232162549995
leaf_weight=2.4858844988048103 1.1851151064038266 25.16352536901832 3.0826966762542716 43.997428567614406 13.400520547758786 2.3162081241607666 5.7806297279894343 5.8313552085310274 4.8057065345346928 0.95164430886506934 8.8360025994479638 3.1608121506869784 6.9493734203279018 3.5847483016550541
leaf_count=26 10 545 32 2486 410 23 57 41 36 10 76 31 35 22
internal_value=-0.00224245 0.0163259 0.0058145 -0.0377287 -0.0126207 0.0158473 0.0137983 0.0184606 -0.00638144 0.0405702 0.0129772 0.00605765 0.0172712 -0.0151886
internal_weight=131.532 86.3491 60.2339 45.1825 18.2026 4.80209 42.0313 34.1429 7.8884 26.1152 28.3623 19.5263 12.7807 6.74556
internal_count=3840 1344 789 2496 459 49 330 262 68 555 205 129 76 53
is_linear=0
shrinkage=0.05


Tree=223
num_leaves=15
num_cat=0
split_feature=0 0 5 18 18 7 16 6 15 11 1 12 13 3
split_gain=12.2903 12.8578 5.31903 3.33993 4.40779 3.63511 3.27289 3.53453 3.39995 3.16255 3.1527 3.0965 3.06686 4.5501
threshold=6.5000000000000009 12.500000000000002 0.94858435586584655 1.9301948051948055 1.7803308823529413 0.29217479674796759 1.0000000180025095e-35 2.5000000000000004 0.65108695652173931 0.098268573595365574 35.500000000000007 5.1788091782760448 4.5000000000000009 1.1433035714285718
decision_type=2 2 2 2 2 2 2 2 2 2 2 2 2 2
left_child=-1 2 6 4 5 -4 7 9 10 -2 -8 -7 -9 -14
right_child=1 -3 3 -5 -6 11 8 12 -10 -11 -12 -13 13 -15
leaf_value=-0.040856051457859685 0.038149309983861714 -0.041321820341033481 -0.042282163732276112 -0.03397980442349878 0.057805127996847332 0.0085619962580455143 -2.3825877141429286e-05 0.048170414491148512 -0.02277471909318983 -0.017798734756860331 0.065593037465837736 -0.026187668197545533 0.015384709429663324 -0.029846571320363054
leaf_weight=15.645630127284674 31.310863353312016 13.516631240490822 4.8651934517547479 7.0880323480814686 3.3789668912068 40.546259084716439 5.7148422747850436 5.071550987660884 9.3936109542846662 2.7474931180477133 2.6933228205889463 7.6147428443655363 28.653665052726865 6.8987783789634696
leaf_count=963 338 810 173 325 33 383 62 31 105 83 18 163 273 80
internal_value=0.00154561 0.00545962 0.00951359 -0.00163001 0.00243515 -0.00109316 0.017164 0.0217563 -0.00210146 0.033636 0.0209947 0.00306772 0.0117965 0.0066078
internal_weight=185.14 169.494 155.977 63.4932 56.4052 53.0262 92.4841 74.6824 17.8018 34.0584 8.40817 48.161 40.624 35.5524
internal_count=3840 2877 2067 1077 752 719 990 805 185 421 80 546 384 353
is_linear=0
shrinkage=0.05


Tree=224
num_leaves=15
num_cat=0
split_feature=16 16 6 1 5 16 11 0 15 2 17 4 3 4
split_gain=40.5744 4.03796 1.6608 2.66788 2.03726 2.0064 2.5012 2.45079 2.24474 2.36265 2.76766 1.96548 1.81224 1.52812
threshold=1.0000000180025095e-35 7.5000000000000009 2.5000000000000004 19.500000000000004 0.87671079182457623 4.5000000000000009 -0.015088001167778973 11.500000000000002 0.65108695652173931 1.6454807758205776 0.11437908496732027 -0.10572918499747741 0.93096950268584322 -0.040036396724294911
decision_type=2 2 2 2 2 2 2 2 2 2 2 2 2 2
left_child=-1 2 5 11 -5 6 -2 8 -8 -10 -11 -4 -13 -6
right_child=1 -3 3 4 13 -7 7 -9 9 10 -12 12 -14 -15
leaf_value=-0.038308210381601232 0.037333297679693157 0.037354493468472576 0.017958169613141263 -0.0086064903975258244 0.042962158069941289 0.03013641366364575 -0.029825764614596718 0.029181455380949812 -0.031430698121037361 -0.022115437454583765 0.030085840503868228 -0.060749315370727822 -0.010866184751322736 0.003760924122537659
leaf_weight=48.536798464599997 6.9153414741158477 19.951991859823465 2.8011442832648754 6.0310460012406137 6.4524123966693905 19.527344603091478 6.2102781347930494 7.2435570508241645 3.3975962027907398 3.5201712213456622 9.1112879160791618 3.0610832925885934 4.4934862218797207 4.0440673269331411
leaf_count=3018 42 259 15 39 28 176 26 49 19 16 58 30 33 32
internal_value=-0.0006328 0.0171623 0.0122972 0.00208422 0.0145523 0.0172066 0.0102699 0.00392204 -0.00430519 0.00558248 0.0155382 -0.0178145 -0.0310786 0.0278588
internal_weight=151.298 102.761 82.8088 26.8832 16.5275 55.9256 36.3982 29.4829 22.2393 16.0291 12.6315 10.3557 7.55457 10.4965
internal_count=3840 822 563 177 99 386 210 168 119 93 74 78 63 60
is_linear=0
shrinkage=0.05


Tree=225
num_leaves=15
num_cat=0
split_feature=6 6 11 12 4 8 15 4 14 2 15 5 5 7
split_gain=25.7914 4.87162 2.77469 2.87278 2.82414 3.54208 3.18008 2.64192 2.37712 2.36027 2.50902 3.00147 2.52761 2.40382
threshold=2.5000000000000004 1.0000000180025095e-35 0.19000905873514459 16.536497957816312 0.0074441635061103604 1.5000000000000002 1.5303308823529413 -0.1941937901046947 1.5000000000000002 1.4823142642513287 0.57555002075550032 0.73332965540434614 0.88593641322611116 0.60078125000000016
decision_type=2 2 2 2 2 2 2 2 2 2 2 2 2 2
left_child=1 -1 3 4 5 7 -6 -2 -7 -9 -11 -12 13 -13
right_child=2 -3 -4 -5 6 8 -8 9 -10 10 11 12 -14 -15
leaf_value=0.0069201896700724734 -0.020145312908784567 -0.040767928927363924 -0.04122991535652476 -0.041015997356957885 0.026506091852131132 0.019481169304775021 -0.0027984114683666426 -0.0089793154419094221 -0.012553699400526544 0.045174325668631859 0.059579009549978461 0.0082454242688716189 0.022656966301215664 -0.04870897992616316
leaf_weight=6.3153119236230841 4.560916129499673 35.233888941351324 2.4839082919061175 2.5033467309549442 49.925206050276756 7.4269880056381217 11.365363504737614 5.9893312864005557 26.2876847833395 10.67077382840216 3.3897331357002285 4.854744944721463 12.597197627648709 2.9958828054368496
leaf_count=48 29 2029 64 115 654 88 95 46 255 155 36 53 162 11
internal_value=0.00121252 -0.0335195 0.0111613 0.0120741 0.013023 0.00676038 0.021072 0.0159317 -0.00549675 0.0199947 0.0250235 0.0160031 0.00877929 -0.013489
internal_weight=186.6 41.5492 145.051 142.567 140.064 78.7733 61.2906 45.0586 33.7147 40.4977 34.5083 23.8376 20.4478 7.85063
internal_count=3840 2077 1763 1699 1584 835 749 492 343 463 417 262 226 64
is_linear=0
shrinkage=0.05


Tree=226
num_leaves=15
num_cat=0
split_feature=10 11 18 13 13 16 8 12 11 8 10 19 4 18
split_gain=42.8921 4.57141 1.70281 1.63645 2.4061 1.90008 1.54323 1.36946 1.55803 2.39064 2.18236 1.71036 1.45469 1.28772
threshold=1.5000000000000002 0.16761940334401168 1.9968750000000002 28.500000000000004 22.500000000000004 2.5000000000000004 1.0000000180025095e-35 1.906708571395874 0.05898955546105223 1.0000000180025095e-35 2.5000000000000004 1.5000000000000002 -0.019827394827394772 1.3217647058823532
decision_type=2 2 2 2 2 2 2 2 2 2 2 2 2 2
left_child=-1 2 3 4 5 7 -4 -2 9 -9 -10 -11 -12 -14
right_child=1 -3 6 -5 -6 -7 -8 8 10 11 12 -13 13 -15
leaf_value=-0.040822631981985075 0.03728541515286652 0.040793151546709143 0.0086343376664044721 0.049112012727108939 -0.027495218454886672 -0.011576388030164584 -0.053691982839386532 -0.018573090539676661 0.046548644731660843 0.0072627649623156366 0.025699820848344997 0.049487864142354961 0.018429639760709084 -0.024210792989983632
leaf_weight=44.838662548456341 8.2947716005146486 19.120639871805906 2.3011921662837258 3.3644349221140137 3.4145851153880349 5.7756079062819472 1.7473047068342564 7.0789264859631666 7.2857671380043056 9.8749523786827904 10.69542486220598 3.1674448940902957 3.4415394440293339 3.646767545491457
leaf_count=3034 56 289 29 26 20 34 26 55 66 66 80 15 21 23
internal_value=-0.00092866 0.019123 0.0132112 0.0151408 0.0133172 0.0156688 -0.0182653 0.0186109 0.0151832 0.00482036 0.0235006 0.0175174 0.0140581 -0.00350786
internal_weight=134.048 89.2094 70.0887 66.0402 62.6758 59.2612 4.0485 53.4856 45.1908 20.1213 25.0695 13.0424 17.7837 7.08831
internal_count=3840 806 517 462 436 416 55 382 326 136 190 81 124 44
is_linear=0
shrinkage=0.05


Tree=227
num_leaves=15
num_cat=0
split_feature=13 12 12 2 2 0 4 12 11 1 4 15 11 19
split_gain=32.2073 8.37064 3.22204 2.99308 2.3665 1.916 2.85917 2.75105 2.07126 1.77944 2.56935 1.6895 1.47276 1.38076
threshold=3.5000000000000004 20.244350546088853 4.0107230299955727 1.2357535450708086 0.85039384551116426 10.500000000000002 0.23714251381879406 7.6288113517412599 -0.01779881014132317 8.5000000000000018 0.0074441635061103604 1.6510869565217392 0.072438221252411714 1.5000000000000002
decision_type=2 2 2 2 2 2 2 2 2 2 2 2 2 2
left_child=1 2 3 -1 -2 9 7 -7 -8 -4 -11 -10 -3 -5
right_child=4 12 5 13 -6 6 8 -9 11 10 -12 -13 -14 -15
leaf_value=0.025645971729927289 0.031756364651194337 0.042842005685583467 0.05617379711284004 -0.034549796511553668 -0.039524055424681008 -0.012695601123296658 -0.059889287155331039 0.04078777789804798 -0.027158476103905017 -0.02602869919147658 0.022556156832151435 0.024814264561192113 -0.020592965460801322 0.027194445975267746
leaf_weight=3.3499002419412127 1.1979782506823529 23.573479630053047 3.1269862018525627 9.4749003350734675 41.556617912370712 4.1359995016828197 2.4430129565298557 5.7428491339087486 3.813200004398821 3.1450912095606354 20.190675625577569 2.6506224758923054 0.9519377276301374 1.0011233761906631
leaf_count=40 10 545 26 361 2486 41 17 47 32 23 162 27 10 13
internal_value=-0.00222772 0.0158249 0.00563067 -0.015494 -0.0375268 0.0120854 -0.000126091 0.0183958 -0.0206693 0.0207543 0.0160081 -0.00584599 0.0403798 -0.0286493
internal_weight=126.354 83.5998 59.0744 13.8259 42.7546 45.2484 18.7857 9.87885 8.90684 26.4628 23.3358 6.46382 24.5254 10.476
internal_count=3840 1344 789 414 2496 375 164 88 76 211 185 59 555 374
is_linear=0
shrinkage=0.05


Tree=228
num_leaves=15
num_cat=0
split_feature=0 0 12 11 16 5 13 1 4 0 1 13 2 5
split_gain=11.526 11.989 4.89334 4.70202 4.65078 3.94804 3.47519 2.88429 2.82435 3.69561 3.07952 3.05801 3.52002 5.58314
threshold=6.5000000000000009 12.500000000000002 14.229223217848045 0.11400737744892402 6.5000000000000009 0.66659847376831338 30.500000000000004 15.500000000000002 0.0027848101265817876 10.500000000000002 4.5000000000000009 12.500000000000002 1.6532660775605388 0.73332965540434614
decision_type=2 2 2 2 2 2 2 2 2 2 2 2 2 2
left_child=-1 2 3 4 5 7 8 -2 9 -7 -11 12 13 -10
right_child=1 -3 -4 -5 -6 6 -8 -9 11 10 -12 -13 -14 -15
leaf_value=-0.040825256049951845 -0.00546901475974923 -0.041290256679535627 -0.042525149595975441 -0.040659009047551715 -0.041106455822240484 0.024947392901160277 -0.038332329481917324 0.038223010958273136 0.070513319459401799 -0.038874093636498942 0.0093524346548764237 -0.026718418633653221 0.020050109422821705 -0.029421224304795129
leaf_weight=14.758235143497584 4.5349408201873329 12.74505041586235 4.4405097039416423 4.3188473358750334 3.9652125295251599 48.429934518411756 3.6471530795097342 22.607413530349731 1.6366440653800989 4.1395898573100594 16.521053295582533 8.1138930069282633 20.415362363681197 9.5695168711245042
leaf_count=963 44 810 332 190 141 419 58 187 6 33 170 133 234 120
internal_value=0.00150977 0.00529442 0.00919178 0.0107445 0.0122907 0.0138072 0.00967684 0.030923 0.0112858 0.0173944 -0.000310287 0.000664348 0.0076906 -0.0148259
internal_weight=179.843 165.085 152.34 147.9 143.581 139.616 112.473 27.1424 108.826 69.0906 20.6606 39.7354 31.6215 11.2062
internal_count=3840 2877 2067 1735 1545 1404 1173 231 1115 622 203 493 360 126
is_linear=0
shrinkage=0.05


Tree=229
num_leaves=15
num_cat=0
split_feature=16 16 5 11 13 18 12 18 9 17 19 2 15 15
split_gain=37.659 3.88859 1.59922 1.90654 1.96558 1.61199 2.69372 3.47862 1.77717 1.48562 1.53288 3.179 1.92126 1.45308
threshold=1.0000000180025095e-35 7.5000000000000009 0.63943244029381485 -0.020405747626242251 16.500000000000004 0.55618686868686884 2.3256164358571501 0.65707236842105277 1.0000000180025095e-35 0.11882352941176472 1.0000000180025095e-35 2.0331595646116862 0.11793682990437555 1.1342342342342344
decision_type=2 2 2 2 2 2 2 2 2 2 2 2 2 2
left_child=-1 2 -2 -4 5 8 -7 -8 -5 -9 11 -11 -12 -14
right_child=1 -3 3 4 -6 6 7 9 -10 10 12 -13 13 -15
leaf_value=-0.038133222375298682 -0.016613906241560426 0.03696662120274926 0.033990507446019551 0.0326125254973888 0.026114044870399401 0.02329191783633457 -0.050926638667010797 -0.03152444556508114 -0.015099395552980273 -0.031224932791437766 -0.015252998502998372 0.025596841226968588 0.047611006836177479 0.0064130589349627454
leaf_weight=45.89548178948462 4.6660897359251967 18.935014829039574 9.9167852923274022 8.9960473254322988 15.460763260722159 10.094615161418913 3.8532073646783855 3.2599044665694263 2.4924468994140616 6.4229797739535588 3.3746838085353366 3.9909922443330288 4.7946369424462301 3.8661618120968342
leaf_count=3018 16 259 90 79 105 70 18 27 13 49 19 27 26 24
internal_value=-0.000628748 0.0165627 0.0118041 0.013537 0.0104917 0.00576924 0.000991559 -0.00662326 0.0222613 1.67399e-05 0.00459686 -0.00944887 0.0167503 0.0292203
internal_weight=146.02 100.124 81.1893 76.5232 66.6064 51.1457 39.6572 29.5626 11.4885 25.7094 22.4495 10.414 12.0355 8.6608
internal_count=3840 822 563 547 457 352 260 190 92 172 145 76 69 50
is_linear=0
shrinkage=0.05


Tree=230
num_leaves=15
num_cat=0
split_feature=6 6 7 4 11 3 15 15 1 2 12 2 18 18
split_gain=24.0952 4.68793 2.58818 2.65087 2.83097 2.30675 2.08427 4.18087 2.74794 1.71078 2.08687 2.70997 4.00265 4.91175
threshold=2.5000000000000004 1.0000000180025095e-35 1.3620507399577171 -0.13987263194429531 -0.044328002070712073 0.54139703083365076 1.5303308823529413 1.5612500000000002 26.500000000000004 3.0887406876244259 2.9912095670976568 2.0160511266724401 1.3352059925093636 1.1645833333333335
decision_type=2 2 2 2 2 2 2 2 2 2 2 2 2 2
left_child=1 -1 3 -2 -5 -6 9 -8 -9 10 11 12 13 -7
right_child=2 -3 -4 4 5 6 7 8 -10 -11 -12 -13 -14 -15
leaf_value=0.006541463919964104 -0.0064650796492048638 -0.040745692413586637 -0.024419010214640439 0.053324772201867432 -0.01676362944460923 0.011765756801312775 -0.07213040447738317 -0.0083367508051898423 0.043450482754093606 -0.031095075941233098 0.011857705289353685 0.039936658856483002 0.041556143943429089 -0.067346269033169745
leaf_weight=6.2230432406067839 16.739996840246022 33.22138312831521 5.0078236330300561 4.5802189065143457 6.0680942218750706 10.40951436571777 1.8991001285612572 8.2595003405585867 3.7130996268242589 1.7754459250718344 52.744499320164323 20.227709118276834 8.2150112576782686 2.4176366478204718
leaf_count=48 178 2029 120 66 60 104 8 74 52 16 612 327 125 21
internal_value=0.00128742 -0.0332853 0.0108871 0.0121771 0.014771 0.0132452 0.0149057 -0.00320828 0.00772418 0.0175289 0.0184471 0.0268687 0.0143066 -0.00314513
internal_weight=181.502 39.4444 142.058 137.05 120.31 115.73 109.662 13.8717 11.9726 95.7898 94.0144 41.2699 21.0422 12.8272
internal_count=3840 2077 1763 1643 1465 1399 1339 134 126 1205 1189 577 250 125
is_linear=0
shrinkage=0.05


Tree=231
num_leaves=15
num_cat=0
split_feature=10 11 10 18 11 10 3 2 17 15 12 2 14 14
split_gain=40.0687 4.35406 1.61512 2.86804 2.76858 2.60614 2.44097 1.90812 1.57059 2.45312 2.28514 2.09571 1.33373 2.08603
threshold=1.5000000000000002 0.16761940334401168 2.5000000000000004 1.4947916666666667 0.047880829527813397 3.5000000000000004 0.96015873015873021 1.3745919176847217 0.085144927536231887 0.33712121212121215 1.9362899466125274 2.7093306115330473 6.5000000000000009 2.5000000000000004
decision_type=2 2 2 2 2 2 2 2 2 2 2 2 2 2
left_child=-1 2 4 7 -2 -5 -7 -4 10 -10 -9 12 13 -12
right_child=1 -3 3 5 -6 6 -8 8 9 -11 11 -13 -14 -15
leaf_value=-0.040795935574038419 -0.0022347720456910147 0.040547746968952456 0.038168869543973478 0.020556906077306869 0.038228765716766908 -0.10249639058943415 -0.020938817679344034 0.044250721592087761 -0.04903819468555401 0.011080132343737295 0.018647528174124958 0.04494981416006693 0.023950586012747088 -0.019165898583837014
leaf_weight=42.377757891081274 6.2581212408840683 17.852842479944229 6.336758808232843 2.3478988427668801 13.02732829377055 1.2904962208122013 3.1735502388328314 5.0222740024328258 2.8037496134638777 4.2981052808463573 5.6708971355110469 3.1852907314896575 4.9936517607420674 10.22096326947212
leaf_count=3034 38 289 40 22 99 11 51 38 16 29 49 18 42 64
internal_value=-0.000966154 0.0185512 0.0128291 0.00803379 0.0250984 -0.0220871 -0.044516 0.012858 0.00842674 -0.0126541 0.0135727 0.0071719 0.00141032 -0.00567245
internal_weight=128.86 86.4819 68.6291 49.3436 19.2854 6.81195 4.46405 42.5317 36.1949 7.10185 29.0931 24.0708 20.8855 15.8919
internal_count=3840 806 517 380 137 84 62 296 256 45 211 173 155 113
is_linear=0
shrinkage=0.05


Tree=232
num_leaves=15
num_cat=0
split_feature=13 12 12 2 2 0 19 18 1 4 11 15 19 18
split_gain=29.8276 7.90704 2.91998 2.81723 2.31892 1.79574 2.68834 1.91882 1.68219 2.37041 1.44038 1.37507 1.3338 1.11677
threshold=3.5000000000000004 20.244350546088853 4.0107230299955727 1.2357535450708086 0.85039384551116426 10.500000000000002 1.0000000180025095e-35 2.9898648648648654 8.5000000000000018 0.0074441635061103604 0.072438221252411714 0.098780487804878067 1.5000000000000002 1.572751322751323
decision_type=2 2 2 2 2 2 2 2 2 2 2 2 2 2
left_child=1 2 3 -1 -2 8 7 -7 -4 -10 -3 -8 -5 -11
right_child=4 10 5 12 -6 6 11 -9 9 13 -12 -13 -14 -15
leaf_value=0.024591487671536676 0.030900024430289847 0.042733745107679362 0.054975291512762814 -0.03421962268644365 -0.039418345647855124 -0.024343675806660383 0.051041409345899708 0.022576884973401032 -0.025403217435732279 0.0062380876270662182 -0.020036372293532469 0.0033806283579085605 0.026656406822747194 0.030823468979335356
leaf_weight=3.3713320270180693 1.2084863036870945 21.948759842664007 3.0466447994112995 9.0968630868010187 39.299966492690146 9.5765991723164934 2.9976901262998572 2.8207628931850186 3.0770447291433838 7.3156012203544405 0.95363568887114425 3.0563230887055397 0.99855456501245576 12.530912853777407
leaf_count=40 10 545 26 361 2486 77 31 33 23 51 10 23 13 111
internal_value=-0.00230522 0.0152515 0.00541267 -0.0149826 -0.0373205 0.0115957 -0.000330976 -0.0136679 0.0200693 0.0154302 0.0401201 0.0269802 -0.0281983 0.0217611
internal_weight=121.299 80.7907 57.8883 13.4667 40.5085 44.4216 18.4514 12.3974 25.9702 22.9236 22.9024 6.05401 10.0954 19.8465
internal_count=3840 1344 789 414 2496 375 164 110 211 185 555 54 374 162
is_linear=0
shrinkage=0.05


Tree=233
num_leaves=15
num_cat=0
split_feature=0 0 12 11 16 5 13 1 1 7 15 6 2 17
split_gain=10.7964 11.1951 4.47823 4.30662 4.2468 3.64316 3.21034 2.7573 2.56981 4.43211 2.87044 5.18358 2.71463 2.85751
threshold=6.5000000000000009 12.500000000000002 14.229223217848045 0.11400737744892402 6.5000000000000009 0.66659847376831338 30.500000000000004 15.500000000000002 27.500000000000004 0.62387724550898216 0.74744897959183687 2.5000000000000004 1.3647782031615872 0.072751322751322761
decision_type=2 2 2 2 2 2 2 2 2 2 2 2 2 2
left_child=-1 2 3 4 5 7 8 -2 9 -7 -10 -12 -11 -14
right_child=1 -3 -4 -5 -6 6 -8 -9 10 12 11 -13 13 -15
leaf_value=-0.04079664561699084 -0.0059158687050147553 -0.041267618596625442 -0.04244741254791834 -0.040619896695811161 -0.04104927949197533 -0.012638844663724037 -0.037436494561221688 0.037268791719925053 0.044972675607508589 -0.014976745605596177 0.035203059267865197 -0.017030885802493217 0.024504674821971443 -0.0046393022597509756
leaf_weight=13.905631860252468 4.4497101344168213 12.033136498648672 4.1334316721186033 4.0315624177455893 3.7024114299565545 22.543409243226051 3.5637245448306194 21.829909980297089 10.115009039640428 7.2003728905692688 10.727282324805858 8.523685669526456 37.327545134350657 10.85695902071893
leaf_count=963 44 810 332 190 141 376 58 187 99 53 82 160 273 72
internal_value=0.00147301 0.005123 0.00886934 0.0103335 0.011792 0.0132186 0.00925078 0.0299567 0.0108015 0.00605133 0.0234069 0.0120756 0.0136588 0.0179379
internal_weight=174.944 161.038 149.005 144.872 140.84 137.138 110.858 26.2796 107.294 77.9283 29.366 19.251 55.3849 48.1845
internal_count=3840 2877 2067 1735 1545 1404 1173 231 1115 774 341 242 398 345
is_linear=0
shrinkage=0.05


Tree=234
num_leaves=15
num_cat=0
split_feature=16 16 11 6 4 1 12 4 16 3 5 11 0 15
split_gain=35.0249 3.73438 2.43388 1.59728 2.72349 3.07206 3.41547 2.63431 2.44234 2.48561 1.95813 1.79045 2.52039 2.07121
threshold=1.0000000180025095e-35 8.5000000000000018 0.12920411876812046 2.5000000000000004 -0.11134615384615372 20.500000000000004 3.3653468183733675 -0.048190704853369709 4.5000000000000009 0.73744220260613724 1.0230388273558932 -0.011851296941730869 11.500000000000002 0.79265562024182723
decision_type=2 2 2 2 2 2 2 2 2 2 2 2 2 2
left_child=-1 2 3 8 -5 7 -7 -6 9 -2 -8 -11 13 -13
right_child=1 -3 -4 4 5 6 10 -9 -10 11 -12 12 -14 -15
leaf_value=-0.037954567998395361 0.037375724778515335 0.040744068051025907 -0.031553442390185753 0.032706613026629437 -0.076388429579171552 0.033552524476306418 -0.049761733501754328 -0.011897026458038914 0.032159194036751514 0.028793891780920872 0.011009785087656938 -0.032923867473829339 0.029502727821758758 0.0029385943870380831
leaf_weight=43.455107027199119 6.782077118754386 13.200663708150385 3.0705041252076617 6.2795590609312084 2.1272375136613846 7.1031331997364742 2.660189051181078 6.1942460555583256 20.869128953665495 5.5284181907773045 2.6418933924287558 7.0083738863468232 4.6102496460080138 9.4613171666860563
leaf_count=3018 43 192 26 35 14 40 19 55 229 31 21 31 34 52
internal_value=-0.000618787 0.0160152 0.0121446 0.0137956 0.00385958 -0.00488019 0.0108857 -0.0283831 0.018741 0.0103546 -0.0194808 0.00346732 -0.00317481 -0.012322
internal_weight=140.992 97.537 84.3363 81.2658 27.0063 20.7267 12.4052 8.32148 54.2596 33.3904 5.30208 26.6084 21.0799 16.4697
internal_count=3840 822 630 604 184 149 80 69 420 191 40 148 117 83
is_linear=0
shrinkage=0.05


Tree=235
num_leaves=15
num_cat=0
split_feature=6 6 7 11 4 11 1 12 14 2 2 15 3 4
split_gain=22.3406 4.50561 2.4217 2.45381 2.34759 1.77552 2.1851 2.45329 2.31902 2.19489 2.48896 2.12128 3.05993 2.11041
threshold=2.5000000000000004 1.0000000180025095e-35 1.9926470588235297 0.19000905873514459 -0.20039889829805868 -0.03118581763115685 39.500000000000007 3.1114184944040972 1.0000000180025095e-35 2.6171150128323144 2.1945720512213733 1.5505050505050508 1.1550480769230773 -0.077075501253132436
decision_type=2 2 2 2 2 2 2 2 2 2 2 2 2 2
left_child=1 -1 3 4 -2 13 7 11 -9 10 -10 12 -7 -6
right_child=2 -3 -4 -5 5 6 -8 8 9 -11 -12 -13 -14 -15
leaf_value=0.0061440317137701362 -0.01573707170482061 -0.040723279045152293 -0.03882676549410851 -0.041094910272716029 -0.012384442851872348 0.01579323277237599 0.037550376246993082 0.032888562232560765 -0.0023312071083032957 -0.040181477650843456 0.029778880883544218 -0.011013000745017444 0.050227819538386578 0.043403181806111239
leaf_weight=6.1349794864654532 7.1031303117051712 31.244749132078141 2.4442698452621689 2.1917415391653767 2.0881317891180506 37.711891347542405 7.7929091826081267 5.854734953492879 41.408381256274879 3.2361459229141465 7.0645896857604376 5.5674710143357506 7.7829659432172766 9.009727534838019
leaf_count=48 70 2029 76 63 23 466 113 96 418 23 87 47 140 141
internal_value=0.0012904 -0.0330311 0.0105031 0.0113845 0.0122389 0.0137972 0.0119756 0.0101409 0.00306381 -0.000313079 0.00234861 0.018119 0.0216841 0.0329064
internal_weight=176.636 37.3797 139.256 136.812 134.62 127.517 116.419 108.626 57.5639 51.7091 48.473 51.0623 45.4949 11.0979
internal_count=3840 2077 1763 1687 1624 1554 1390 1277 624 528 505 653 606 164
is_linear=0
shrinkage=0.05


Tree=236
num_leaves=15
num_cat=0
split_feature=10 11 18 13 13 4 15 19 17 11 2 1 4 3
split_gain=37.4649 4.13969 1.53384 1.48881 2.23255 2.06277 1.78665 3.00216 2.17234 1.76364 1.90761 1.47394 1.2701 1.18478
threshold=1.5000000000000002 0.16761940334401168 1.9968750000000002 28.500000000000004 20.500000000000004 -0.51868131868131828 0.40967365967365971 1.0000000180025095e-35 0.067424242424242428 0.095345011758259116 1.6532660775605388 21.500000000000004 -0.067986175115207423 0.75930149131348357
decision_type=2 2 2 2 2 2 2 2 2 2 2 2 2 2
left_child=-1 2 3 4 5 -2 8 13 -7 10 -9 -4 -12 -8
right_child=1 -3 11 -5 -6 6 7 9 -10 -11 12 -13 -14 -15
leaf_value=-0.040771717814798047 -0.034576740043306846 0.040302258120249741 -0.054350590250551029 0.047610695330935128 -0.019109484807323544 0.035341359092839267 -0.039067279031238321 0.043258339967167832 -0.0065055907221732894 0.041757260004962882 0.020924511804297073 0.007802942299777591 -0.019905166911737 -0.0012641786873402608
leaf_weight=40.028002932667732 1.9798277616500843 16.699232544749975 1.6216859892010682 3.1980979777872554 5.0813436135649672 18.344238512218002 2.61095095984638 3.0908120498061198 3.7322417162358752 7.2569910027086726 3.2366978805512181 2.3163066897541285 4.6283238884061584 10.05266927462071
leaf_count=3034 10 289 21 26 33 150 15 19 19 69 21 34 32 68
internal_value=-0.000974354 0.0180241 0.0124839 0.01437 0.0125986 0.0155317 0.0174051 0.00963916 0.0282667 0.0226398 0.00997662 -0.0177922 -0.0031025 -0.00905832
internal_weight=123.877 83.8494 67.1502 63.2122 60.0141 54.9328 52.9529 30.8764 22.0765 18.2128 10.9558 3.93799 7.86502 12.6636
internal_count=3840 806 517 462 436 403 393 224 169 141 72 55 53 83
is_linear=0
shrinkage=0.05


Tree=237
num_leaves=15
num_cat=0
split_feature=13 12 12 2 2 12 5 3 7 11 11 11 4 3
split_gain=27.7662 7.46063 2.66062 2.24063 1.70432 2.24348 2.01885 2.24778 1.65605 1.62093 1.39709 1.86569 1.47912 1.0885
threshold=3.5000000000000004 20.244350546088853 4.8045639978882413 0.85039384551116426 1.4477586136961855 1.9575858704760456 1.184266038418049 1.0782781862745101 0.66599462365591411 0.075618717266973903 -0.016569704534639292 -0.00094173594315338771 0.26492050308495602 1.9023064687168614
decision_type=2 2 2 2 2 2 2 2 2 2 2 2 2 2
left_child=1 2 4 -2 5 -1 -6 -8 -7 -3 12 -12 -4 -13
right_child=3 9 10 -5 6 8 7 -9 -10 -11 11 13 -14 -15
leaf_value=0.045158586520884426 0.029294947618126923 0.042682640453581999 0.011961256007706559 -0.039309914401338325 -0.041271062809043885 -0.048298120369395924 -0.042893665051285508 0.053415751224536373 0.0079606333509757987 -0.028065841227585431 0.043945967937176394 0.0048771324662298457 -0.033056420320878264 0.026649939224360104
leaf_weight=2.46045905724168 1.2295343950390805 20.634452136233453 4.3129604123532763 37.152092953212559 6.3848101147450489 2.0237434403970838 1.063808551989496 1.4072843044996259 3.6989275310188532 0.84266192838549514 5.3259930573403826 18.693002216517929 3.1626234017312527 8.2844097949564439
leaf_count=32 10 546 38 2486 296 35 30 32 34 9 57 129 30 76
internal_value=-0.00227509 0.0148027 0.00531333 -0.0371122 -0.0112186 0.00523194 -0.0264194 0.0119544 -0.0119345 0.0399068 0.0123946 0.0169023 -0.00708394 0.0115633
internal_weight=116.677 78.2951 56.818 38.3816 17.039 8.18313 8.8559 2.47109 5.72267 21.4771 39.779 32.3034 7.47558 26.9774
internal_count=3840 1344 789 2496 459 101 358 62 69 555 330 262 68 205
is_linear=0
shrinkage=0.05


Tree=238
num_leaves=15
num_cat=0
split_feature=0 0 5 18 18 7 16 6 15 5 5 11 13 3
split_gain=10.1058 10.4642 4.18443 2.86365 3.77475 3.29408 2.6941 3.1486 3.02053 2.7931 3.77636 2.71509 2.67881 4.03403
threshold=6.5000000000000009 12.500000000000002 0.94858435586584655 1.9301948051948055 1.7803308823529413 0.29217479674796759 1.0000000180025095e-35 2.5000000000000004 0.61200716845878145 0.64584087887659691 0.92672811670583921 0.053817714911885091 4.5000000000000009 1.1433035714285718
decision_type=2 2 2 2 2 2 2 2 2 2 2 2 2 2
left_child=-1 2 6 4 5 -4 7 11 9 -8 -11 -2 -9 -14
right_child=1 -3 3 -5 -6 -7 8 12 -10 10 -12 -13 13 -15
leaf_value=-0.040769060648525653 0.041030389523393579 -0.041247543902923955 -0.042189381393214181 -0.033427395960036015 0.052977303890985143 0.0027235546081417396 0.079638640647288428 0.044952940038907582 -0.019191324822147617 -0.032739395717508182 0.053525717614122392 0.0053673144110475725 0.014182183947769473 -0.029347483247627756
leaf_weight=13.085492005571721 22.264872841537002 11.363635827787219 4.4841129742562762 6.3152857050299636 3.4223854439333072 45.588469307869673 1.6814885754138256 5.0239078123122445 10.303696217946706 2.8689634557813406 2.2743805255740881 7.0194040788337579 27.875795931089669 6.5784502997994414
leaf_count=963 309 810 173 325 33 546 6 31 117 55 7 112 273 80
internal_value=0.00144749 0.00496466 0.00856887 -0.00158525 0.00217384 -0.0012985 0.0156397 0.0200594 -0.00210295 0.023696 0.00540693 0.032482 0.0108444 0.00587094
internal_weight=170.15 157.065 145.701 59.8103 53.495 50.0726 85.891 68.7624 17.1285 6.82483 5.14334 29.2843 39.4782 34.4542
internal_count=3840 2877 2067 1077 752 719 990 805 185 68 62 421 384 353
is_linear=0
shrinkage=0.05


Tree=239
num_leaves=15
num_cat=0
split_feature=16 16 11 6 4 1 12 4 16 3 5 11 0 15
split_gain=32.4962 3.56978 2.20605 1.41938 2.50387 2.84517 3.17232 2.52855 2.30375 2.36431 1.77977 1.68701 2.27586 1.90853
threshold=1.0000000180025095e-35 8.5000000000000018 0.12920411876812046 2.5000000000000004 -0.11134615384615372 20.500000000000004 3.3653468183733675 -0.048190704853369709 4.5000000000000009 0.73744220260613724 1.0230388273558932 -0.011851296941730869 11.500000000000002 0.79265562024182723
decision_type=2 2 2 2 2 2 2 2 2 2 2 2 2 2
left_child=-1 2 3 8 -5 7 -7 -6 9 -2 -8 -11 13 -13
right_child=1 -3 -4 4 5 6 10 -9 -10 11 -12 12 -14 -15
leaf_value=-0.037768822584948208 0.036713228079943053 0.040460463500358396 -0.030665601237532498 0.031851197891347903 -0.07514258420661192 0.032696408691359931 -0.047322098340354717 -0.011225731244727364 0.031409166683089088 0.027949587719779401 0.010730968742596006 -0.031904025415375833 0.02802980737424406 0.0026895973743451158
leaf_weight=41.126966038253158 6.5660457015037528 12.397663615643976 2.9644910134375086 6.1493197530508068 2.0669369027018547 7.0279426109045726 2.6673470996320248 6.1549513079226035 19.961131568998098 5.4472325257957008 2.6141517031937838 6.9326106831431451 4.5357980020344248 9.3836023937910777
leaf_count=3018 43 192 26 35 14 40 19 55 229 31 21 31 34 52
internal_value=-0.000647594 0.0154449 0.0116844 0.0132635 0.00386313 -0.00451955 0.0106923 -0.0272941 0.0180112 0.00987382 -0.0185879 0.00317292 -0.00329956 -0.0120089
internal_weight=135.996 94.8692 82.4716 79.5071 26.6806 20.5313 12.3094 8.22189 52.8264 32.8653 5.2815 26.2992 20.852 16.3162
internal_count=3840 822 630 604 184 149 80 69 420 191 40 148 117 83
is_linear=0
shrinkage=0.05


Tree=240
num_leaves=15
num_cat=0
split_feature=6 6 12 4 8 15 2 5 5 7 5 1 12 4
split_gain=20.6199 4.33907 2.27877 2.69329 3.22656 2.52796 2.40996 2.87306 3.6905 3.04943 2.7409 2.13041 3.54448 3.16343
threshold=2.5000000000000004 1.0000000180025095e-35 16.536497957816312 0.0061011904761906844 1.5000000000000002 1.5303308823529413 1.6244247221943426 0.77076657891217015 0.88593641322611116 0.60078125000000016 0.87091790819809911 10.500000000000002 3.1406595033362827 0.09482758620689638
decision_type=2 2 2 2 2 2 2 2 2 2 2 2 2 2
left_child=1 -1 3 4 6 11 -2 -8 9 10 -9 13 -13 -5
right_child=2 -3 -4 5 -6 -7 7 8 -10 -11 -12 12 -14 -15
leaf_value=0.0058764812980214151 -0.0082163329164424061 -0.040700451716759074 -0.040932165918374078 -0.01286028634940403 -0.0069741082321627852 -0.0026650226958663242 0.051909852056150133 0.028678313037472883 0.026033194161726714 -0.060532837312082644 -0.039702607253281286 0.05009555056240364 0.017749558600244391 0.045702169684198928
leaf_weight=6.0263416096568099 9.6821633409708721 29.368241473566741 2.156991656869649 7.6804469283670169 33.345200879499316 10.939381608739494 5.8586651515215626 4.2186640705913323 18.587739745154977 2.4549742862582207 2.2454043459147215 13.547786414623259 22.593959357589483 3.2954310439527035
leaf_count=48 89 2029 115 79 382 95 64 60 267 9 16 249 286 52
internal_value=0.00124049 -0.0327702 0.0100526 0.0108706 0.00470129 0.0189882 0.0137452 0.0201181 0.0133468 -0.0130923 0.00492503 0.0240155 0.0298745 0.00472268
internal_weight=172.001 35.3946 136.607 134.45 76.3928 58.057 43.0476 33.3654 27.5068 8.91904 6.46407 47.1176 36.1417 10.9759
internal_count=3840 2077 1763 1648 887 761 505 416 352 85 76 666 535 131
is_linear=0
shrinkage=0.05


Tree=241
num_leaves=15
num_cat=0
split_feature=10 11 10 1 5 11 12 2 11 5 14 6 4 12
split_gain=34.9992 3.95214 1.50823 2.63881 3.3315 2.54657 2.50707 2.30511 3.00515 1.91196 1.79024 1.76449 1.40524 0.994363
threshold=1.5000000000000002 0.16761940334401168 2.5000000000000004 9.5000000000000018 0.66659847376831338 0.047880829527813397 4.4216367364106945 2.0285468124787949 0.12920411876812046 0.89001077026568154 3.5000000000000004 2.5000000000000004 -0.010148135148135133 1.6443589731579307
decision_type=2 2 2 2 2 2 2 2 2 2 2 2 2 2
left_child=-1 2 5 6 -5 -2 13 10 9 -9 11 -6 -12 -4
right_child=1 -3 3 4 7 -7 -8 8 -10 -11 12 -13 -14 -15
leaf_value=-0.040746223801881074 -0.0021122739380857909 0.040057551646182153 0.010595569714331975 -0.071371871817703492 0.018750056798661988 0.037231478452546346 -0.015574194268822334 0.0057456037593379295 0.025842201287413848 -0.046390731546896651 0.039329894844487588 -0.044877145288682925 8.6279951875963513e-05 0.03835740346804651
leaf_weight=37.783106104936451 6.1533341798931387 15.650060046464203 4.5450715161860016 1.6501469183713222 2.2687175218015936 12.402982003986834 3.6787035353481761 2.5169037301093322 3.2730822935700408 5.8357254778966308 6.9167973380535841 2.0965287461876869 3.4036744963377696 11.109036207199095
leaf_count=3034 38 289 31 16 19 99 20 25 29 49 50 24 41 76
internal_value=-0.000968474 0.0174722 0.0121045 0.00736469 -0.00245587 0.024185 0.0215684 0.00186627 -0.0147672 -0.0306805 0.0150339 -0.0118086 0.0263874 0.0302969
internal_weight=119.284 81.5008 65.8507 47.2944 27.9616 18.5563 19.3328 26.3114 11.6257 8.35263 14.6857 4.36525 10.3205 15.6541
internal_count=3840 806 517 380 253 137 127 237 103 74 134 43 91 107
is_linear=0
shrinkage=0.05


Tree=242
num_leaves=15
num_cat=0
split_feature=13 12 12 2 2 11 0 4 12 11 1 4 15 19
split_gain=25.8344 7.07102 2.42395 2.59979 2.19541 1.81235 1.59202 2.53401 2.46315 1.6408 1.58374 2.15646 1.4786 1.2998
threshold=3.5000000000000004 20.244350546088853 4.0107230299955727 1.2357535450708086 0.85039384551116426 0.08077455543044694 10.500000000000002 0.23714251381879406 7.6288113517412599 -0.01779881014132317 8.5000000000000018 0.0074441635061103604 1.6510869565217392 1.5000000000000002
decision_type=2 2 2 2 2 2 2 2 2 2 2 2 2 2
left_child=1 2 3 -1 -2 -3 10 8 -8 -9 -4 -12 -11 -5
right_child=4 5 6 13 -6 -7 7 9 -10 12 11 -13 -14 -15
leaf_value=0.023596762727354004 0.028512541061845753 0.042657703451720264 0.053546388532883071 -0.033845814332114782 -0.039195401528020424 -0.03690806887168363 -0.012071876258904476 -0.054740173631656168 0.039873306732715372 -0.026345365627332692 -0.025139503950140529 0.020577913551587262 0.023513751196341904 0.026895909453734008
leaf_weight=3.3912315405905238 1.2394969761371601 19.440084038302306 2.9304170068353441 8.4041840247809851 35.104982276447117 0.74305256828665633 3.9975907271727937 2.4407492466270924 5.3180920127779245 3.7042217301204783 2.9797192551195648 19.199081238359213 2.4841884933412075 0.98383020795881826
leaf_count=40 10 548 26 361 2486 7 41 17 47 32 23 162 27 13
internal_value=-0.00221288 0.0143649 0.00519629 -0.013926 -0.0368863 0.0397284 0.0108721 -0.000501093 0.0175823 -0.0200232 0.0190003 0.0144358 -0.00633062 -0.0274803
internal_weight=112.361 76.0164 55.8333 12.7792 36.3445 20.1831 43.0541 17.9448 9.31568 8.62916 25.1092 22.1788 6.18841 9.38801
internal_count=3840 1344 789 414 2496 555 375 164 88 76 211 185 59 374
is_linear=0
shrinkage=0.05


Tree=243
num_leaves=15
num_cat=0
split_feature=0 0 12 11 16 5 13 1 1 7 6 15 6 2
split_gain=9.47161 9.76367 3.8817 3.78657 3.65695 3.20462 2.95774 2.69925 2.39706 3.79797 2.61491 2.54585 4.51727 2.42299
threshold=6.5000000000000009 12.500000000000002 14.229223217848045 0.11400737744892402 6.5000000000000009 0.66659847376831338 30.500000000000004 15.500000000000002 27.500000000000004 0.62387724550898216 5.5000000000000009 0.74744897959183687 2.5000000000000004 1.3647782031615872
decision_type=2 2 2 2 2 2 2 2 2 2 2 2 2 2
left_child=-1 2 3 4 5 7 8 -2 9 10 -7 -10 -13 -11
right_child=1 -3 -4 -5 -6 6 -8 -9 11 13 -12 12 -14 -15
leaf_value=-0.040741391349624623 -0.0078726935538455962 -0.041220460179145407 -0.042447996490696693 -0.040571333436038824 -0.040950672627736905 -0.018585499632016455 -0.037517201021391604 0.036010366875352466 0.042770469220172969 -0.01487268506259052 0.034993986905232415 0.033679675305017635 -0.01615251924537893 0.016639811450197991
leaf_weight=12.330963312648235 4.2273785173893001 10.715512493625281 3.6755023603327563 3.6600381815806022 3.3084954284131518 19.208446952514354 3.3775067450478664 20.483964670449495 9.9672107687219995 7.0177731765434137 2.5834648329764596 10.168628766201438 8.227216581348328 46.640470130369067
leaf_count=963 44 810 332 190 141 337 58 187 99 53 39 82 160 345
internal_value=0.00141659 0.00480849 0.00826859 0.00961091 0.0109693 0.0122716 0.00852962 0.0285033 0.0100277 0.00536941 -0.0122336 0.0224196 0.0113931 0.0125184
internal_weight=165.593 153.262 142.546 138.871 135.211 131.902 107.191 24.7113 103.813 75.4502 21.7919 28.3631 18.3958 53.6582
internal_count=3840 2877 2067 1735 1545 1404 1173 231 1115 774 376 341 242 398
is_linear=0
shrinkage=0.05


Tree=244
num_leaves=15
num_cat=0
split_feature=16 16 11 2 5 13 13 15 7 11 6 4 17 15
split_gain=30.1733 3.44658 1.94391 1.3953 2.26181 2.10584 1.81169 1.59897 2.48595 3.28006 2.61163 4.37953 3.99073 3.27164
threshold=1.0000000180025095e-35 8.5000000000000018 0.12920411876812046 2.4601989700063256 0.65124127702127588 27.500000000000004 1.5000000000000002 0.26365441906653431 1.0241841491841495 0.007345608268684912 2.5000000000000004 -0.11134615384615372 0.18898809523809526 0.40967365967365971
decision_type=2 2 2 2 2 2 2 2 2 2 2 2 2 2
left_child=-1 2 3 4 -2 6 -6 -8 10 -10 12 -12 -9 -14
right_child=1 -3 -4 -5 5 -7 7 8 9 -11 11 -13 13 -15
leaf_value=-0.037571777909132298 -0.022238765486097753 0.040236021938293488 -0.029358484086901879 0.029574749858266764 -0.027999059689307489 0.047254324812020049 0.024682431992183566 -0.037280854546541002 0.047123556877633997 -0.0067280754097790874 0.035485914593102373 -0.037888838472142528 -0.02597154171050356 0.039613490326660006
leaf_weight=38.913864199072123 5.0167503356933585 11.731317110359667 2.8456860147416583 10.600811490789054 2.9443522971123448 4.1087990999221793 17.617574723437428 3.2375964447855976 7.0337323211133462 4.7285945322364569 2.6694624722003928 8.5381589327007514 2.4157113805413237 8.9330174513161165
leaf_count=3018 21 192 26 95 29 42 141 12 48 29 13 69 18 87
internal_value=-0.000637886 0.014913 0.0112314 0.0127152 0.0100573 0.0126611 0.0102154 0.0122547 0.0064249 0.0254746 -0.00226195 -0.0204122 0.0116841 0.0256529
internal_weight=131.335 92.4216 80.6902 77.8446 67.2437 62.227 58.1182 55.1738 37.5563 11.7623 25.7939 11.2076 14.5863 11.3487
internal_count=3840 822 630 604 509 488 446 417 276 77 199 82 117 105
is_linear=0
shrinkage=0.05


Tree=245
num_leaves=15
num_cat=0
split_feature=6 6 7 11 4 11 1 12 0 0 15 18 4 2
split_gain=19.1236 4.16088 2.15272 2.11857 2.0185 1.66564 2.06244 2.18116 2.08167 2.0371 2.25975 2.8846 2.51225 2.45317
threshold=2.5000000000000004 1.0000000180025095e-35 1.9926470588235297 0.19000905873514459 -0.20039889829805868 -0.03118581763115685 39.500000000000007 3.1114184944040972 13.500000000000002 5.5000000000000009 1.0540935672514622 0.62701612903225812 0.058543795385900314 1.7286413835443344
decision_type=2 2 2 2 2 2 2 2 2 2 2 2 2 2
left_child=1 -1 3 4 -2 -6 7 9 -9 -7 11 -11 13 -12
right_child=2 -3 -4 -5 5 6 -8 8 -10 10 12 -13 -14 -15
leaf_value=0.0054357260807753457 -0.015095073354806948 -0.040682292818351097 -0.038798736373348963 -0.040983943224887055 0.03173707838271661 0.044872238516807328 0.036497551513014419 -0.00076321503681485805 0.031593565325007747 -0.025479711240699289 -0.069173774443548025 0.025257836832489212 0.019754591619544917 -0.0043235299192537777
leaf_weight=5.9418941214680663 6.8722972599789491 27.649484405294061 2.2527584088966242 1.9687582347542036 10.558333222754298 5.7353549767285577 7.3893709126859894 50.454385507851839 5.5139719992876044 3.1103098895400789 2.205572681501506 28.200940649956465 5.4339028280228376 4.3040929492563009
leaf_count=48 70 2029 76 63 164 116 113 528 96 21 18 400 48 50
internal_value=0.00120936 -0.0325246 0.00966585 0.0104946 0.0112755 0.01275 0.0109656 0.00916809 0.00242456 0.0168722 0.0131595 0.0202178 -0.00534448 -0.0262958
internal_weight=167.591 33.5914 134 131.747 129.779 122.906 112.348 104.959 55.9684 48.9902 43.2548 31.3113 11.9436 6.50967
internal_count=3840 2077 1763 1687 1624 1554 1390 1277 624 653 537 421 116 68
is_linear=0
shrinkage=0.05


Tree=246
num_leaves=15
num_cat=0
split_feature=10 11 18 1 13 13 4 5 11 12 15 1 12 2
split_gain=32.7497 3.76192 1.41738 1.40714 1.33662 2.05384 1.93198 1.39153 2.4442 2.10106 3.04756 1.99906 1.49917 1.1674
threshold=1.5000000000000002 0.16761940334401168 1.9968750000000002 21.500000000000004 28.500000000000004 22.500000000000004 -0.51868131868131828 1.0174740476838822 0.057614456276032323 2.8364377046369138 0.86443243243243251 28.500000000000004 3.5157562323904989 1.6244247221943426
decision_type=2 2 2 2 2 2 2 2 2 2 2 2 2 2
left_child=-1 2 4 -4 5 6 -2 11 -9 10 -10 13 -13 -8
right_child=1 -3 3 -5 -6 -7 7 8 9 -11 -12 12 -14 -15
leaf_value=-0.040725454825771647 -0.034639776869729341 0.039821890638833193 -0.054226538832762829 0.0075007032527981592 0.045961907503175414 -0.026346006725710171 0.041352883575500557 -0.019660652121519673 0.028980872977077368 0.035366001367228096 -0.049557730285606005 -0.031033479353107941 0.020269845110518745 0.020013058501182415
leaf_weight=35.719957092776895 1.948261186480521 14.661419682204722 1.5641596531495445 2.2532834601588547 3.0346848573535672 3.3059183210134497 10.023589869961144 6.4853523187339333 2.7147180587053281 7.3002800010144711 2.2663238942623138 2.7846851591020814 2.9141189977526665 17.771482422947884
leaf_count=3034 10 289 21 34 26 20 68 50 27 59 15 29 25 133
internal_value=-0.000993794 0.0169645 0.0117581 -0.0177914 0.0136211 0.0119146 0.014248 0.0160705 0.00517068 0.0182833 -0.0067534 0.0221777 -0.0047992 0.0277087
internal_weight=114.748 79.0283 64.3669 3.81744 60.5494 57.5147 54.2088 52.2606 18.7667 12.2813 4.98104 33.4939 5.6988 27.7951
internal_count=3840 806 517 55 462 436 416 406 151 101 42 255 54 201
is_linear=0
shrinkage=0.05


Tree=247
num_leaves=15
num_cat=0
split_feature=13 12 1 12 2 11 0 4 15 1 3 2 2 11
split_gain=24.0402 6.6493 2.27401 2.60393 2.14013 1.82699 1.59346 3.09664 1.842 1.74203 1.72269 1.55821 1.67323 1.54975
threshold=3.5000000000000004 20.244350546088853 37.500000000000007 4.8045639978882413 0.85039384551116426 0.084569459610752337 10.500000000000002 0.23714251381879406 0.89417693169092949 8.5000000000000018 1.8386217948717951 1.2357535450708086 1.0381751745550816 -0.01779881014132317
decision_type=2 2 2 2 2 2 2 2 2 2 2 2 2 2
left_child=1 2 3 11 -2 -3 9 8 -8 -5 -11 12 -1 -9
right_child=4 5 -4 6 -6 -7 7 13 -10 10 -12 -13 -14 -15
leaf_value=-0.015295845006818562 0.027514637563996521 0.042593928028067198 -0.044153677829026232 0.062133538823842663 -0.039082593441151163 -0.038834481997516934 0.041182535191043472 -0.052451456713874293 -0.0094309477154026801 0.0060147554978778849 0.038202866765946024 -0.019864109374703814 0.044170360784534332 -0.0047388565484208179
leaf_weight=2.3713399413973084 1.2517875060439099 18.17028049193323 2.2470846245996645 2.6016501951962736 33.22435989882797 0.71599401906132598 5.5274130273610371 2.4076347202062607 2.6639987658709288 10.889557184651496 6.7231497801840296 11.175388660747556 2.3603710792958736 5.8061916157603246
leaf_count=25 10 549 28 21 2486 6 53 16 19 76 78 396 23 54
internal_value=-0.00220492 0.0139237 0.00510248 0.00720965 -0.0366645 0.0395069 0.0145469 0.00296919 0.0247221 0.023943 0.0183017 -0.00968136 0.0143683 -0.0187244
internal_weight=108.136 73.6601 54.7738 52.5267 34.4761 18.8863 36.6196 16.4052 8.19141 20.2144 17.6127 15.9071 4.73171 8.21383
internal_count=3840 1344 789 761 2496 555 317 142 72 175 154 444 48 70
is_linear=0
shrinkage=0.05


Tree=248
num_leaves=15
num_cat=0
split_feature=0 0 5 16 11 5 13 2 0 11 0 2 18 6
split_gain=8.86903 9.16198 3.59576 3.15782 3.15727 2.93775 2.90218 2.47389 3.44512 3.09925 3.47382 3.13475 2.44476 2.40113
threshold=6.5000000000000009 12.500000000000002 0.87454355411967166 1.0000000180025095e-35 0.050049704152755621 0.63943244029381485 7.5000000000000009 2.3990026929631472 8.5000000000000018 0.072438221252411714 9.5000000000000018 1.4920857255764577 0.62701612903225812 2.5000000000000004
decision_type=2 2 2 2 2 2 2 2 2 2 2 2 2 2
left_child=-1 2 3 4 13 -5 -7 8 12 10 11 -10 -4 -2
right_child=1 -3 7 5 -6 6 -8 -9 9 -11 -12 -13 -14 -15
leaf_value=-0.040715409100136657 0.040463466801863635 -0.041210499290295896 0.020291479051465378 0.030686203748595632 -0.011226494650112634 0.011956771596222307 -0.046011704970133148 -0.025442031684973207 -0.019874230902364644 -0.041663772173587021 0.0054466299212568119 0.049702294825819698 -0.027410762927801202 0.017319048254194714
leaf_weight=11.603924996685235 18.046608436852694 10.147595038637517 3.4489563424140206 3.8051401264965525 6.4336701440624884 3.7052266523241979 5.1744124656543136 8.2666742703877372 1.9642688529565919 2.7268854482099405 35.016103652771562 9.2071208180859667 12.141086326912044 29.565600791946054
leaf_count=963 286 810 55 14 117 33 89 204 50 87 542 101 261 228
internal_value=0.00139494 0.00466021 0.00799692 0.0163798 0.0216492 -0.0060715 -0.0218231 0.000309891 0.00361017 0.0101337 0.0131918 0.0374686 -0.0168577 0.0260916
internal_weight=161.253 149.649 139.502 66.7307 54.0459 12.6848 8.87964 72.7711 64.5044 48.9144 46.1875 11.1714 15.59 47.6122
internal_count=3840 2877 2067 767 631 136 122 1300 1096 780 693 151 316 514
is_linear=0
shrinkage=0.05


Tree=249
num_leaves=15
num_cat=0
split_feature=16 16 11 2 5 13 18 12 16 3 11 4 2 2
split_gain=28.161 3.2762 1.74642 1.31907 2.06417 1.98991 1.91579 2.43865 2.23324 1.92591 1.78152 2.67577 2.29306 2.1071
threshold=1.0000000180025095e-35 8.5000000000000018 0.12920411876812046 2.4601989700063256 0.65124127702127588 16.500000000000004 0.56306818181818186 1.7714400789782598 2.5000000000000004 0.87484015345268562 0.0034363243779438339 -0.061175890197919421 1.5268320988407591 1.6454807758205776
decision_type=2 2 2 2 2 2 2 2 2 2 2 2 2 2
left_child=-1 2 3 4 -2 6 -6 -8 9 -9 12 -12 -10 -13
right_child=1 -3 -4 -5 5 -7 7 8 10 -11 11 13 -14 -15
leaf_value=-0.037377611928193971 -0.021275312419411125 0.040005660081892658 -0.028269236406997179 0.028900666279755956 0.026356373935748786 0.030158368887887577 0.0355915371023433 0.014047448637739749 0.050695014698504161 -0.034743549235034171 -0.047685124309195553 -0.024020064612151053 0.0047705714615300966 0.033943882000517504
leaf_weight=36.895981598179787 4.9649465829133979 11.04059039801359 2.7432292923331252 10.381926815956829 10.704999305307863 12.364173132926224 4.8247800171375266 2.7588649578392488 3.8567204587161568 7.5779674965888262 3.1637113466858864 2.7886441387236101 9.2069350145757181 3.5815140940248966
leaf_count=3018 21 192 26 95 107 110 35 15 25 57 15 20 79 25
internal_value=-0.000592406 0.0144948 0.0109258 0.0123373 0.00972368 0.0122539 0.00768609 0.00239293 -0.00247057 -0.0217214 0.00633538 -0.0100982 0.0183286 0.00856919
internal_weight=126.855 89.959 78.9184 76.1752 65.7933 60.8283 48.4641 37.7591 32.9344 10.3368 22.5975 9.53387 13.0637 6.37016
internal_count=3840 822 630 604 509 488 378 271 236 72 164 60 104 45
is_linear=0
shrinkage=0.05


Tree=250
num_leaves=15
num_cat=0
split_feature=6 6 7 11 5 13 2 4 15 11 11 2 3 2
split_gain=17.7962 4.02678 2.00191 1.93316 1.95204 1.83541 3.27141 2.78634 2.67431 3.54469 2.64408 2.38505 2.17946 2.0542
threshold=2.5000000000000004 1.0000000180025095e-35 1.9926470588235297 0.19000905873514459 0.55840840345674903 4.5000000000000009 2.1862324689850494 0.046364197853054408 1.4950980392156865 1.0000000180025095e-35 1.0000000180025095e-35 1.7561175145895038 1.3954592287312337 2.6474543930774388
decision_type=2 2 2 2 2 2 2 2 2 2 2 2 2 2
left_child=1 -1 3 4 -2 6 7 10 -9 -10 11 -6 -8 -7
right_child=2 -3 -4 -5 5 13 12 8 9 -11 -12 -13 -14 -15
leaf_value=0.0052192971864106468 -0.023756443805193976 -0.040665164606382913 -0.038548397445832439 -0.040909936278006764 -0.021831538208712808 0.018492016142137687 0.04717238000021183 0.022209556078269022 -0.055065551580625288 0.023908949505603776 -0.044785441313318894 0.040884902687213967 -0.009414653447288859 -0.0094153063967803985
leaf_weight=5.8568437099456814 3.9369029290974131 26.04323376622051 2.1431077281013122 1.8258675867691625 4.3298565512523073 77.738577615469694 5.9029438421130163 11.733345630578699 3.149951164610683 2.5883590709418058 6.4497583582997322 2.3325633034110069 2.3907464630901814 7.2051087636500588
leaf_count=48 22 2029 76 63 39 1030 106 157 21 29 62 38 29 91
internal_value=0.00126715 -0.0322408 0.0093817 0.0101744 0.0109045 0.0120065 0.0030083 -0.00454464 0.00852945 -0.0194428 -0.0219655 0.000125959 0.0308606 0.0161249
internal_weight=163.627 31.9001 131.727 129.584 127.758 123.821 38.8775 30.5838 17.4717 5.73831 13.1122 6.66242 8.29369 84.9437
internal_count=3840 2077 1763 1687 1624 1602 481 346 207 50 139 77 135 1121
is_linear=0
shrinkage=0.05


Tree=251
num_leaves=15
num_cat=0
split_feature=10 11 10 1 5 11 12 2 11 5 7 4 12 12
split_gain=30.5174 3.59661 1.42103 2.47342 3.09696 2.29699 2.25563 2.01288 2.71462 1.76805 1.66813 1.46733 1.05546 0.930629
threshold=1.5000000000000002 0.16761940334401168 2.5000000000000004 9.5000000000000018 0.66659847376831338 0.047880829527813397 4.4216367364106945 2.0285468124787949 0.12920411876812046 0.89001077026568154 0.2490458015267176 -0.010148135148135133 2.169157341998281 1.6443589731579307
decision_type=2 2 2 2 2 2 2 2 2 2 2 2 2 2
left_child=-1 2 5 6 -5 -2 13 10 9 -9 -6 -12 -7 -4
right_child=1 -3 3 4 7 12 -8 8 -10 -11 11 -13 -14 -15
leaf_value=-0.040704569018457579 -0.0019360790551439296 0.039566761689420166 0.0097777325836089293 -0.070609017095730239 -0.027636664511505704 -0.00057911730182364288 -0.014795575925261451 0.0053401032407621278 0.024551050438425131 -0.045748794145581272 0.035256427367791963 -0.00054508923666633682 0.042151905406126372 0.037225524647881113
leaf_weight=33.745796744013205 5.9977749772369888 13.694618958979843 4.3625590614974525 1.5987783446908022 2.0717016598209765 1.6855341419577587 3.6178697478026143 2.4349302188493294 3.1593336649239063 5.5614285431802273 7.1712216073647141 4.762758946977554 10.130432985723017 10.57162858173251
leaf_count=3034 38 289 31 16 29 10 20 25 29 49 55 50 89 76
internal_value=-0.00107116 0.016339 0.0113 0.00659631 -0.00313034 0.0232646 0.0206264 0.00115732 -0.0146885 -0.030192 0.0137787 0.0209683 0.0360564 0.0292075
internal_weight=110.566 76.8206 63.126 45.3122 26.7602 17.8137 18.5521 25.1614 11.1557 7.99636 14.0057 11.934 11.816 14.9342
internal_count=3840 806 517 380 253 137 127 237 103 74 134 105 99 107
is_linear=0
shrinkage=0.05


Tree=252
num_leaves=15
num_cat=0
split_feature=13 12 1 12 2 0 19 2 11 18 12 4 18 1
split_gain=22.3713 6.31588 2.10729 2.3901 2.41491 2.158 2.2154 2.0684 2.0133 1.8813 1.87372 1.2849 1.11459 1.46436
threshold=3.5000000000000004 20.244350546088853 37.500000000000007 4.0107230299955727 1.4477586136961855 10.500000000000002 1.0000000180025095e-35 0.85039384551116426 0.088879200447136306 2.9898648648648654 1.9575858704760456 -0.011037477053492421 1.0177338355304457 10.500000000000002
decision_type=2 2 2 2 2 2 2 2 2 2 2 2 2 2
left_child=1 2 3 4 10 12 9 -2 -3 -7 -1 -8 -5 -14
right_child=7 8 -4 5 -6 6 11 -9 -10 -11 -12 -13 13 -15
leaf_value=0.042631268231430028 0.026194705184228523 0.042566869816217573 -0.043461119584562558 0.0028870442558780011 -0.035603056044332802 -0.023235269539733618 -0.0032415285327360107 -0.038964903318575113 -0.048071458423185873 0.025576310443131994 -0.013515457700451455 0.045610510898354106 0.062119715978559135 0.022796811118669755
leaf_weight=2.4998922254890186 1.2670007497072209 17.13027781248093 2.1587734390050164 5.2012257464230087 5.8445895379409194 9.1817487198859471 2.2810828555375338 31.439873496768996 0.63539246469735999 2.5146614536643019 3.6634506303817034 3.2834464106708756 2.8380975313484695 14.279444206506012
leaf_count=32 10 551 28 34 317 76 20 2486 4 31 53 34 27 137
internal_value=-0.00218663 0.0134799 0.00493683 0.00696213 -0.0125771 0.0128901 -0.000385794 -0.0364407 0.0393252 -0.0127411 0.00925802 0.0255845 0.0231574 0.0293166
internal_weight=104.219 71.5121 53.7464 51.5876 12.0079 39.5797 17.2609 32.7069 17.7657 11.6964 6.16334 5.56453 22.3188 17.1175
internal_count=3840 1344 789 761 402 359 161 2496 555 107 85 54 198 164
is_linear=0
shrinkage=0.05


Tree=253
num_leaves=15
num_cat=0
split_feature=0 0 12 10 16 6 18 4 6 12 1 5 7 2
split_gain=8.30015 8.569 3.39762 3.2983 3.71614 5.27047 3.88414 3.48871 3.19901 5.0797 2.6878 2.67239 2.73978 2.59391
threshold=6.5000000000000009 12.500000000000002 14.229223217848045 1.5000000000000002 1.0000000180025095e-35 2.5000000000000004 0.6755681818181819 -0.51868131868131828 5.5000000000000009 3.3043320278313706 34.500000000000007 0.87454355411967166 1.050568181818182 1.7753557393966439
decision_type=2 2 2 2 2 2 2 2 2 2 2 2 2 2
left_child=-1 2 3 4 5 -2 -7 -5 11 -10 -6 -8 -13 -12
right_child=1 -3 -4 7 10 6 8 -9 9 -11 13 12 -14 -15
leaf_value=-0.04069065324697152 0.03376568284227776 -0.041196633133176085 -0.042424086366129543 0.075865646029625616 -0.011970640388951312 0.043390619346137041 0.0090024471556458853 -0.01233574617944827 0.10275310092755441 -0.012318432913771452 0.056005416597421732 -0.026965649145548078 0.027090092372259369 -0.0058539383343193712
leaf_weight=10.935416971798984 32.060972755774856 9.5980525938793999 3.3019122672267249 1.1796475350856805 21.10821303725243 6.6229857653379431 22.850899891927838 22.598072408698499 1.9384892368689173 1.8981446791440246 3.2967418059706679 13.413720340933653 2.8404514696449032 3.4872783422470093
leaf_count=963 418 810 332 4 272 44 188 364 17 35 25 306 15 47
internal_value=0.00132697 0.00446988 0.00767865 0.00891976 0.0125846 0.0179685 0.0077501 -0.00795995 0.0022532 0.0458224 -0.00317141 -0.00202141 -0.0175193 0.024207
internal_weight=157.131 146.196 136.598 133.296 109.518 81.6257 49.5647 23.7777 42.9417 3.83663 27.8922 39.1051 16.2542 6.78402
internal_count=3840 2877 2067 1735 1367 1023 605 368 561 52 344 509 321 72
is_linear=0
shrinkage=0.05


Tree=254
num_leaves=15
num_cat=0
split_feature=16 16 0 7 15 13 10 17 11 2 18 15 6 15
split_gain=26.2106 3.15923 1.67745 2.12283 3.35728 2.71933 2.37537 2.16648 2.04747 1.53212 1.44462 1.39137 1.88715 2.00081
threshold=1.0000000180025095e-35 8.5000000000000018 11.500000000000002 1.0241841491841495 0.53066332916145187 5.5000000000000009 1.5000000000000002 0.21825396825396828 0.0016582716042190528 1.7356503737165674 0.59443972835314107 0.84815546772068517 2.5000000000000004 1.3514705882352944
decision_type=2 2 2 2 2 2 2 2 2 2 2 2 2 2
left_child=-1 2 3 4 10 7 11 -6 -5 -10 -2 -7 -13 -14
right_child=1 -3 -4 8 5 6 -8 -9 9 -11 -12 12 13 -15
leaf_value=-0.037171171036729449 -0.056268002905918019 0.039805450349081395 0.022539757749264595 0.039468899411946576 -0.049338347631179863 0.04001555530518848 -0.018978721977419996 0.0042360190153934094 -0.017859375927315735 0.023938119741963974 -0.011276484127493961 0.031214473754211488 -0.028271433240808497 0.028286562185402615
leaf_weight=34.964932999573648 3.1868257895112029 10.466498948633669 21.131520276889205 7.8824554141610887 3.3785234354436389 6.9584279432892862 4.3090566433966151 4.2745300531387329 4.1189397256821376 4.6876114849001169 4.0535337720066309 6.6473114863038045 4.0658355355262756 2.5409761741757393
leaf_count=3018 20 192 197 55 26 66 31 27 25 37 27 74 32 13
internal_value=-0.000566784 0.0140266 0.0105332 0.00601096 -0.000317745 0.00660464 0.0147252 -0.019415 0.0209577 0.00438888 -0.0310794 0.0219105 0.0124053 -0.00651926
internal_weight=122.667 87.702 77.2355 56.104 39.415 32.1747 24.5216 7.65305 16.689 8.80655 7.24036 20.2126 13.2541 6.60681
internal_count=3840 822 630 433 316 269 216 53 117 62 47 185 119 45
is_linear=0
shrinkage=0.05


Tree=255
num_leaves=15
num_cat=0
split_feature=6 6 12 4 2 12 4 15 13 3 1 12 4 6
split_gain=16.4551 3.93639 1.88727 2.34138 2.86124 2.45637 2.43127 2.20197 2.11869 2.38676 2.09459 3.48268 2.91602 2.65744
threshold=2.5000000000000004 1.0000000180025095e-35 16.536497957816312 0.0074441635061103604 1.6942955106182855 1.9997079567413589 -4.1703461226379927e-16 1.5303308823529413 4.5000000000000009 0.56950400413329894 10.500000000000002 3.1406595033362827 0.09482758620689638 5.5000000000000009
decision_type=2 2 2 2 2 2 2 2 2 2 2 2 2 2
left_child=1 -1 3 4 5 -2 -6 10 -7 -10 12 -12 -5 -13
right_child=2 -3 -4 7 6 8 -8 -9 9 -11 11 13 -14 -15
leaf_value=0.0051303339620606203 -0.045848970617489659 -0.040648664309563411 -0.040878645708160348 -0.013673402609665573 0.014501257504385433 -0.030059500207152642 -0.03203902145138731 -0.0029024313594313133 -0.026888103770119878 0.016164778133320991 0.049996970963246068 0.0086261110506514471 0.044814292780361323 0.055750271142935064
leaf_weight=5.8088996969163444 3.8843184188008335 24.504486088408157 1.8652752870693792 7.4855917654931527 43.058984354138374 5.4500666446983841 3.0018031671643248 10.56280420348048 4.2588847307488349 13.186473224312065 12.142635628581045 17.905082182958726 2.9792664349079132 3.5918250493705264
leaf_count=48 33 2029 115 78 564 46 34 95 49 165 246 236 52 50
internal_value=0.00128208 -0.0318761 0.00905137 0.00978178 0.0039121 -0.0090843 0.0114682 0.0176028 -0.002847 0.0056544 0.0225137 0.0285911 0.0029776 0.0164999
internal_weight=159.686 30.3134 129.373 127.508 72.8405 26.7797 46.0608 54.6672 22.8954 17.4454 44.1044 33.6395 10.4649 21.4969
internal_count=3840 2077 1763 1648 891 293 598 757 260 214 662 532 130 286
is_linear=0
shrinkage=0.05


Tree=256
num_leaves=15
num_cat=0
split_feature=10 11 4 5 5 18 16 1 12 3 18 11 15 7
split_gain=28.3866 3.47039 1.49574 3.26369 1.82033 1.48542 2.15906 2.04442 3.01053 1.5607 1.35501 1.42956 1.31397 2.14448
threshold=1.5000000000000002 0.16761940334401168 -0.51868131868131828 0.66659847376831338 1.1736343809363914 0.34062261268143629 4.5000000000000009 22.500000000000004 2.3987254052857687 1.1550480769230773 0.94749858677218779 0.057614456276032323 1.2137002341920378 0.69208407871198585
decision_type=2 2 2 2 2 2 2 2 2 2 2 2 2 2
left_child=-1 2 -2 -4 5 -5 7 9 -9 10 11 -7 13 -6
right_child=1 -3 3 4 12 6 -8 8 -10 -11 -12 -13 -14 -15
leaf_value=-0.040682404043369924 -0.032351090468568218 0.039346177173706393 -0.049948111796817941 0.049402441910669205 -0.028244803629416993 -0.010122497846568615 -0.027395238643128109 -0.056343607691094082 0.012484028176546794 -0.0030548572592269171 0.039815051713866428 0.036548481199765295 -0.031549423776431454 0.026308562432820794
leaf_weight=31.850315807620063 1.9466639384627331 12.840185578912495 2.041616288945078 3.6255077999085179 2.7965087844058854 3.3281625341624084 2.6784865483641616 1.8231097776442755 12.359399286098776 3.6777269300073376 16.199119560420513 3.2362244017422199 3.0985350757837296 5.0626709498465061
leaf_count=3034 10 289 20 33 27 19 18 17 114 36 114 35 31 43
internal_value=-0.00115808 0.015691 0.010782 0.0121832 0.0143745 0.0186591 0.0160851 0.0189519 0.00363649 0.0271668 0.0320495 0.0128862 -0.00397457 0.006897
internal_weight=106.564 74.7139 61.8737 59.9271 57.8855 46.9277 43.3022 40.6237 14.1825 26.4412 22.7635 6.56439 10.9577 7.85918
internal_count=3840 806 517 507 487 386 353 335 131 204 168 54 101 70
is_linear=0
shrinkage=0.05


Tree=257
num_leaves=15
num_cat=0
split_feature=13 12 12 2 2 11 12 11 11 4 4 3 15 0
split_gain=20.8492 5.97178 2.03785 2.35475 2.02957 1.82239 1.69368 1.53334 1.30491 1.2932 2.19137 1.43688 1.77142 1.64269
threshold=3.5000000000000004 23.853941230049966 4.0107230299955727 1.4477586136961855 0.85039384551116426 0.091371893954874342 1.9575858704760456 -0.016163316564473281 -0.0019710909896554769 -0.045830699536452225 0.039704833244158945 1.9023064687168614 1.6026315789473686 8.5000000000000018
decision_type=2 2 2 2 2 2 2 2 2 2 2 2 2 2
left_child=1 2 3 6 -2 7 -1 -4 -9 -10 -11 12 13 -12
right_child=4 -3 5 -5 -6 -7 -8 8 9 10 11 -13 -14 -15
leaf_value=0.040098221388748079 0.025609277261265769 0.042357219287678979 -0.0058297005320707852 -0.03551083024291074 -0.038835949914260808 -0.02436422529209787 -0.013052709648706385 0.040559214891380341 -0.011464497207833574 0.061717119727606212 0.01264718714047567 0.029911972623204969 0.031830523637926059 -0.031359214275843865
leaf_weight=2.5542413033544999 1.2740222364664102 13.948743760585783 8.0097670145332795 5.7667648303322494 29.744335301686078 3.4018021598458281 3.6273140013217926 5.5977277169004003 4.1989844441413835 2.6227818932384421 4.097512964159252 7.7291960697621098 3.5740836989134541 4.3954460714012384
leaf_count=32 10 480 92 328 2486 22 54 74 31 19 32 103 30 47
internal_value=-0.00210122 0.0131071 0.00576566 -0.0125297 -0.036189 0.0107762 0.00890945 0.013748 0.0186156 0.0140009 0.0187705 0.0130805 0.00229959 -0.0101279
internal_weight=100.543 69.5244 55.5756 11.9483 31.0184 43.6273 6.18156 40.2255 32.2157 26.618 22.419 19.7962 12.067 8.49296
internal_count=3840 1344 864 414 2496 450 86 428 336 262 231 212 109 79
is_linear=0
shrinkage=0.05


Tree=258
num_leaves=15
num_cat=0
split_feature=0 0 12 11 16 4 0 5 5 13 0 1 12 7
split_gain=7.78643 8.03546 3.2005 3.1302 3.14967 2.6795 2.72263 2.35532 2.30219 2.95548 4.2594 3.69003 3.63552 2.91276
threshold=6.5000000000000009 12.500000000000002 7.2321562864754343 0.11400737744892402 6.5000000000000009 0.056669794354523483 10.500000000000002 0.746534376498588 0.66659847376831338 13.500000000000002 10.500000000000002 34.500000000000007 2.1538808279882957 1.0241841491841495
decision_type=2 2 2 2 2 2 2 2 2 2 2 2 2 2
left_child=-1 2 3 4 5 8 7 -7 -2 10 -10 13 -11 -12
right_child=1 -3 -4 -5 -6 6 -8 -9 9 12 11 -13 -14 -15
leaf_value=-0.040666952778709686 0.03103831914089902 -0.041179108821698798 -0.022608921062751766 -0.040504726947680397 -0.040895591859944125 0.012282729521657241 0.018336964667452434 -0.032184312790404533 0.027287268755845737 0.063842584601723304 -0.021921183024775453 0.063841090075084039 -0.01063101034178747 0.023966318401669046
leaf_weight=10.310459790751336 19.120005436241627 9.0834437776356918 8.3202191740274412 3.0634828326292327 2.8916598577052346 4.4140229225158718 8.5275040445849282 9.1530242105945927 37.939274180680513 1.7907275473698998 12.337667220272129 1.9314346220344294 19.303525447845459 4.8051119670271865
leaf_count=963 193 810 409 186 141 43 99 150 353 18 162 12 267 34
internal_value=0.00129442 0.00432664 0.00742063 0.00941502 0.0106663 0.0119159 -0.0038018 -0.017717 0.0154877 0.011681 0.017597 -0.00167716 -0.00430882 -0.00905894
internal_weight=152.992 142.681 133.598 125.277 122.214 119.322 22.0946 13.567 97.2277 78.1077 57.0135 19.0742 21.0943 17.1428
internal_count=3840 2877 2067 1658 1472 1331 292 193 1039 846 561 208 285 196
is_linear=0
shrinkage=0.05


Tree=259
num_leaves=15
num_cat=0
split_feature=16 16 0 7 15 13 10 17 11 2 19 18 17 2
split_gain=24.2775 3.06356 1.54872 1.9782 3.14177 2.57087 2.17783 2.03341 1.96159 1.43359 1.3713 1.31496 1.3069 1.29615
threshold=1.0000000180025095e-35 8.5000000000000018 11.500000000000002 1.0241841491841495 0.53066332916145187 5.5000000000000009 1.5000000000000002 0.21825396825396828 0.0016582716042190528 1.7356503737165674 1.0000000180025095e-35 1.2009615384615386 0.20942982456140355 2.5166873905328733
decision_type=2 2 2 2 2 2 2 2 2 2 2 2 2 2
left_child=-1 2 3 4 10 7 13 -6 -5 -10 -2 12 -4 -7
right_child=1 -3 11 8 5 6 -8 -9 9 -11 -12 -13 -14 -15
leaf_value=-0.036949458862738309 -0.055538728927038018 0.039574305701951487 0.052929199057421474 0.038614463456818029 -0.048621961659871253 0.014530359191308337 -0.018157571804151569 0.0037455642051108049 -0.017599169159013835 0.023157059725523062 -0.011504527830594797 -0.0049123134837257944 0.020020161903898801 0.045510255021590625
leaf_weight=33.098460886161774 3.0735215190798035 9.9309556707739812 3.9248969256877961 7.6927737053483751 3.2944566067308214 15.417599178850656 4.2461451198905698 4.2387182973325253 4.0870148837566358 4.5704876706004143 4.1625471021980047 3.7983530610799781 13.039515893906353 4.3229229263961306
leaf_count=3018 20 192 23 55 26 153 31 27 25 37 27 37 137 32
internal_value=-0.000572702 0.0134601 0.0100419 0.0056569 -0.000496267 0.00632473 0.0143272 -0.0191561 0.0202421 0.00391695 -0.0302081 0.02168 0.027634 0.0213146
internal_weight=118.898 85.7999 75.869 55.1062 38.7559 31.5198 23.9867 7.53317 16.3503 8.6575 7.23607 20.7628 16.9644 19.7405
internal_count=3840 822 630 433 316 269 216 53 117 62 47 197 160 185
is_linear=0
shrinkage=0.05


Tree=260
num_leaves=15
num_cat=0
split_feature=6 6 11 3 13 2 3 13 11 12 5 4 15 0
split_gain=15.3359 3.87674 1.82092 2.323 2.18365 3.22764 3.91335 3.27574 2.06562 2.41501 2.8776 2.22043 2.57921 2.48643
threshold=2.5000000000000004 1.0000000180025095e-35 -0.051033470830031034 0.58570618264322194 4.5000000000000009 2.1107740529011898 1.3954592287312337 2.5000000000000004 0.01845944195660704 1.906708571395874 0.68194381120984726 0.056669794354523483 0.55634920634920648 11.500000000000002
decision_type=2 2 2 2 2 2 2 2 2 2 2 2 2 2
left_child=1 -1 -2 -4 5 7 -7 -5 11 -10 -11 12 -6 -14
right_child=2 -3 3 4 8 6 -8 -9 9 10 -12 -13 13 -15
leaf_value=0.0052771274096720493 0.045867708091623514 -0.040633258454936858 -0.014967878721321838 0.0087120468527098153 0.036762276325516666 0.044547979176551782 -0.019555976615969792 -0.026124282969886916 -0.03542649816020263 -0.038320557834933058 0.015762895186494229 0.045601711344122338 0.012137824866980212 -0.051066531697566121
leaf_weight=5.736657831817868 3.2331592869013539 23.169414848554879 10.226657303981481 13.170214943587782 11.22856313921511 7.1729272222146374 3.5635659750550985 13.838932397309689 3.4363840641453889 2.7863056473433998 20.967550600878894 7.693572310730814 28.214584916830066 1.6468706317245949
leaf_count=48 55 2029 134 152 191 131 38 215 29 17 291 149 350 11
internal_value=0.00135245 -0.0315219 0.00882434 0.00785805 0.00991076 8.10092e-05 0.0232711 -0.00913737 0.0147944 0.00375125 0.00941896 0.0209495 0.0163337 0.00865208
internal_weight=156.085 28.9061 127.179 123.946 113.719 37.7456 10.7365 27.0091 75.9738 27.1902 23.7539 48.7836 41.09 29.8615
internal_count=3840 2077 1763 1708 1574 536 169 367 1038 337 308 701 552 361
is_linear=0
shrinkage=0.05


Tree=261
num_leaves=15
num_cat=0
split_feature=10 11 5 18 16 5 12 4 11 12 12 4 1 1
split_gain=26.5764 3.33222 2.58063 1.61995 1.41644 1.4564 1.8494 1.57626 2.21046 1.46091 1.89841 2.81418 1.63746 1.27457
threshold=1.5000000000000002 0.16761940334401168 0.67330598288245536 0.34062261268143629 4.5000000000000009 1.1736343809363914 2.6494164893940693 -0.0077579565698876534 0.091371893954874342 2.0491780783037838 2.3625395702442265 -0.39999999999999897 8.5000000000000018 24.500000000000004
decision_type=2 2 2 2 2 2 2 2 2 2 2 2 2 2
left_child=-1 2 -2 -4 5 9 -7 -8 -9 -5 12 -12 -11 -13
right_child=1 -3 3 4 -6 6 7 8 -10 10 11 13 -14 -15
leaf_value=-0.040664217215415709 -0.044082494791311759 0.039139608315261705 0.043836054695633522 0.035323633812349577 -0.021806227733044827 -0.042617714683541856 0.037676892646442937 -0.045912286648980803 0.021942047593387824 0.014250782379847808 -0.042476026434503003 0.031527836017079931 -0.037906532417181157 0.008959679596368798
leaf_weight=30.186763281933963 2.1002455893903962 12.072467984631656 3.8133950997143975 8.1113766869530064 3.2645929194986811 2.4590590987354499 2.7285016104578972 2.260394458193332 2.5590615756809711 2.8103584907948962 1.8369297459721483 14.236123567447079 3.2392666079103947 11.161029855720697
leaf_count=3034 21 289 37 72 22 18 19 41 16 16 11 115 24 105
internal_value=-0.00123156 0.0151525 0.0103723 0.012328 0.0101301 0.0121584 -0.0049592 0.00730961 -0.00988261 0.0162964 0.0116594 0.0172875 -0.0136768 0.02161
internal_weight=102.84 72.6528 60.5803 58.4801 54.6667 51.4021 10.007 7.54796 4.81946 41.3951 33.2837 27.2341 6.04963 25.3972
internal_count=3840 806 517 496 459 437 94 76 57 343 271 231 40 220
is_linear=0
shrinkage=0.05


Tree=262
num_leaves=15
num_cat=0
split_feature=13 12 2 1 12 3 6 3 0 4 1 15 1 3
split_gain=19.3919 5.69989 1.97421 1.89954 2.19522 1.47573 2.97461 3.44599 1.42259 2.83033 2.47941 1.6796 1.55305 1.64599
threshold=3.5000000000000004 23.853941230049966 0.85039384551116426 38.500000000000007 4.8045639978882413 1.0782781862745101 1.5000000000000002 1.108489096573209 10.500000000000002 0.23714251381879406 26.500000000000004 0.89417693169092949 8.5000000000000018 1.8386217948717951
decision_type=2 2 2 2 2 2 2 2 2 2 2 2 2 2
left_child=1 3 -2 4 5 -1 -7 -8 12 11 -11 -10 -6 -14
right_child=2 -3 -4 -5 8 6 7 -9 9 10 -12 -13 13 -15
leaf_value=-0.022587343231921006 0.024641980733741266 0.042300119433627451 -0.038715163811076682 -0.047491660249720513 0.059243355688601451 0.044414762274348152 0.10414109661018084 -0.042523813381778783 0.040492532404523524 -0.0014793816855481474 -0.062588173898779673 -0.0084157123427548129 0.0046732672819074766 0.035361658777192155
leaf_weight=8.5730633875355107 1.2855269387364412 13.052672339603303 28.231393679976463 1.6392020783387113 2.5220870934426811 3.1082415599375954 0.46215156838297877 3.002164960373193 5.4358032643795031 7.0155452806502563 2.1743527259677649 2.5927011035382748 10.575990794226529 7.4453606624156228
leaf_count=263 10 480 2486 22 25 36 10 138 60 79 14 20 78 119
internal_value=-0.00214388 0.0126199 -0.0359558 0.00551767 0.00716003 -0.00892175 0.00890327 -0.0229582 0.0136101 0.00300972 -0.0159379 0.0246983 0.0224949 0.0173519
internal_weight=97.1163 67.5993 29.5169 54.5467 52.9075 15.1456 6.57256 3.46432 37.7618 17.2184 9.1899 8.0285 20.5434 18.0214
internal_count=3840 1344 2496 864 842 447 184 148 395 173 93 80 222 197
is_linear=0
shrinkage=0.05


Tree=263
num_leaves=15
num_cat=0
split_feature=0 0 5 17 5 13 0 2 11 3 0 18 18 7
split_gain=7.3061 7.5255 2.93533 2.5702 3.18998 2.8189 2.21246 4.88311 2.76313 2.80855 2.73922 2.78537 3.65512 2.49476
threshold=6.5000000000000009 12.500000000000002 0.87454355411967166 0.11437908496732027 0.63943244029381485 30.500000000000004 8.5000000000000018 2.3489364618986874 0.072438221252411714 1.6857651912978247 9.5000000000000018 1.7803308823529413 1.8765243902439026 0.32769886363636369
decision_type=2 2 2 2 2 2 2 2 2 2 2 2 2 2
left_child=-1 2 3 5 -5 -2 -4 8 9 10 -8 13 -13 -12
right_child=1 -3 6 4 -6 -7 7 -9 -10 -11 11 12 -14 -15
leaf_value=-0.040643874504715134 0.02255520368271538 -0.041164122571114646 -0.015860006279111449 0.028181756085679629 -0.030211608236896864 -0.023458731373815558 0.039731793545438647 -0.032716805482500708 -0.041512853598710493 -0.039630978537459081 -0.042673073351005592 0.11267605975008428 0.014504788911317127 0.0087112490435454579
leaf_weight=9.74046937888488 48.747798993717879 8.6006873431615514 16.667755882255733 3.7453603185713273 6.2279889900237322 3.5723555926233521 10.136212293989955 7.3465637047775081 2.350023270584642 2.2934246896766117 2.6311253523454132 1.4176128627732385 2.8629992865025997 23.106511996593326
leaf_count=963 591 810 371 14 110 52 98 175 85 198 88 10 39 236
internal_value=0.00122465 0.00414376 0.00711601 0.0149792 -0.00828275 0.0194134 -2.28366e-06 0.00506657 0.0112628 0.0141846 0.0172583 0.00966967 0.0470162 0.0034583
internal_weight=149.447 139.706 131.106 62.2935 9.97335 52.3202 68.8122 52.1445 44.7979 42.4479 40.1545 30.0182 4.28061 25.7376
internal_count=3840 2877 2067 767 124 643 1300 929 754 669 471 373 49 324
is_linear=0
shrinkage=0.05


Tree=264
num_leaves=15
num_cat=0
split_feature=16 16 0 7 15 13 10 17 11 12 15 6 15 18
split_gain=22.694 2.89879 1.40613 1.87794 2.89888 2.34383 2.00411 1.92478 1.85898 1.36805 1.27901 1.67563 1.8505 1.8457
threshold=1.0000000180025095e-35 8.5000000000000018 11.500000000000002 1.0241841491841495 0.53066332916145187 5.5000000000000009 1.5000000000000002 0.21825396825396828 0.0016582716042190528 3.4167031917932515 0.84815546772068517 2.5000000000000004 1.3514705882352944 1.0301697998787145
decision_type=2 2 2 2 2 2 2 2 2 2 2 2 2 2
left_child=-1 2 3 4 -2 7 10 -6 -5 -10 -7 13 -13 -12
right_child=1 -3 -4 8 5 6 -8 -9 9 -11 11 12 -14 -15
leaf_value=-0.036735184214530169 -0.02908021005539866 0.039294206485859025 0.020964609109216985 0.03800894174801249 -0.047644525507310513 0.03848153267130025 -0.017514484776571557 0.0037816829332539118 0.026181924187661798 -0.014100613356613723 0.047983506031374169 -0.027268649280292115 0.027407548802582095 -0.011255814559088547
leaf_weight=31.457161176484078 7.1888263598084441 9.3546088058501464 20.379619304090738 7.5304382797330645 3.1928623542189625 6.6226943675428691 4.1811656635254613 4.2300736643373966 3.8132889457046968 4.7122913952916861 4.3281080499291402 4.0285620465874672 2.5127295553684235 1.8886235430836675
leaf_count=3018 47 192 197 55 26 66 31 27 29 33 64 32 13 10
internal_value=-0.000513412 0.0130571 0.00976747 0.00555957 -0.000474768 0.00616202 0.0138807 -0.0183385 0.0199064 0.00391681 0.0206538 0.0113994 -0.00626569 0.0299868
internal_weight=115.421 83.9639 74.6093 54.2297 38.1736 30.9848 23.5619 7.42294 16.056 8.52558 19.3807 12.758 6.54129 6.21673
internal_count=3840 822 630 433 316 269 216 53 117 62 185 119 45 74
is_linear=0
shrinkage=0.05


Tree=265
num_leaves=15
num_cat=0
split_feature=6 6 11 3 13 2 3 13 18 14 12 11 11 12
split_gain=14.3544 3.73635 1.7139 2.1436 2.02364 2.96851 3.63253 3.12397 3.6603 2.04127 1.9991 1.98382 1.91614 2.1972
threshold=2.5000000000000004 1.0000000180025095e-35 -0.051033470830031034 0.58570618264322194 4.5000000000000009 2.1107740529011898 1.3954592287312337 1.5000000000000002 2.4765625000000004 1.5000000000000002 12.59288927518026 -1.0000000180025095e-35 0.01845944195660704 1.906708571395874
decision_type=2 2 2 2 2 2 2 2 2 2 2 2 2 2
left_child=1 -1 -2 -4 5 7 -7 -5 9 -9 -10 -11 -6 -14
right_child=2 -3 3 4 12 6 -8 8 10 11 -12 -13 13 -15
leaf_value=0.0050076535959749022 0.045052512346027342 -0.040618913196271436 -0.014441079657208462 0.026152702424534921 0.020404848671280763 0.043673599282505748 -0.018652349993326479 0.0016169523291433314 0.044505657255566142 -0.012241046920961228 -0.027791404463565969 -0.053412011359605528 -0.033783186619126777 0.0091704446474855112
leaf_weight=5.6440178193151977 3.1464770240709177 21.886789815034717 10.050602120347319 5.1614246629178551 47.841904418542981 6.9377578338608128 3.5259686671197414 4.3505730694159928 3.1684793382883063 4.6525152726098939 1.3694263272918759 7.8841040180995998 3.4100068164989379 23.457873003557324
leaf_count=48 55 2029 134 60 701 131 38 66 35 61 58 87 29 308
internal_value=0.00141739 -0.0312651 0.00861807 0.00767693 0.00966601 0.000111972 0.0226716 -0.00876687 -0.0171792 -0.0278923 0.0226882 -0.0381329 0.0144041 0.00371887
internal_weight=152.488 27.5308 124.957 121.811 111.76 37.0502 10.4637 26.5865 21.4251 16.8872 4.53791 12.5366 74.7098 26.8679
internal_count=3840 2077 1763 1708 1574 536 169 367 307 214 93 148 1038 337
is_linear=0
shrinkage=0.05


Tree=266
num_leaves=15
num_cat=0
split_feature=10 11 10 5 11 1 12 2 11 14 5 6 4 4
split_gain=24.8231 3.21622 1.43923 3.34817 2.09409 1.58248 1.99679 1.74028 2.45442 1.61848 1.59513 1.43029 1.15434 0.923241
threshold=1.5000000000000002 0.16761940334401168 2.5000000000000004 0.66659847376831338 0.047880829527813397 9.5000000000000018 4.4216367364106945 2.0285468124787949 0.12920411876812046 3.5000000000000004 0.89001077026568154 2.5000000000000004 -0.010148135148135133 -0.071287964004499396
decision_type=2 2 2 2 2 2 2 2 2 2 2 2 2 2
left_child=-1 2 4 -4 -2 6 13 9 10 11 -9 -7 -11 -5
right_child=1 -3 3 5 -6 7 -8 8 -10 12 -12 -13 -14 -15
leaf_value=-0.040646019055223831 -0.0022405990708089765 0.038931877386258106 -0.069144769115306301 0.038082604458090662 0.035017129324997183 0.014879072918302254 -0.014141270203454674 0.0034661860425766557 0.022916057006789222 0.035574923641888558 -0.045994861003037332 -0.045190432936829325 -0.0017649106497788351 0.011507458473800525
leaf_weight=28.568496368825436 5.7231559995561865 11.373450249433516 1.4691427284851659 8.443696778267622 11.058965463191269 1.9722355855628877 3.5748764816671601 2.3565554777160269 2.9542451351881027 6.095491742715236 5.2876864452846348 1.9917041757144032 3.1339859166182595 5.3318878561258325
leaf_count=3034 38 289 16 70 99 19 20 25 29 50 49 24 41 37
internal_value=-0.00130751 0.0145733 0.00990887 0.00502431 0.0223112 0.0076728 0.0191558 -0.000701246 -0.0157889 0.0114189 -0.0307471 -0.0153032 0.0228957 0.0277966
internal_weight=99.3356 70.7671 59.3936 42.6115 16.7821 41.1424 17.3505 23.7919 10.5985 13.1934 7.64424 3.96394 9.22948 13.7756
internal_count=3840 806 517 380 137 364 127 237 103 134 74 43 91 107
is_linear=0
shrinkage=0.05


Tree=267
num_leaves=15
num_cat=0
split_feature=13 12 2 5 2 12 0 18 18 18 19 13 7 5
split_gain=18.0345 5.43949 1.92915 1.83315 1.80322 2.38376 1.78726 2.97781 2.31314 2.05434 1.67064 1.56803 1.72472 1.75452
threshold=3.5000000000000004 23.853941230049966 0.85039384551116426 0.95776068230679401 1.4920857255764577 4.0566842265680352 10.500000000000002 1.8350340136054424 1.5478940217391306 1.7165178571428574 1.5000000000000002 1.5000000000000002 0.62602459016393452 1.3176593409003867
decision_type=2 2 2 2 2 2 2 2 2 2 2 2 2 2
left_child=1 3 -2 -1 10 -6 8 -8 -7 -10 11 -5 -13 -14
right_child=2 -3 -4 4 5 6 7 -9 9 -11 -12 12 13 -15
leaf_value=-0.042279648045305346 0.023948460117305965 0.042262608250411809 -0.038586405870390972 0.03314611023404939 -0.034226024106611436 -0.00565893809075943 0.011157330458814157 -0.041056638408165182 0.079387312978091054 0.020445558665808064 0.052480253597628937 -0.025835261095434877 -0.010630438350331679 0.036760238187442708
leaf_weight=1.9506848012097169 1.2928385585546518 12.231315897777675 26.769516357686371 6.0809016125276747 4.5009326767176416 6.4930258747190264 6.8315428383648378 4.548855266533792 1.9299359396100024 6.3172866255044937 3.0743057597428551 3.7991546746343356 3.5856558056548238 4.2894437406212091
leaf_count=76 10 480 2486 83 270 52 76 39 15 58 39 44 43 69
internal_value=-0.00215777 0.012186 -0.0357054 0.00529716 0.00710096 -0.000619129 0.00517178 -0.0097131 0.0166638 0.0342385 0.0184503 0.012558 0.0018341 0.0151825
internal_weight=93.6954 65.633 28.0624 53.4017 51.451 30.6216 26.1206 11.3804 14.7402 8.24722 20.8295 17.7552 11.6743 7.8751
internal_count=3840 1344 2496 864 788 510 240 115 125 73 278 239 156 112
is_linear=0
shrinkage=0.05


Tree=268
num_leaves=15
num_cat=0
split_feature=0 0 12 11 16 13 11 6 2 3 1 17 1 15
split_gain=6.86309 7.04996 2.74478 2.7268 2.74198 2.35385 2.26825 2.21016 3.27868 2.83302 2.82516 3.23051 2.6615 2.68279
threshold=6.5000000000000009 12.500000000000002 7.2321562864754343 0.11400737744892402 6.5000000000000009 1.5000000000000002 -0.0012086454641352382 2.5000000000000004 1.7187187333386496 1.1609126984126987 8.5000000000000018 0.11437908496732027 35.500000000000007 0.55634920634920648
decision_type=2 2 2 2 2 2 2 2 2 2 2 2 2 2
left_child=-1 2 3 4 5 6 -2 10 9 -9 -7 -12 13 -10
right_child=1 -3 -4 -5 -6 7 -8 8 12 -11 11 -13 -14 -15
leaf_value=-0.040623449165125509 0.029410978690677204 -0.041143316770747729 -0.021775825049170802 -0.040466273250918006 -0.040830580731739979 0.00083656049880004725 -0.046182840626978514 0.025716381759306635 -0.030074784398067017 -0.019801403935779813 0.035074587803155248 0.0040829052993835357 -0.044836904660074492 0.0086792965404661315
leaf_weight=9.1902717743068916 1.4170542536303399 8.129573949845506 7.8530274452641597 2.7523997961543492 2.6070182472467414 14.938912175595759 3.3108933223411432 21.377578893676404 5.7980394717305961 4.0691161453723899 29.424363212659955 11.772829461842774 3.8540317658334962 19.434141262434423
leaf_count=963 19 810 409 186 141 131 37 166 90 57 370 92 97 272
internal_value=0.00120202 0.00401312 0.00686752 0.00873025 0.00987775 0.0110233 -0.023526 0.0124993 0.0053303 0.0184377 0.0194636 0.0262182 -0.00613703 -0.000225906
internal_weight=145.929 136.739 128.609 120.756 118.004 115.397 4.72795 110.669 54.5329 25.4467 56.1361 41.1972 29.0862 25.2322
internal_count=3840 2877 2067 1658 1472 1331 56 1275 682 223 593 462 459 362
is_linear=0
shrinkage=0.05


Tree=269
num_leaves=15
num_cat=0
split_feature=16 16 0 7 15 13 10 17 11 2 19 2 4 18
split_gain=21.0995 2.78444 1.30372 1.738 2.66302 2.15366 1.86521 1.81452 1.74453 1.3022 1.25866 1.25305 1.2786 1.19376
threshold=1.0000000180025095e-35 8.5000000000000018 11.500000000000002 1.0241841491841495 0.53066332916145187 5.5000000000000009 1.5000000000000002 0.21825396825396828 0.0016582716042190528 1.7356503737165674 1.0000000180025095e-35 2.5166873905328733 -0.10726190476190463 1.2009615384615386
decision_type=2 2 2 2 2 2 2 2 2 2 2 2 2 2
left_child=-1 2 3 4 10 7 11 -6 -5 -10 -2 12 -7 -4
right_child=1 -3 13 8 5 6 -8 -9 9 -11 -12 -13 -14 -15
leaf_value=-0.036508230430093595 -0.052467880562041061 0.039012153648238887 0.026079652912500442 0.037002507207558759 -0.046776094669556706 0.041750323389915321 -0.017052938501244268 0.0036342916471293896 -0.017129100782217851 0.022416980414730413 -0.010022763276816161 0.044273121689242051 0.0055831841164767351 -0.0051582641448993712
leaf_weight=29.877282794797793 3.035431131720542 8.8761714436113817 16.298030743375424 7.3434073291718951 3.101716015487912 3.0956598538905409 4.1262608412653199 4.2053518928587437 3.9735143743455392 4.3722127042710781 4.1135620605200529 4.1635240819305173 11.603037033230068 3.7648845966905347
leaf_count=3018 20 192 160 55 26 39 31 27 25 37 27 32 114 37
internal_value=-0.000531384 0.0125654 0.00935836 0.00525793 -0.000595562 0.00588177 0.0133978 -0.017764 0.0192282 0.00358855 -0.0280448 0.0200591 0.0132003 0.0202177
internal_weight=111.95 82.0728 73.1966 53.1337 37.4445 30.2955 22.9885 7.30707 15.6891 8.34573 7.14899 18.8622 14.6987 20.0629
internal_count=3840 822 630 433 316 269 216 53 117 62 47 185 153 197
is_linear=0
shrinkage=0.05


Tree=270
num_leaves=15
num_cat=0
split_feature=6 6 7 4 11 12 18 18 4 0 2 2 3 11
split_gain=13.3013 3.6159 1.6293 1.67454 2.2522 1.65221 1.96311 1.93311 2.51413 3.06124 2.20897 3.69147 2.41659 2.11469
threshold=2.5000000000000004 1.0000000180025095e-35 1.9926470588235297 -0.13987263194429531 -0.044328002070712073 2.9181079542659387 1.691964285714286 1.1645833333333335 0.025686136523575261 10.500000000000002 2.0160511266724401 1.9439220748654937 0.59889870346500884 0.01845944195660704
decision_type=2 2 2 2 2 2 2 2 2 2 2 2 2 2
left_child=1 -1 3 -2 -5 6 7 10 9 13 11 -6 -12 -9
right_child=2 -3 -4 4 5 -7 -8 8 -10 -11 12 -13 -14 -15
leaf_value=0.0047790416506475822 -0.0067899044975940591 -0.040607523869083249 -0.038434439815015292 0.048393349026179977 0.020027525910025365 0.00462178186763688 0.037714704484667086 -0.011836893155455212 0.023695322827296351 0.026932800186496644 -0.024262053040642925 -0.058214490027097381 0.051796064002180543 -0.075691121356942934
leaf_weight=5.5744866542518166 14.745665398426352 20.624166371300817 1.8377873771823932 3.9181235767900935 8.5913522932678514 61.82695049745962 9.343110906891523 2.6360234729945642 4.9884709529578686 2.2184352390468121 1.2218863070011119 1.8283181805163611 7.1884228587150574 2.5517631229013205
leaf_count=48 182 2029 76 69 105 803 195 42 84 46 8 16 117 20
internal_value=0.00139537 -0.0309503 0.00829071 0.00900005 0.0111901 0.00976654 0.0176074 0.0115908 -0.00374322 -0.0222245 0.0216843 0.00629856 0.040746 -0.0432454
internal_weight=149.095 26.1987 122.896 121.059 106.313 102.395 40.5678 31.2247 12.3947 7.40622 18.83 10.4197 8.41031 5.18779
internal_count=3840 2077 1763 1687 1505 1436 633 438 192 108 246 121 125 62
is_linear=0
shrinkage=0.05


Tree=271
num_leaves=15
num_cat=0
split_feature=10 11 10 5 11 1 12 12 11 2 3 7 11 4
split_gain=23.2716 3.06012 1.36543 3.14739 1.96781 1.50962 1.84438 1.65456 1.49905 1.73137 1.39322 1.61949 1.11684 0.902326
threshold=1.5000000000000002 0.16761940334401168 2.5000000000000004 0.66659847376831338 0.047880829527813397 9.5000000000000018 4.4216367364106945 3.2418655294953806 0.12920411876812046 2.0713358281140652 0.62988549618320622 0.70049019607843155 0.11400737744892402 -0.071287964004499396
decision_type=2 2 2 2 2 2 2 2 2 2 2 2 2 2
left_child=-1 2 4 -4 -2 6 13 8 9 -7 -9 -12 -13 -5
right_child=1 -3 3 5 -6 7 -8 10 -10 -11 11 12 -14 -15
leaf_value=-0.04063033221995431 -0.0020721048047624559 0.038714998027860652 -0.068756675643487405 0.037571925198281703 0.034259586893613796 0.0020142877356242811 -0.013339297164395629 0.038039512130196018 0.015042090195613051 -0.045937174017222721 -0.02842614249078353 -0.0038324280900244459 0.039897746672156328 0.010996659417003819
leaf_weight=27.02784601598978 5.6801821803674128 10.68356937356293 1.4060263792052854 8.1657474618405104 10.838265448808668 3.1431594742462057 3.5530108995735636 3.5378570910543194 2.963663537055254 4.6933347978629172 3.0744413863867504 3.1614565318450332 2.7129921708256006 5.2461857795715341
leaf_count=3034 38 289 16 70 99 38 20 27 30 45 39 35 23 37
internal_value=-0.00131345 0.0141186 0.00960171 0.00477815 0.0217662 0.00734677 0.0186914 -0.000918007 -0.0152486 -0.0267042 0.011477 0.000975731 0.0163634 0.0271768
internal_weight=95.8877 68.8599 58.1763 41.6579 16.5184 40.2518 16.9649 23.2869 10.8002 7.83649 12.4867 8.94889 5.87445 13.4119
internal_count=3840 806 517 380 137 364 127 237 113 83 124 97 58 107
is_linear=0
shrinkage=0.05


Tree=272
num_leaves=15
num_cat=0
split_feature=13 12 5 0 1 12 3 6 3 0 4 1 15 1
split_gain=16.7651 5.18792 1.92198 3.41253 1.72892 1.8214 1.39195 2.58378 3.58283 1.27654 2.61458 2.16453 1.57546 1.44261
threshold=3.5000000000000004 23.853941230049966 1.2570494572073074 6.5000000000000009 37.500000000000007 4.8045639978882413 1.0782781862745101 1.5000000000000002 1.0978000956480156 10.500000000000002 0.23714251381879406 26.500000000000004 0.89417693169092949 8.5000000000000018
decision_type=2 2 2 2 2 2 2 2 2 2 2 2 2 2
left_child=1 4 -2 -4 5 6 -1 -8 -9 13 12 -12 -11 -7
right_child=2 -3 3 -5 -6 9 7 8 -10 10 11 -13 -14 -15
leaf_value=-0.021708450022462241 -0.038614590734887183 0.042220379374790576 0.11484387031293548 -0.04343425592777321 -0.041095297268332082 0.058022961779845617 0.042596936505716727 0.11629120250168819 -0.042274404944917875 0.039799970332931624 -0.0019343359931019632 -0.059729100815653302 -0.0083357934167083963 0.016508676989749716
leaf_weight=8.178442925680427 25.248849695548419 11.470686513930557 0.57686758134513982 0.83127804100513458 1.9503995976410795 2.3874795455485609 3.0436390517279497 0.40886681154370341 2.767983965575695 5.2066045105457333 6.8618246186524612 2.120737487450242 2.5238364972174168 16.944670485332608
leaf_count=263 2413 480 26 57 30 25 35 7 139 60 79 14 20 192
internal_value=-0.00213804 0.0117637 -0.035444 0.0214067 0.00509583 0.00688179 -0.00815053 0.00967487 -0.0218667 0.0128867 0.00276681 -0.0155794 0.0240846 0.0216356
internal_weight=90.5222 63.8652 26.657 1.40815 52.3945 50.4441 14.3989 6.22049 3.17685 36.0452 16.713 8.98256 7.73044 19.3322
internal_count=3840 1344 2496 83 864 834 444 181 146 390 173 93 80 217
is_linear=0
shrinkage=0.05


Tree=273
num_leaves=15
num_cat=0
split_feature=0 14 5 15 18 17 7 15 11 1 5 7 13 0
split_gain=6.45219 6.62339 2.60681 2.42034 3.27886 3.54155 3.10094 3.65813 2.9012 2.85496 2.83656 2.06979 2.0143 2.0065
threshold=6.5000000000000009 1.5000000000000002 0.87454355411967166 0.66915422885572151 2.4765625000000004 0.11882352941176472 0.34668803418803423 1.5303308823529413 0.050049704152755621 14.500000000000002 0.66659847376831338 0.075657894736842118 17.500000000000004 7.5000000000000009
decision_type=2 2 2 2 2 2 2 2 2 2 2 2 2 2
left_child=-1 -2 3 9 5 6 7 11 -8 -3 -10 -5 -7 -4
right_child=1 2 13 4 -6 12 8 -9 10 -11 -12 -13 -14 -15
leaf_value=-0.040606427898986885 -0.041134716336136995 -0.0075630842652706313 -0.02895190552492817 -0.046014439020462337 -0.043592161368341389 -0.053238508402087686 0.034248687355587941 0.051235680930370703 0.049937952210545845 0.041154137268322455 -0.049765277310929418 0.0032566987444701658 0.01116243507162005 0.0024277728465503952
leaf_weight=8.6829989450052363 7.7028143405914298 3.8922351384535459 5.5619240198284379 4.0249699959531409 2.890883980318903 3.0392631879076353 20.607853943482045 2.2894519846886388 1.0661869486793869 13.226945574395357 2.1557352067902684 4.5308397877961397 2.0219108071178198 60.586568388156593
leaf_count=963 810 59 193 58 36 39 265 18 14 155 43 53 27 1107
internal_value=0.00115882 0.0038733 0.0066271 0.0141976 0.00782011 0.0115604 0.0172633 -0.00490071 0.0273504 0.0300777 -0.0167718 -0.0199223 -0.0275107 -0.000210706
internal_weight=142.281 133.598 125.895 59.7463 42.6271 39.7362 34.675 10.8453 23.8298 17.1192 3.22192 8.55581 5.06117 66.1485
internal_count=3840 2877 2067 767 553 517 451 129 322 214 57 111 66 1300
is_linear=0
shrinkage=0.05


Tree=274
num_leaves=15
num_cat=0
split_feature=16 16 11 2 15 4 15 7 18 2 15 17 6 4
split_gain=19.6276 2.64988 1.20999 1.14495 1.12234 2.26976 1.71556 2.75947 2.62357 2.56689 2.45817 3.00096 3.96564 2.04692
threshold=1.0000000180025095e-35 8.5000000000000018 0.12920411876812046 2.7816611859785825 1.5505050505050508 0.13283746597230492 0.26365441906653431 0.91700268817204311 0.72792207792207808 1.7356503737165674 0.40967365967365971 0.18898809523809526 2.5000000000000004 -0.06532825387024245
decision_type=2 2 2 2 2 2 2 2 2 2 2 2 2 2
left_child=-1 2 3 4 5 6 -2 10 9 -9 -8 -12 -13 -14
right_child=1 -3 -4 -5 -6 -7 7 8 -10 -11 11 12 13 -15
leaf_value=-0.036267268833839753 0.022389919194639722 0.038739920791158892 -0.025443963864116455 0.042115317038286748 0.026993154615942566 -0.034120576644583935 -0.042059011489361239 -0.034972345691912508 0.043347032404934281 0.030138241530239109 -0.026194935290691952 0.039508242620579045 0.020177196574563579 -0.032287934284784769
leaf_weight=28.342368368059397 16.722917482256889 8.377807103097437 2.4585945736616841 2.7086946107447138 7.6380938887596121 3.2308986168354741 4.0123315155506161 2.9711408521980029 6.8649447988718748 3.0858828462660313 7.1676485911011723 7.323075093328951 3.0574744381010532 4.7431452739983797
leaf_count=3018 156 192 26 28 63 31 30 16 49 39 49 90 19 34
internal_value=-0.000491573 0.0121258 0.0090284 0.0102474 0.00895554 0.00662748 0.00898059 0.00326384 0.0221847 -0.00180034 -0.00603125 0.000453568 0.0130832 -0.0117241
internal_weight=108.705 80.3626 71.9848 69.5262 66.8176 59.1795 55.9486 39.2256 12.922 6.05702 26.3037 22.2913 15.1237 7.80062
internal_count=3840 822 630 604 576 513 482 326 104 55 222 192 143 53
is_linear=0
shrinkage=0.05


Tree=275
num_leaves=15
num_cat=0
split_feature=6 1 17 6 7 11 3 7 15 15 2 11 16 0
split_gain=12.3559 3.52743 1.85783 1.83153 1.53199 2.11014 2.10622 1.98153 2.18437 2.24747 2.45822 2.19657 2.48017 2.13891
threshold=2.5000000000000004 4.5000000000000009 0.26969696969696971 1.0000000180025095e-35 0.66599462365591411 -0.051033470830031034 0.58570618264322194 0.099050632911392419 1.9045454545454548 1.5303308823529413 2.6258748653658515 0.00060628883768765196 3.5000000000000004 10.500000000000002
decision_type=2 2 2 2 2 2 2 2 2 2 2 2 2 2
left_child=1 2 3 -1 5 -2 -7 8 9 10 11 12 -8 -9
right_child=4 -3 -4 -5 -6 6 7 13 -10 -11 -12 -13 -14 -15
leaf_value=0.026575244042455638 0.056673853920690347 -0.042187227016840953 -0.060514816297902944 -0.040673680218897251 -0.0023570816601801007 -0.012654998708238763 0.037086973307163193 0.012649848512206028 0.065312646702120433 -0.02897822214070991 -0.034127672846006263 0.0018098548309781375 -0.027346852385552067 0.038358403253167167
leaf_weight=4.4403948038816479 2.4663306744769207 18.142945284722373 1.0698129977099595 1.3115212593693284 27.668214043136686 9.3646220676600915 10.656429531984029 25.188655629754066 1.4634472057223309 4.8184620086103669 3.2769336812198153 22.340390737168491 1.736875608563422 11.918796582147477
leaf_count=44 44 1879 41 113 395 122 211 348 23 49 40 306 13 212
internal_value=0.00136193 -0.0306625 -1.16331e-05 0.0112415 0.00797471 0.0110409 0.00980091 0.0123843 0.00524392 0.0031914 0.00726942 0.011175 0.0280568 0.0209074
internal_weight=145.864 24.9647 6.82173 5.75192 120.899 93.2309 90.7646 81.4 44.2925 42.8291 38.0106 34.7337 12.3933 37.1075
internal_count=3840 2077 198 157 1763 1368 1324 1202 642 619 570 530 224 560
is_linear=0
shrinkage=0.05


Tree=276
num_leaves=15
num_cat=0
split_feature=10 11 10 1 5 2 12 11 12 11 2 3 7 4
split_gain=21.822 2.91995 1.25885 2.10004 2.30762 1.83268 3.58996 1.81575 1.52279 1.38059 1.61377 1.27909 1.48757 1.15393
threshold=1.5000000000000002 0.16761940334401168 2.5000000000000004 9.5000000000000018 0.66659847376831338 2.2780208646550419 4.2574572361331731 0.047880829527813397 3.2418655294953806 0.12920411876812046 2.0713358281140652 0.62988549618320622 0.70049019607843155 -0.071287964004499396
decision_type=2 2 2 2 2 2 2 2 2 2 2 2 2 2
left_child=-1 2 7 5 -5 6 13 -2 9 10 -6 -10 -13 -4
right_child=1 -3 3 4 8 -7 -8 -9 11 -11 -12 12 -14 -15
leaf_value=-0.040615767447301859 -0.0018972195290488702 0.03847152376390775 0.035541231940420658 -0.068602355633330003 0.0017475840546587514 0.050030793748497671 -0.043448022608980161 0.033276845263574904 0.036699134163234219 0.014353225840505347 -0.044975473524561015 -0.027611241669375876 0.015751084506226535 0.0013603096518031983
leaf_weight=25.599483615951613 5.6212171856313971 10.07190362177789 6.4980353713035583 1.3401960516348506 3.1018251683563012 3.5650039408355942 2.5644196588546029 10.564698567613958 3.4561453480273476 2.9104221425950527 4.572219820227474 3.0217203916981799 5.725327187217772 3.9824583102017659
leaf_count=3034 38 289 55 16 38 25 15 99 27 30 45 39 58 32
internal_value=-0.00134844 0.0136559 0.00926507 0.00457823 -0.00484086 0.0182606 0.00957819 0.0210612 -0.00109089 -0.0149694 -0.0260902 0.0109467 0.000771307 0.0225529
internal_weight=92.5951 66.9956 56.9237 40.7378 24.1279 16.6099 13.0449 16.1859 22.7877 10.5845 7.67404 12.2032 8.74705 10.4805
internal_count=3840 806 517 380 253 127 102 137 237 113 83 124 97 87
is_linear=0
shrinkage=0.05


Tree=277
num_leaves=15
num_cat=0
split_feature=13 12 2 5 2 12 14 18 18 18 19 15 4 4
split_gain=15.6662 4.92733 1.88096 1.67292 1.70975 2.16121 1.60578 2.57871 2.13622 2.63763 1.56161 1.51802 1.31031 1.2847
threshold=3.5000000000000004 23.853941230049966 0.85039384551116426 0.95776068230679401 1.4920857255764577 4.0566842265680352 3.5000000000000004 1.8350340136054424 1.5478940217391306 1.691964285714286 1.5000000000000002 1.3276836158192091 0.51679020664869502 0.091620879120879392
decision_type=2 2 2 2 2 2 2 2 2 2 2 2 2 2
left_child=1 3 -2 -1 10 -6 7 12 13 -10 11 -5 -7 -8
right_child=2 -3 -4 4 5 6 8 -9 9 -11 -12 -13 -14 -15
leaf_value=-0.042208009358068253 0.024000909327905866 0.042163831507291333 -0.03832580051773167 0.0021950557869813169 -0.034039266850741039 0.023588709966777151 -0.028813334620041639 -0.039110957570817798 0.087493927207453775 0.017750230170196928 0.051771592417102663 0.034458965606038984 -0.026207783194974507 0.016369414964801047
leaf_weight=1.8121960088610638 1.2745321094989801 10.775031769648193 24.102773726684973 11.730427776463335 4.2219486781395998 4.848641939461233 3.1375773027539244 4.4563834182918072 1.726996811106799 6.3044257201254368 2.9248918090015641 5.2897091228514901 1.8157481178641317 3.1554502826184034
leaf_count=76 10 480 2486 163 270 62 26 39 14 59 39 76 14 26
internal_value=-0.00208789 0.01142 -0.0351955 0.00497819 0.00670177 -0.000908864 0.00458823 -0.00966722 0.0156554 0.0327472 0.0180222 0.0122224 0.0100214 -0.0061578
internal_weight=87.5767 62.1994 25.3773 51.4244 49.6122 29.6672 25.4452 11.1208 14.3245 8.03142 19.945 17.0201 6.66439 6.29303
internal_count=3840 1344 2496 864 788 510 240 115 125 73 278 239 76 52
is_linear=0
shrinkage=0.05


Tree=278
num_leaves=15
num_cat=0
split_feature=0 14 12 5 13 12 1 13 15 19 1 15 4 12
split_gain=6.07001 6.22962 2.50927 2.62923 3.21131 3.26946 2.92032 3.41833 3.32133 2.74296 2.62956 2.60729 2.48645 2.52724
threshold=6.5000000000000009 1.5000000000000002 4.4923343301018823 0.6101196609334637 13.500000000000002 4.3874685025344169 35.500000000000007 1.5000000000000002 0.55634920634920648 1.5000000000000002 19.500000000000004 0.10912698412698414 -0.0046363169467314993 2.1328858477455106
decision_type=2 2 2 2 2 2 2 2 2 2 2 2 2 2
left_child=-1 -2 3 10 5 6 7 -5 9 11 -3 -9 13 -6
right_child=1 2 -4 4 12 -7 -8 8 -10 -11 -12 -13 -14 -15
leaf_value=-0.04058846064086935 -0.041125141271397214 -0.0091685079106856825 -0.0079429145256948372 -0.044915918399711804 0.057722447107980003 0.076123553739117555 0.044694336740074551 0.028724000866518697 0.019442054056338209 -0.044842099106490618 0.047319158923446486 -0.012981408774805164 -0.032270245633097397 -0.0048886370399624894
leaf_weight=8.1983027462847513 7.2983763648662707 2.7543848184868684 24.418611942790449 2.9662259928882113 1.8327873591333652 1.9723235256969918 5.761508682742714 6.0269424198195365 34.969456589780748 3.7295600017532697 8.1749142073094827 9.9087681369855982 7.6621422460302702 13.360898169688879
leaf_count=963 810 36 624 43 21 12 67 53 473 56 84 156 171 271
internal_value=0.00114702 0.00376219 0.00641403 0.00995093 0.00708418 0.0127274 0.010754 0.00735915 0.0101973 -0.00624213 0.0330832 0.00279173 -0.00904727 0.00266403
internal_weight=139.035 130.837 123.539 99.1199 88.1906 65.3348 63.3625 57.601 54.6347 19.6653 10.9293 15.9357 22.8558 15.1937
internal_count=3840 2877 2067 1443 1323 860 848 781 738 265 120 209 463 292
is_linear=0
shrinkage=0.05


Tree=279
num_leaves=15
num_cat=0
split_feature=16 16 0 7 15 13 10 11 17 15 6 18 15 12
split_gain=18.3049 2.54048 1.21452 1.52247 2.4595 2.00881 1.617 1.61651 1.61397 1.19277 1.3627 1.78676 1.68525 1.17928
threshold=1.0000000180025095e-35 8.5000000000000018 11.500000000000002 1.0241841491841495 0.53066332916145187 5.5000000000000009 1.5000000000000002 0.0016582716042190528 0.21825396825396828 0.84815546772068517 2.5000000000000004 1.0301697998787145 1.3514705882352944 3.4167031917932515
decision_type=2 2 2 2 2 2 2 2 2 2 2 2 2 2
left_child=-1 2 3 4 -2 8 9 -5 -6 -7 11 -11 -12 -9
right_child=1 -3 -4 7 5 6 -8 13 -10 10 12 -13 -14 -15
leaf_value=-0.036028661450359108 -0.027351407411775754 0.038460584473237774 0.019380002188160949 0.035625655324829468 -0.045487382820405965 0.037165107527030027 -0.016019702081593808 0.024304917659359136 0.0027707579032627012 0.047772660816660338 -0.026225381618333127 -0.012631836764999994 0.026548044942820787 -0.014368301025582406
leaf_weight=26.955304443836212 7.0617479365319005 7.9826858118176451 19.327659025788307 6.9948088601231557 2.9969405420124557 6.1646228805184426 3.9459937196224919 3.5304828230291605 4.1068050153553486 3.7641795203089696 3.8935752473771572 1.8143292739987371 2.4739998281002045 4.463252754881978
leaf_count=3018 47 192 197 55 26 66 31 29 27 64 32 10 13 33
internal_value=-0.000478049 0.011726 0.00870054 0.00466995 -0.000875751 0.00553583 0.0129834 0.018072 -0.0175885 0.0193027 0.010085 0.028127 -0.00572127 0.00271197
internal_weight=105.476 78.5211 70.5384 51.2107 36.2222 29.1604 22.0567 14.9885 7.10375 18.1107 11.9461 5.57851 6.36758 7.99374
internal_count=3840 822 630 433 316 269 216 117 53 185 119 74 45 62
is_linear=0
shrinkage=0.05


Tree=280
num_leaves=15
num_cat=0
split_feature=6 1 17 6 7 4 11 1 11 4 12 0 18 15
split_gain=11.5583 3.42019 1.74372 1.71064 1.47353 1.51241 1.3464 1.36834 1.36845 1.61868 1.36136 1.79148 1.77924 2.17199
threshold=2.5000000000000004 4.5000000000000009 0.26969696969696971 1.0000000180025095e-35 1.9926470588235297 -0.20039889829805868 0.19000905873514459 43.500000000000007 -0.03118581763115685 -0.077075501253132436 3.1114184944040972 5.5000000000000009 0.62701612903225812 1.0540935672514622
decision_type=2 2 2 2 2 2 2 2 2 2 2 2 2 2
left_child=1 2 3 -1 5 -2 7 8 9 -7 11 -10 -13 -14
right_child=4 -3 -4 -5 -6 6 -8 -9 10 -11 -12 12 13 -15
leaf_value=0.025817351859442124 -0.01559254655281634 -0.042213279647669938 -0.059824489801357787 -0.040655582502773811 -0.038197574592189788 -0.014400227775231781 -0.040720564556573184 0.051018704350983837 0.043032182491548547 0.038916674653897823 0.0025590440991502469 -0.025060890289190969 0.022126194739857594 -0.0042316807947301843
leaf_weight=4.3567105978727367 6.2228968855924895 17.179764869855717 1.0269444310106335 1.2442662462126461 1.7218716987408687 1.7769702505320308 1.3065063543617714 2.0289052184671155 4.8520848723128429 7.1572678498923761 54.256387248635292 3.1739028934389344 25.246028146706522 11.320591395720838
leaf_count=44 76 1879 41 113 76 23 57 41 124 137 674 24 409 122
internal_value=0.00136131 -0.0304422 6.879e-05 0.0110503 0.00772067 0.00839448 0.0097378 0.0103381 0.00957237 0.0283122 0.00787861 0.014351 0.0108492 0.0139661
internal_weight=142.871 23.8077 6.62792 5.60098 119.063 117.342 111.119 109.812 107.783 8.93424 98.849 44.5926 39.7405 36.5666
internal_count=3840 2077 198 157 1763 1687 1611 1554 1513 160 1353 679 555 531
is_linear=0
shrinkage=0.05


Tree=281
num_leaves=15
num_cat=0
split_feature=10 11 5 18 16 15 12 12 4 11 4 1 5 12
split_gain=20.5205 2.81354 1.73582 1.45335 1.23812 1.35962 2.3688 2.02956 3.78087 1.90194 1.42234 1.40015 1.36089 1.30225
threshold=1.5000000000000002 0.19000905873514459 0.66659847376831338 0.34062261268143629 4.5000000000000009 0.47213622291021679 2.558349149718016 4.3874685025344169 -0.089730317991187955 0.08077455543044694 -0.018844657917505659 32.500000000000007 1.0278398907348172 8.0467141980316281
decision_type=2 2 2 2 2 2 2 2 2 2 2 2 2 2
left_child=-1 2 -2 -4 5 7 9 -5 -9 -7 11 -8 -11 -12
right_child=1 -3 3 4 -6 6 10 8 -10 12 13 -13 -14 -15
leaf_value=-0.040603530556522723 -0.036837893313724293 0.041309776361435992 0.040504317631334441 0.031298027727631475 -0.021824830930323894 -0.044552794265188704 0.0397111374324184 -0.061383407813581793 0.026551265905725444 0.02532585392018016 0.0091413199868233749 0.0018058750790905171 -0.02530192661603356 -0.035489757473191025
leaf_weight=24.2991895286832 1.9623353984206904 7.8381627276539794 3.8850287050008765 13.752902192994954 3.1032692175358525 3.7417750917375106 6.8203543489798886 1.910035192966461 3.3953964798711231 2.8729713931679726 7.8180544939823466 3.7899923678487539 2.4672617968171835 2.0663880240172148
leaf_count=3034 25 247 44 152 22 31 60 9 32 33 68 34 17 32
internal_value=-0.00136757 0.0132051 0.00937971 0.0110102 0.00879551 0.0107493 0.00403855 0.0211638 -0.00510654 -0.0172178 0.0134581 0.0261715 0.00193512 -0.000189011
internal_weight=89.7231 65.4239 57.5858 55.6234 51.7384 48.6351 29.5768 19.0583 5.30543 9.08201 20.4948 10.6103 5.34023 9.88444
internal_count=3840 806 559 534 490 468 275 193 41 81 194 94 50 100
is_linear=0
shrinkage=0.05


Tree=282
num_leaves=15
num_cat=0
split_feature=13 12 5 0 1 5 5 0 17 1 3 10 5 12
split_gain=14.6721 4.69541 1.84208 2.86739 1.58836 1.62861 1.40169 1.50367 2.1304 1.88213 1.46073 1.54133 1.2718 1.78736
threshold=3.5000000000000004 23.853941230049966 1.2570494572073074 6.5000000000000009 37.500000000000007 1.9632013168378839 0.95776068230679401 10.500000000000002 0.36602870813397131 31.500000000000004 0.75930149131348357 3.5000000000000004 1.0127299848420441 4.0107230299955727
decision_type=2 2 2 2 2 2 2 2 2 2 2 2 2 2
left_child=1 4 -2 -4 5 6 -1 8 12 10 -9 -12 -8 -14
right_child=2 -3 3 -5 -6 -7 7 9 -10 -11 11 -13 13 -15
leaf_value=-0.042233078168935324 -0.038351357454840654 0.04212850648019742 0.10057423166790054 -0.043622625058580472 -0.040744422945274236 0.034389725227885207 0.050941978395415491 0.069456685593147174 -0.036852461593426214 -0.065250084770756181 0.0028013363381796967 -0.037042573213685613 -0.029527150485514315 0.020695605088273526
leaf_weight=1.608852274250238 22.825670473044742 10.144708616659043 0.62349418690428027 0.77117808256298304 1.8400652944110323 4.7510721441358319 2.7980406987480881 0.72188827442005887 1.8173584267497052 1.1837617373093952 16.770507287234071 2.8379890806972972 2.0232308884151307 14.24037722032517
leaf_count=71 2413 480 26 57 30 93 54 12 22 13 308 40 71 150
internal_value=-0.00203852 0.0110827 -0.0349429 0.0208412 0.00485754 0.00657868 0.00357581 0.00531429 0.0148731 -0.00396238 -0.000393825 -0.00296538 0.0198047 0.0144478
internal_weight=84.9582 60.7379 24.2203 1.39467 50.5931 48.7531 44.002 42.3932 20.879 21.5141 20.3304 19.6085 19.0616 16.2636
internal_count=3840 1344 2496 83 864 834 741 670 297 373 360 348 275 221
is_linear=0
shrinkage=0.05


Tree=283
num_leaves=15
num_cat=0
split_feature=0 0 12 11 16 4 0 3 0 1 0 2 2 2
split_gain=5.71592 5.85452 2.33697 2.49786 2.20643 2.10208 2.66281 2.70389 1.87671 3.36364 2.58949 4.86929 2.92472 2.17834
threshold=6.5000000000000009 12.500000000000002 14.229223217848045 0.048816746714801247 6.5000000000000009 0.056669794354523483 10.500000000000002 1.6622807017543864 10.500000000000002 4.5000000000000009 8.5000000000000018 1.4184415364725895 1.7631802623080808 1.9580002957899645
decision_type=2 2 2 2 2 2 2 2 2 2 2 2 2 2
left_child=-1 2 3 4 5 8 7 -7 10 -10 11 -2 -12 -13
right_child=1 -3 -4 -5 -6 6 -8 -9 9 -11 12 13 -14 -15
leaf_value=-0.040574313159870798 -0.049295639056286242 -0.041123851578842775 -0.041995914168934854 -0.012862150963682704 -0.040747070760141842 -0.028661216576317389 0.017342866866151403 0.027305950251152313 -0.040735806704009177 0.011079890939420972 0.045503049149225067 0.030537547283987245 0.015515545029689791 -0.001249577805966965
leaf_weight=7.7598525059875092 3.3085688613355186 6.9183225703891358 2.4679278195835641 13.773451671935616 2.1171305505558839 10.49199671065435 9.7076859567314369 2.7168743489310136 3.7753538656979826 18.380422236397862 14.361883211880921 11.645434462465348 18.741583304479718 10.033160005696116
leaf_count=963 32 810 332 332 131 180 116 38 35 238 117 119 259 138
internal_value=0.00109803 0.00361572 0.00616278 0.00716109 0.00978067 0.0108176 -0.00253823 -0.0171496 0.0146317 0.00225047 0.0193539 0.00720321 0.0285256 0.015826
internal_weight=136.2 128.44 121.521 119.054 105.28 103.163 22.9166 13.2089 80.2464 22.1558 58.0906 24.9872 33.1035 21.6786
internal_count=3840 2877 2067 1735 1403 1272 334 218 938 273 665 289 376 257
is_linear=0
shrinkage=0.05


Tree=284
num_leaves=15
num_cat=0
split_feature=16 16 0 7 15 13 11 12 12 17 3 14 5 2
split_gain=17.1083 2.42043 1.10484 1.42335 2.28849 1.85093 1.54007 1.53507 1.94585 1.52537 1.28499 1.14906 1.80498 2.4307
threshold=1.0000000180025095e-35 8.5000000000000018 11.500000000000002 1.0241841491841495 0.53066332916145187 5.5000000000000009 0.0016582716042190528 2.1328858477455106 2.3122587991151531 0.21825396825396828 0.58171542659057363 4.5000000000000009 0.77302163456585893 2.2861168428709138
decision_type=2 2 2 2 2 2 2 2 2 2 2 2 2 2
left_child=-1 2 3 4 -2 9 -5 -7 -9 -6 -10 -12 -13 -14
right_child=1 -3 -4 6 5 7 -8 8 10 -11 11 12 13 -15
leaf_value=-0.035791412081351101 -0.026500159884123631 0.038169438152719205 0.018668307138058487 0.034910078925917423 -0.044680837127776957 -0.02345540458431947 0.0024968279937827294 0.065448195286936336 0.039602243274530338 0.0027288086553022678 0.033623907379738062 -0.040653775032318158 0.027653784518007249 -0.029342816626748276
leaf_weight=25.694247687701136 7.0061518028378478 7.5754035115241996 19.016773289069533 6.8586064074188453 2.9038313813507584 2.5925164353102472 7.8694694861769676 1.9082022551447178 3.4229242000728872 4.0810057520866394 2.8428818918764582 2.3701366242021313 5.6343054585158807 2.8002309277653694
leaf_count=3018 47 192 197 55 26 22 62 13 48 27 22 26 57 28
internal_value=-0.000469419 0.0113353 0.00840222 0.0045202 -0.000893115 0.00538951 0.0175911 0.0126332 0.0175629 -0.016981 0.0122101 0.00533993 -0.00210203 0.00873115
internal_weight=102.577 76.8824 69.307 50.2903 35.5622 28.556 14.7281 21.5712 18.9787 6.98484 17.0705 13.6476 10.8047 8.43454
internal_count=3840 822 630 433 316 269 117 216 194 53 181 133 111 85
is_linear=0
shrinkage=0.05


Tree=285
num_leaves=15
num_cat=0
split_feature=6 1 17 9 4 8 15 15 11 7 1 12 4 6
split_gain=10.8651 3.33816 1.64502 1.62288 1.39188 2.27109 1.95688 2.6672 1.9193 1.86694 1.78107 3.62152 2.38375 2.32045
threshold=2.5000000000000004 4.5000000000000009 0.26969696969696971 1.0000000180025095e-35 0.0061011904761906844 1.5000000000000002 1.5303308823529413 1.5612500000000002 -0.0048253004924332368 0.74511541257724467 10.500000000000002 3.1406595033362827 0.09482758620689638 5.5000000000000009
decision_type=2 2 2 2 2 2 2 2 2 2 2 2 2 2
left_child=1 2 3 -1 5 8 10 -8 -2 -9 12 -12 -6 -13
right_child=4 -3 -4 -5 6 -7 7 9 -10 -11 11 13 -14 -15
leaf_value=0.028311654341897603 0.029442824423775424 -0.042249001079240261 -0.059089863872688823 -0.032011404495025785 -0.014746928794693854 -0.0075521614299265127 -0.067148764424859939 0.020785542037502321 0.0040368959410963792 -0.028745201707288538 0.048820027942946508 0.0050122906065403691 0.040816338821354797 0.050659628961313687
leaf_weight=3.8917162350844619 10.267234727740286 16.267656347248703 0.98794861789792765 1.5626515953335909 7.1642344021238369 29.363209066446871 1.5058079510927189 5.9335383772850019 26.93733636289835 2.8003727216273546 10.327043609693648 17.038645074237142 2.6422039037570357 3.3278474211692801
leaf_count=107 162 1879 41 50 81 389 7 78 347 51 249 286 59 54
internal_value=0.00147014 -0.0301855 0.000276376 0.0110294 0.00759846 0.00284348 0.0138368 -0.00569143 0.0110481 0.00490439 0.0187741 0.0247009 0.000223795 0.012471
internal_weight=140.017 22.71 6.44232 5.45437 117.307 66.5678 50.7397 10.2397 37.2046 8.73391 40.5 30.6935 9.80644 20.3665
internal_count=3840 2077 198 157 1763 898 865 136 509 129 729 589 140 340
is_linear=0
shrinkage=0.05


Tree=286
num_leaves=15
num_cat=0
split_feature=10 11 5 18 11 16 5 12 4 12 12 7 12 12
split_gain=19.2092 2.70863 1.61755 1.34878 1.44546 1.18813 1.27794 2.04027 1.34608 1.32194 1.76647 1.4168 2.00784 1.96094
threshold=1.5000000000000002 0.19000905873514459 0.66659847376831338 0.34062261268143629 -1.0000000180025095e-35 4.5000000000000009 1.1798472407031921 2.6494164893940693 -0.0077579565698876534 2.0491780783037838 2.1881587821903978 0.26931366047745364 3.5157562323904989 4.4481558612518102
decision_type=2 2 2 2 2 2 2 2 2 2 2 2 2 2
left_child=-1 2 -2 -4 -5 6 9 -8 -9 -6 -11 12 -12 -13
right_child=1 -3 3 4 5 -7 7 8 -10 10 11 13 -14 -15
leaf_value=-0.040588884896577637 -0.035796718751803056 0.04125904666518862 0.039312464197985376 -0.035770248132536056 0.035403478166633681 -0.020679261936492551 -0.046655983455993304 0.040015406530948566 -0.0074351679063561459 -0.027124710375348634 -0.042598568489943367 0.031795078805071944 0.01957278782470033 0.00048176775037173949
leaf_weight=23.052338909823447 1.9495596699416626 7.3312067613005629 3.7934496887028208 1.7866795458830882 7.1393371229059985 2.9615757633000603 2.2125549316406232 2.2703974470496178 4.3740965994074941 2.6988820135593441 2.3354585133492973 14.312640598975124 2.9252027999609709 7.683897152543067
leaf_count=3034 25 247 44 41 76 20 15 20 47 17 25 148 23 58
internal_value=-0.001472 0.0126673 0.0089537 0.0105547 0.008403 0.0100165 0.0119948 -0.00506943 0.00877851 0.0160691 0.0114613 0.0152819 -0.00802804 0.0208566
internal_weight=86.8273 63.7749 56.4437 54.4942 50.7007 48.914 45.9525 8.85705 6.64449 37.0954 29.9561 27.2572 5.26066 21.9965
internal_count=3840 806 559 534 490 449 429 82 67 347 271 254 48 206
is_linear=0
shrinkage=0.05


Tree=287
num_leaves=15
num_cat=0
split_feature=13 12 2 1 5 5 0 1 5 19 12 11 3 5
split_gain=13.6836 4.44772 1.84156 1.4869 1.52232 1.31748 1.40768 2.13825 2.06925 1.9425 2.76719 1.61749 1.57685 1.44267
threshold=3.5000000000000004 23.853941230049966 0.85039384551116426 37.500000000000007 1.9632013168378839 0.95776068230679401 8.5000000000000018 31.500000000000004 1.0000063762497451 1.0000000180025095e-35 5.4977810734224573 0.0093561305708635429 1.9023064687168614 1.5900590365737897
decision_type=2 2 2 2 2 2 2 2 2 2 2 2 2 2
left_child=1 3 -2 4 5 -1 8 9 -7 11 -11 -8 13 -10
right_child=2 -3 -4 -5 -6 6 7 -9 12 10 -12 -13 -14 -15
leaf_value=-0.04210934317131898 0.024199548184479835 0.042063433715642314 -0.038061406754902702 -0.040137734222751104 0.033836565012478614 0.075630992158341973 -0.017185226685881724 -0.062526529275850229 0.011009172312838718 -0.020720827220815172 0.041285867585106398 0.01694587621272222 0.038856849262690715 -0.035906768740533938
leaf_weight=1.5291168286930759 1.255895853042605 9.4820013977587205 21.860376117518172 1.7828668269794423 4.5631271144375196 1.3899543923325826 12.685442416463056 1.368341487366705 7.485928707290439 2.6397129888646287 5.6514676176011562 4.7788959373719981 3.7848047753795973 2.0977464411407709
leaf_count=71 10 480 2486 30 93 17 236 16 117 69 65 78 56 16
internal_value=-0.00205229 0.0106792 -0.0346788 0.00469843 0.00636466 0.00347699 0.00514134 -0.00162029 0.0175682 0.00161554 0.0215444 -0.00784568 0.0115313 0.000739861
internal_weight=82.3557 59.2394 23.1163 49.7574 47.9745 43.4114 41.8823 27.1239 14.7584 25.7555 8.29118 17.4643 13.3685 9.58368
internal_count=3840 1344 2496 864 834 741 670 464 206 448 134 314 189 133
is_linear=0
shrinkage=0.05


Tree=288
num_leaves=15
num_cat=0
split_feature=0 14 12 5 13 12 1 13 15 19 1 15 4 12
split_gain=5.36298 5.49386 2.21382 2.39057 2.86601 2.84349 2.60337 3.11473 2.92887 2.49337 2.42612 2.30585 2.28066 2.31746
threshold=6.5000000000000009 1.5000000000000002 4.4923343301018823 0.6101196609334637 13.500000000000002 4.3874685025344169 35.500000000000007 1.5000000000000002 0.55634920634920648 1.5000000000000002 19.500000000000004 0.10912698412698414 -0.0046363169467314993 2.1328858477455106
decision_type=2 2 2 2 2 2 2 2 2 2 2 2 2 2
left_child=-1 -2 3 10 5 6 7 -5 9 11 -3 -9 13 -6
right_child=1 2 -4 4 12 -7 -8 8 -10 -11 -12 -13 -14 -15
leaf_value=-0.040556405218774197 -0.041119153513817959 -0.0094706893364028769 -0.0078433302895981032 -0.044253800162077736 0.055048321351068068 0.070538283296872048 0.042204632272878073 0.027254225160055597 0.018218745911907613 -0.04375251041239725 0.046006442686651911 -0.012623208837582806 -0.03181797704623595 -0.0051610019238711394
leaf_weight=7.3304720770101985 6.5588523936457923 2.6427639592438918 23.587870338000357 2.8464771313592783 1.8253486766479934 2.0014350078999987 5.6885201074182978 5.8319313228130367 34.018971277866513 3.5994619876146308 7.7496514189988375 9.5797650124877674 7.3333404939621678 12.84164457535371
leaf_count=963 810 36 624 43 21 12 67 53 473 56 84 156 171 271
internal_value=0.00101912 0.00343588 0.00588035 0.00925378 0.00650347 0.0118869 0.00998015 0.00669954 0.00943454 -0.0062841 0.0318988 0.00246679 -0.00905102 0.00233222
internal_weight=133.437 126.106 119.547 95.9593 85.5669 63.5666 61.5651 55.8766 53.0301 19.0112 10.3924 15.4117 22.0003 14.667
internal_count=3840 2877 2067 1443 1323 860 848 781 738 265 120 209 463 292
is_linear=0
shrinkage=0.05


Tree=289
num_leaves=15
num_cat=0
split_feature=16 16 0 1 7 18 2 15 3 8 1 3 4 17
split_gain=15.9493 2.27842 1.01259 1.32426 2.11513 2.62596 2.71258 1.89935 1.77878 2.50066 1.88071 1.43748 1.1146 1.45464
threshold=1.0000000180025095e-35 8.5000000000000018 11.500000000000002 5.5000000000000009 0.930500894454383 0.8097619047619049 1.7356503737165674 0.53066332916145187 0.87981481481481494 1.0000000180025095e-35 21.500000000000004 1.4301948051948055 -0.06532825387024245 0.18898809523809526
decision_type=2 2 2 2 2 2 2 2 2 2 2 2 2 2
left_child=-1 2 3 -2 7 6 -6 -5 12 -10 -11 -7 -9 -14
right_child=1 -3 -4 4 5 11 -8 8 9 10 -12 -13 13 -15
leaf_value=-0.035533508618672494 -0.024155229551786082 0.037774328156150165 0.018018103102942121 -0.030142739923400032 -0.028898195830277713 0.053369953603384417 0.030734690743907663 0.028228319990062301 -0.040944462045991406 -0.024498073113556527 0.035083073018444412 0.013099400154585439 -0.039034419434647333 0.014738737431870642
leaf_weight=24.460405943216756 3.7596591636538497 7.1549449730664483 18.733115701004863 4.8421030361205366 4.0952186957001713 5.9042113050818426 3.5689376164227724 7.7774222623556861 4.2613199241459352 2.2746915221214294 3.1706279367208481 3.5474176481366158 1.735197830945254 4.5699164532124996
leaf_count=3018 20 192 197 36 25 40 47 91 32 22 24 32 13 51
internal_value=-0.0004507 0.0109313 0.00811676 0.00437013 0.00671445 0.0206197 -0.00112918 -0.00159811 0.00421193 -0.0122563 0.010194 0.0382555 0.015563 -5.98944e-05
internal_weight=99.8552 75.3948 68.2398 49.5067 45.7471 17.1158 7.66416 28.6313 23.7892 9.70664 5.44532 9.45163 14.0825 6.30511
internal_count=3840 822 630 433 413 144 72 269 233 78 46 72 155 64
is_linear=0
shrinkage=0.05


Tree=290
num_leaves=15
num_cat=0
split_feature=6 1 17 6 11 5 10 12 4 13 2 3 4 11
split_gain=10.1697 3.24416 1.54444 1.59822 1.39462 1.66194 1.88437 1.72089 1.66287 1.23878 2.38517 3.10298 2.50274 2.29187
threshold=2.5000000000000004 4.5000000000000009 0.26969696969696971 1.0000000180025095e-35 -0.051033470830031034 0.55840840345674903 6.5000000000000009 14.229223217848045 -0.20039889829805868 5.5000000000000009 2.1107740529011898 1.8386217948717951 0.046364197853054408 0.0060888253338025619
decision_type=2 2 2 2 2 2 2 2 2 2 2 2 2 2
left_child=1 2 3 -1 -2 -6 7 8 -7 10 12 -12 -10 -14
right_child=4 -3 -4 -5 5 6 -8 -9 9 -11 11 -13 13 -15
leaf_value=0.025439431716284447 0.042641537134758836 -0.042309237267744652 -0.058389917127621253 -0.040675990707435966 -0.027962664808475375 -0.019835008475445916 0.064519404489392793 -0.041298271667405378 -0.020661836935958355 0.013349950131244676 0.033908685734154689 -0.03494713127135176 -0.0079790290615331834 0.035297547970442995
leaf_weight=4.1433049179613617 2.734232685994356 15.403600473655386 0.94905283488333214 1.1727794548496602 3.3926723711192599 5.2343580136075607 1.4335516253486265 1.8270713835954655 14.092254661023619 63.170766597613692 9.0410231407731754 1.9977522250264872 7.3599800784140808 5.2355836583301425
leaf_count=44 55 1879 41 113 20 65 23 118 147 1001 177 12 79 66
internal_value=0.00146145 -0.0299708 0.000364595 0.0108537 0.00735742 0.00650203 0.00757091 0.00681471 0.00764298 0.00906848 0.00189944 0.0214474 -0.00618612 0.0100097
internal_weight=137.188 21.6687 6.26514 5.31608 115.519 112.785 109.392 107.959 106.132 100.897 37.7266 11.0388 26.6878 12.5956
internal_count=3840 2077 198 157 1763 1708 1688 1665 1547 1482 481 189 292 145
is_linear=0
shrinkage=0.05


Tree=291
num_leaves=15
num_cat=0
split_feature=10 11 5 18 11 2 4 15 12 17 18 4 1 7
split_gain=18.0883 2.6127 1.51381 1.2263 1.75455 1.12309 1.26035 1.60449 3.25829 1.50287 1.26412 1.12055 1.37981 1.90194
threshold=1.5000000000000002 0.19000905873514459 0.66659847376831338 0.34062261268143629 -0.0041455337260741789 2.7093306115330473 -0.51868131868131828 0.25198412698412703 2.5293334423059646 0.10263157894736843 0.85749299719887961 -0.10914862914862974 26.500000000000004 0.96578947368421064
decision_type=2 2 2 2 2 2 2 2 2 2 2 2 2 2
left_child=-1 2 -2 -4 -5 6 -6 9 10 -8 -9 -10 -13 -14
right_child=1 -3 3 4 5 -7 7 8 11 -11 -12 12 13 -15
leaf_value=-0.040578107679675943 -0.034898599667943501 0.041225066756779137 0.037954389389932008 -0.046591166475211304 -0.033609977721999508 0.037275582605696189 0.030902173894787489 0.0036775305862669044 0.038352756025733306 -0.011817894141599377 -0.035707588964042088 0.021218017311380562 -0.027514457277853684 0.025933954712760651
leaf_weight=21.88854752923362 1.9268685476854432 6.9214173238724461 3.7068299744278184 1.4222766519524146 1.7781396359205164 3.4428520891815415 11.493828050792223 3.0959465485066193 3.7981399837881282 2.5079211965203276 5.958367271348834 9.0140841603279203 4.5907370611093929 2.6111539979465306
leaf_count=3034 25 247 44 35 10 37 123 29 36 13 52 81 46 28
internal_value=-0.00148057 0.0122629 0.00864109 0.0102116 0.00814295 0.00975498 0.00764232 0.00934541 0.00264763 0.0232504 -0.0222406 0.013907 0.00818125 -0.00813593
internal_weight=84.1571 62.2686 55.3471 53.4203 49.7134 48.2912 44.8483 43.0702 29.0684 14.0017 9.05431 20.0141 16.216 7.20189
internal_count=3840 806 559 534 490 455 418 408 272 136 81 191 155 74
is_linear=0
shrinkage=0.05


Tree=292
num_leaves=15
num_cat=0
split_feature=13 12 5 0 1 5 5 0 1 5 19 12 11 4
split_gain=12.7844 4.24227 1.8079 2.57431 1.40221 1.4251 1.24214 1.26639 2.06091 1.8302 1.79905 2.56137 1.49797 1.38036
threshold=3.5000000000000004 23.853941230049966 1.2570494572073074 6.5000000000000009 38.500000000000007 1.9632013168378839 0.95776068230679401 8.5000000000000018 31.500000000000004 1.0000063762497451 1.0000000180025095e-35 5.4977810734224573 0.0093561305708635429 0.0074441635061103604
decision_type=2 2 2 2 2 2 2 2 2 2 2 2 2 2
left_child=1 4 -2 -4 5 6 -1 9 10 -8 12 -12 -9 -11
right_child=2 -3 3 -5 -6 -7 7 8 -10 13 11 -13 -14 -15
leaf_value=-0.042034497712260019 -0.038080885459888268 0.042021701877983042 0.093584113016871265 -0.043809970613593111 -0.045988000099131454 0.033121854584330118 0.07061819342008728 -0.016601285549633627 -0.060527920290504383 -0.020945668843803784 -0.02013459274917076 0.040215628759536333 0.016352272055393271 0.018889608957048637
leaf_weight=1.4664610328618426 20.712907830951739 8.9250053903087956 0.64781480096280464 0.71968202712014318 1.3358783281873901 4.3816818911582223 1.413381204009055 12.544796367175886 1.410601243842392 2.7284249039366832 2.5790249537676555 5.5236701611429453 4.7559827980585387 10.715470143593846
leaf_count=72 2413 480 26 57 22 93 17 236 18 45 69 65 78 149
internal_value=-0.00204305 0.0103238 -0.0344047 0.0212768 0.00453311 0.00595337 0.00319376 0.00478539 -0.0017028 0.0164951 0.00156363 0.0210066 -0.00754236 0.0108051
internal_weight=79.8608 57.7804 22.0804 1.3675 48.8554 47.5195 43.1378 41.6714 26.8141 14.8573 25.4035 8.1027 17.3008 13.4439
internal_count=3840 1344 2496 83 864 842 749 677 466 211 448 134 314 194
is_linear=0
shrinkage=0.05


Tree=293
num_leaves=15
num_cat=0
split_feature=0 14 5 15 18 17 7 15 11 1 5 2 0 11
split_gain=5.04246 5.17274 2.06918 2.18929 2.81915 2.96635 2.72311 3.13366 2.44846 2.42207 2.29932 1.77852 2.06496 2.18993
threshold=6.5000000000000009 1.5000000000000002 0.87454355411967166 0.66915422885572151 2.4765625000000004 0.11882352941176472 0.34668803418803423 1.5303308823529413 0.050049704152755621 14.500000000000002 0.66659847376831338 2.5914022397130965 8.5000000000000018 0.072438221252411714
decision_type=2 2 2 2 2 2 2 2 2 2 2 2 2 2
left_child=-1 -2 3 9 5 6 7 -5 -8 -3 -10 12 -4 -14
right_child=1 2 11 4 -6 -7 8 -9 10 -11 -12 -13 13 -15
leaf_value=-0.040539643556273673 -0.041117723123794921 -0.0078998094881029598 -0.01496316574945508 -0.020072535878734338 -0.042778374789523482 -0.027031973263876949 0.032543587365618347 0.045994820662940888 0.047632425816340321 0.038520777437883874 -0.047456602394803392 -0.035641546446881951 0.0093359293870719576 -0.041442576841029893
leaf_weight=6.92217420390807 6.2222797321155658 3.6176772536709931 14.45965780969709 8.1096941297873872 2.7224954292178145 4.7131641497835508 18.300440635532144 2.3049242543056598 0.93788529839366619 12.586294028442351 1.9733754997141657 3.4187253243289879 42.274271626025438 2.2355783944949499
leaf_count=963 810 59 344 111 36 66 265 18 14 155 43 115 747 94
internal_value=0.000990419 0.0033111 0.00566078 0.0127059 0.00629636 0.00997296 0.0154877 -0.00545076 0.0257681 0.028157 -0.0168229 -0.000580068 0.0014526 0.0067855
internal_weight=130.799 123.876 117.654 55.266 39.062 36.3395 31.6263 10.4146 21.2117 16.204 2.91126 62.3882 58.9695 44.5099
internal_count=3840 2877 2067 767 553 517 451 129 322 214 57 1300 1185 841
is_linear=0
shrinkage=0.05


Tree=294
num_leaves=15
num_cat=0
split_feature=16 16 11 2 5 13 18 12 12 18 8 12 16 4
split_gain=14.9014 2.15636 0.999269 1.12058 1.52114 1.78003 1.41256 1.68601 1.68385 1.36665 1.34076 1.9149 1.30983 1.01645
threshold=1.0000000180025095e-35 8.5000000000000018 0.12920411876812046 2.4601989700063256 0.65124127702127588 27.500000000000004 0.56306818181818186 2.0119313548834037 1.7714400789782598 0.63693181818181832 1.0000000180025095e-35 2.7503557511458783 2.5000000000000004 0.086113160123487395
decision_type=2 2 2 2 2 2 2 2 2 2 2 2 2 2
left_child=-1 2 3 4 -2 6 7 -6 -8 -10 11 -11 -13 -12
right_child=1 -3 -4 -5 5 -7 8 -9 9 10 13 12 -14 -15
leaf_value=-0.035276177999212947 -0.021658343208761238 0.037417061298896097 -0.024323988120575214 0.025827525228022081 -0.02671858414124479 0.046598911460334735 0.032870006021642993 0.032747597690921608 -0.028610153296093368 -0.042379605413469801 0.015032797040186396 -0.023661069925194025 0.01849185631442567 -0.016107150525158154
leaf_weight=23.320874368771911 4.4370937459170809 6.7927172333002082 2.3290965333580962 8.5905736703425628 1.3993948251008976 2.9446783773601046 4.0630343034863463 8.0410631131380779 4.0078049153089514 3.4553082734346408 16.847915105521682 2.9881401024758816 4.8083982542157173 3.1032051853835574
leaf_count=3018 21 192 26 95 12 42 35 113 25 37 134 20 34 36
internal_value=-0.000435281 0.0105732 0.00785233 0.00901086 0.00643555 0.00884859 0.00656666 0.0239327 0.0023923 -0.00112458 0.00240575 -0.0113956 0.00233612 0.0101893
internal_weight=97.1293 73.8084 67.0157 64.6866 56.096 51.6589 48.7143 9.44046 39.2738 35.2108 31.203 11.2518 7.79654 19.9511
internal_count=3840 822 630 604 509 488 446 125 321 286 261 91 54 170
is_linear=0
shrinkage=0.05


Tree=295
num_leaves=15
num_cat=0
split_feature=6 1 17 6 11 5 10 12 4 13 2 3 4 2
split_gain=9.51507 3.14549 1.44946 1.50856 1.30691 1.53422 1.79225 1.58499 1.5143 1.16367 2.21513 2.85229 2.34051 2.20442
threshold=2.5000000000000004 4.5000000000000009 0.26969696969696971 1.0000000180025095e-35 -0.051033470830031034 0.55840840345674903 6.5000000000000009 14.229223217848045 -0.20039889829805868 5.5000000000000009 2.1107740529011898 1.8386217948717951 0.046364197853054408 1.3647782031615872
decision_type=2 2 2 2 2 2 2 2 2 2 2 2 2 2
left_child=1 2 3 -1 -2 -6 7 8 -7 10 12 -12 -10 -14
right_child=4 -3 -4 -5 5 6 -8 -9 9 -11 11 -13 13 -15
leaf_value=0.024895981055629526 0.041738755015632366 -0.042376381366402142 -0.057693436098246481 -0.040671511096041918 -0.027230651417185517 -0.019090789181278288 0.063879921566305384 -0.041212002594368198 -0.020102376159660776 0.012932705799344496 0.032990546841966506 -0.033333174722277939 0.0435451682701537 -0.0033654983641661948
leaf_weight=4.049811631441119 2.6666364036500445 14.552522747777401 0.91143482923507679 1.1198235682677475 3.3064743168652049 5.1339508285745969 1.3839445123448957 1.7047935156151641 13.959253684617581 62.340231132693589 8.8326378017663938 1.9854303710162629 3.472435317002236 8.9826591499149782
leaf_count=44 55 1879 41 113 20 65 23 118 147 1001 177 12 36 109
internal_value=0.00148225 -0.0297567 0.00044323 0.010693 0.0071479 0.00631765 0.0073467 0.00661145 0.0073901 0.00875545 0.00176124 0.0208182 -0.00604359 0.00971303
internal_weight=134.402 20.6336 6.08107 5.16964 113.768 111.102 107.795 106.411 104.707 99.5726 37.2324 10.8181 26.4143 12.4551
internal_count=3840 2077 198 157 1763 1708 1688 1665 1547 1482 481 189 292 145
is_linear=0
shrinkage=0.05


Tree=296
num_leaves=15
num_cat=0
split_feature=10 11 5 5 3 16 3 12 15 1 12 11 5 18
split_gain=16.9883 2.50745 1.40464 1.2113 1.31008 1.63682 1.79056 1.34242 2.25938 1.38392 1.79054 1.84269 1.21802 1.24432
threshold=1.5000000000000002 0.19000905873514459 0.66659847376831338 1.1736343809363914 0.62988549618320622 4.5000000000000009 0.67508314855875839 4.3874685025344169 0.080322580645161304 22.500000000000004 3.5157562323904989 0.10961072239829177 1.3427494756057776 1.1180340557275545
decision_type=2 2 2 2 2 2 2 2 2 2 2 2 2 2
left_child=-1 2 -2 4 -4 6 -6 9 -9 -8 11 -11 13 -5
right_child=1 -3 3 12 5 -7 7 8 -10 10 -12 -13 -14 -15
leaf_value=-0.040569280262272467 -0.034027172833917547 0.04116225461733309 0.035305840987441515 0.0027869614580768162 -0.039427983632707914 -0.029264595836126558 0.027688504134625248 -0.039189811509961918 0.018135418852049508 -0.044436893088767367 0.035549529734115563 0.021652491835505633 0.011739559216838856 -0.04810256032681258
leaf_weight=20.75700623029843 1.8910157931968559 6.5037100482732049 5.9007264673709861 2.2852361500263196 1.5685654962435354 2.4840870359912506 18.714045634493235 2.7738047633320084 4.5193726681172848 2.6126522338017812 2.4596261857077479 1.768713343888521 4.7390875834971666 2.5322188641875982
leaf_count=3034 25 247 71 24 19 20 178 18 36 32 26 28 61 21
internal_value=-0.00151751 0.011825 0.00830792 0.00983694 0.0134305 0.00993245 0.0127616 0.0152537 -0.00366701 0.0206535 0.00140878 -0.0177573 -0.00625776 -0.0239623
internal_weight=81.5099 60.7529 54.2492 52.3581 42.8016 36.9009 34.4168 32.8482 7.29318 25.555 6.84099 4.38137 9.55654 4.81746
internal_count=3840 806 559 534 428 357 337 318 54 264 86 60 106 45
is_linear=0
shrinkage=0.05


Tree=297
num_leaves=15
num_cat=0
split_feature=13 12 2 2 12 5 19 13 7 15 5 9 7 15
split_gain=11.9361 4.03116 1.81095 1.36526 2.1351 1.6696 1.42038 1.44683 1.50636 1.29917 1.83528 1.49276 1.45352 1.09438
threshold=3.5000000000000004 23.853941230049966 0.85039384551116426 1.4920857255764577 4.0566842265680352 0.99864598340474686 1.5000000000000002 1.5000000000000002 0.88631947143412371 2.6742424242424243 1.2689484061319853 1.0000000180025095e-35 1.1122565864833909 1.4950980392156865
decision_type=2 2 2 2 2 2 2 2 2 2 2 2 2 2
left_child=1 3 -2 5 -5 -1 7 -7 -9 10 11 12 -6 -12
right_child=2 -3 -4 4 9 6 -8 8 -10 -11 13 -13 -14 -15
leaf_value=-0.04336512027407094 0.024587441159035252 0.041975793778082367 -0.037775064958073319 -0.034516613583684741 0.048542395238703344 0.033675258525603845 0.052175840765638852 -0.021302151874374321 0.017836142024403086 -0.030077701511718687 -0.01441242477339523 -0.009122587603910123 0.0022400921515599997 0.025419323579262798
leaf_weight=1.1631130068562949 1.2367504611611391 8.3911184612661582 19.823684661649168 4.4075895831920233 5.2419360615313106 5.3404840473085669 2.6606972040608516 4.2192234704270941 5.8911346532404423 2.6019003214314571 9.0347616225481016 2.7829309236258268 2.504874324426055 2.1312235239893189
leaf_count=26 10 480 2486 323 65 79 38 51 102 22 76 19 35 28
internal_value=-0.0019958 0.0100033 -0.0341129 0.00441167 -0.00249965 0.0147045 0.0184337 0.0126232 0.00150307 0.00330822 0.00731209 0.0222873 0.0335709 -0.00680984
internal_weight=77.4314 56.371 21.0604 47.9799 28.7052 19.2747 18.1115 15.4508 10.1104 24.2976 21.6957 10.5297 7.74681 11.166
internal_count=3840 1344 2496 864 568 296 270 232 153 245 223 119 100 104
is_linear=0
shrinkage=0.05


Tree=298
num_leaves=15
num_cat=0
split_feature=0 14 12 5 13 12 1 13 15 1 19 15 4 7
split_gain=4.73606 4.87626 2.00027 2.10871 2.56323 2.52755 2.28774 2.83417 2.6717 2.23105 2.19916 2.16441 2.09637 2.19777
threshold=6.5000000000000009 1.5000000000000002 4.4923343301018823 0.6101196609334637 13.500000000000002 4.3874685025344169 35.500000000000007 1.5000000000000002 0.55634920634920648 19.500000000000004 1.5000000000000002 0.10912698412698414 -0.0046363169467314993 1.2165178571428574
decision_type=2 2 2 2 2 2 2 2 2 2 2 2 2 2
left_child=-1 -2 3 9 5 6 7 -5 10 -3 11 -9 -6 -14
right_child=1 2 -4 4 12 -7 -8 8 -10 -11 -12 -13 13 -15
leaf_value=-0.040524383089704893 -0.041120828991000218 -0.0098130619195327812 -0.0078499579737293327 -0.043468682355492394 0.0021194646579614914 0.066424805151733379 0.039661192071548529 0.026344261633839929 0.017369179692389627 0.044658460225682289 -0.042332177237770274 -0.012913436413901398 -0.042076778441966271 0.042139799017552645
leaf_weight=6.5394052972551426 5.9149942528456441 2.5337703367695195 22.779685236513615 2.7252651760354629 14.151472764089705 2.0070587499067178 5.6480831410735837 5.6404731888324049 32.990402586292475 7.283055055886507 3.4595815339125684 9.2997587407007796 6.091426668688654 0.88756416551768769
leaf_count=963 810 36 624 43 292 12 67 53 473 84 56 156 156 15
internal_value=0.000924961 0.00315747 0.0054251 0.00868662 0.00609183 0.011234 0.00938051 0.00622009 0.00885513 0.0305991 -0.00641036 0.00190775 -0.00894028 -0.0313664
internal_weight=127.952 121.413 115.498 92.7179 82.9011 61.7706 59.7636 54.1155 51.3902 9.81683 18.3998 14.9402 21.1305 6.97899
internal_count=3840 2877 2067 1443 1323 860 848 781 738 120 265 209 463 171
is_linear=0
shrinkage=0.05


Tree=299
num_leaves=15
num_cat=0
split_feature=16 16 11 11 12 12 11 16 11 12 7 1 12 12
split_gain=13.8928 2.04814 0.970683 2.00426 1.2972 2.35405 1.6326 1.62014 2.55355 1.2921 1.27768 1.21255 1.19517 1.65984
threshold=1.0000000180025095e-35 8.5000000000000018 -0.015088001167778973 -0.047782934153973382 3.3653468183733675 3.7161314744684057 0.03272241042815089 4.5000000000000009 0.00024920361063779378 3.9551032950817571 0.30487516869095821 16.500000000000004 4.2574572361331731 4.9210919501868258
decision_type=2 2 2 2 2 2 2 2 2 2 2 2 2 2
left_child=-1 2 3 -2 6 -6 7 8 -4 -7 -10 -5 -11 -14
right_child=1 -3 4 11 5 9 -8 -9 10 12 -12 -13 13 -15
leaf_value=-0.035003287023165845 -0.025721215840253338 0.037056223182629945 -0.016505759334375966 0.0025254746807592287 -0.03114853808163395 0.036011410656070907 -0.0074679254868393235 0.039791532091780699 0.055032838146634004 -0.031924072659507897 0.013655774758878362 0.03816652286556832 0.030182794598716329 -0.0083517428414455371
leaf_weight=22.214030985021964 2.075997586362063 6.4656126312911502 5.6533239092677894 3.3833422735333434 6.0396923832595375 2.8269512802362469 8.0902015902101976 6.4600992240011683 2.7265869611874205 2.562818666920065 5.9090398065745831 8.0985780637711269 4.3931530192494375 7.6794475624337792
leaf_count=3018 25 192 39 38 39 27 76 106 18 19 41 95 39 68
internal_value=-0.000415935 0.0102014 0.00756662 0.0194899 0.00447815 -0.00424132 0.0115839 0.0190124 0.00961806 0.00506505 0.02672 0.0276643 -0.000912495 0.00567076
internal_weight=94.5789 72.3648 65.8992 13.5579 52.3413 23.5021 28.8393 20.749 14.289 17.4624 8.63563 11.4819 14.6354 12.0726
internal_count=3840 822 630 158 472 192 280 204 98 153 59 133 126 107
is_linear=0
shrinkage=0.05


Tree=300
num_leaves=15
num_cat=0
split_feature=6 1 17 6 11 3 13 2 3 13 18 14 12 12
split_gain=8.93859 3.03398 1.38208 1.40841 1.21335 1.53325 1.54814 2.2942 2.92036 2.63253 3.1947 1.68842 1.67554 2.15279
threshold=2.5000000000000004 4.5000000000000009 0.26969696969696971 1.0000000180025095e-35 -0.051033470830031034 0.58570618264322194 4.5000000000000009 2.1107740529011898 1.3954592287312337 1.5000000000000002 2.4765625000000004 1.5000000000000002 1.5410141963035755 1.906708571395874
decision_type=2 2 2 2 2 2 2 2 2 2 2 2 2 2
left_child=1 2 3 -1 -2 -6 7 9 -9 -7 11 -11 -8 -14
right_child=4 -3 -4 -5 5 6 12 8 -10 10 -12 -13 13 -15
leaf_value=0.024274234848173537 0.040679517951048176 -0.042376671264941886 -0.05762110305216555 -0.040647562251365774 -0.013624917478642435 0.024636674028290478 0.061710351657340415 0.041449107231063848 -0.017489779760132673 0.0013088053087767434 0.022510435892551389 -0.036933271663582942 -0.021560174890193087 0.01356836184575134
leaf_weight=3.9604437202215221 2.6081285113468757 13.798553453292696 0.87186694960109878 1.0587035354692487 8.9782795952633005 4.702382366172972 1.673787067644297 5.8961093490943295 3.2658394714817405 3.8432126278057721 4.0445108269341281 11.591609044466166 4.6982749588787547 60.818512175232172
leaf_count=44 55 1879 41 113 134 60 32 131 38 66 93 148 59 947
internal_value=0.00151868 -0.0295523 0.000486349 0.0105801 0.00697507 0.00617237 0.00794038 -0.000867379 0.0204399 -0.00894028 -0.0170459 -0.0274111 0.0123113 0.0110493
internal_weight=131.81 19.6896 5.89101 5.01915 112.121 109.513 100.534 33.3437 9.16195 24.1817 19.4793 15.4348 67.1906 65.5168
internal_count=3840 2077 198 157 1763 1708 1574 536 169 367 307 214 1038 1006
is_linear=0
shrinkage=0.05


Tree=301
num_leaves=15
num_cat=0
split_feature=10 11 11 5 5 4 12 1 12 14 8 11 4 19
split_gain=16.0007 2.41695 1.4497 1.21934 1.15478 1.59031 1.19961 1.05891 2.46549 2.13474 1.315 0.92041 1.67378 0.837828
threshold=1.5000000000000002 0.19000905873514459 -0.0041455337260741789 0.67330598288245536 1.1798472407031921 -0.51868131868131828 2.6494164893940693 22.500000000000004 3.3653468183733675 3.5000000000000004 1.0000000180025095e-35 0.091371893954874342 -0.0077579565698876534 1.0000000180025095e-35
decision_type=2 2 2 2 2 2 2 2 2 2 2 2 2 2
left_child=-1 2 -2 -4 5 -5 -6 -7 10 -10 -9 12 -8 -11
right_child=1 -3 3 4 6 7 11 8 9 13 -12 -13 -14 -15
leaf_value=-0.040560087871507271 -0.040117658186493148 0.041117680441050519 -0.029793602616119127 -0.032293474271815267 -0.035130662874249943 0.022698742229335715 0.025841896134205039 -0.04226435167095538 -0.024374597380444542 0.0086658857463359426 0.0075523019387790241 0.02418829133296093 -0.045897332463253976 0.047577387328734413
leaf_weight=19.722352777491324 1.5212006103247393 6.1408639065921298 1.9106855886057008 1.7383225969970144 2.447714349254964 25.160592855885632 1.4998773355036976 3.0862007946707299 1.8972852984443287 1.9810031671077011 2.3208927791565657 3.3642422165721655 1.7755876262672243 4.585540559142828
leaf_count=3034 40 247 23 10 18 236 13 43 19 15 32 30 31 49
internal_value=-0.00153611 0.0114143 0.00799142 0.0094051 0.0109073 0.0144999 -0.00521046 0.0165839 0.00549217 0.0223409 -0.0208815 0.00581957 -0.013047 0.0358385
internal_weight=79.1524 59.43 53.2891 51.7679 49.8573 40.7698 9.08742 39.0315 13.8709 8.46383 5.40709 6.63971 3.27546 6.56654
internal_count=3840 806 559 519 496 404 92 394 158 83 75 74 44 64
is_linear=0
shrinkage=0.05


Tree=302
num_leaves=15
num_cat=0
split_feature=13 12 2 2 12 6 3 4 14 18 18 18 4 4
split_gain=11.08 3.85831 1.77359 1.30112 1.98428 1.42903 1.61646 2.12206 1.28508 2.13742 1.92638 2.5886 1.14456 1.00983
threshold=3.5000000000000004 23.853941230049966 0.85039384551116426 1.4920857255764577 4.0566842265680352 5.5000000000000009 0.89258170772599077 -4.1703461226379927e-16 3.5000000000000004 1.8350340136054424 1.5478940217391306 1.691964285714286 0.51679020664869502 0.091620879120879392
decision_type=2 2 2 2 2 2 2 2 2 2 2 2 2 2
left_child=1 3 -2 5 -5 6 -1 -8 9 12 13 -12 -6 -10
right_child=2 -3 -4 4 8 -7 7 -9 10 -11 11 -13 -14 -15
leaf_value=0.073802530023083887 0.024035057212977464 0.041924415187433541 -0.037622513188741193 -0.03424516653027844 0.02192511904651185 -0.034875499642132816 -0.02212528615013298 0.022954559440588107 -0.029053264512967525 -0.037362923791955098 0.085618494587239968 0.014507513334500838 -0.025407362903750997 0.012260334629183738
leaf_weight=1.2125762291252673 1.2430700808763528 7.8744893912225953 18.892601649509743 4.2309468162711736 4.4805853292346018 1.3724097199738015 3.260172245092698 13.101416922640048 2.9445791309699398 4.2933706967160106 1.6288219755515454 5.9719063183292747 1.7864267900586126 2.9719847468659282
leaf_count=6 10 480 2486 323 62 21 44 225 27 40 14 61 14 27
internal_value=-0.00207286 0.0095211 -0.0338161 0.00412149 -0.002666 0.0142629 0.0181002 0.0139721 0.00288312 -0.0101856 0.0130931 0.0297465 0.00843288 -0.00830078
internal_weight=75.2654 55.1297 20.1357 47.2552 28.3086 18.9466 17.5742 16.3616 24.0777 10.5604 13.5173 7.60073 6.26701 5.91656
internal_count=3840 1344 2496 864 568 296 275 269 245 116 129 75 76 54
is_linear=0
shrinkage=0.05


Tree=303
num_leaves=15
num_cat=0
split_feature=0 0 11 4 14 17 15 18 13 6 6 4 2 5
split_gain=4.46741 4.59811 1.87538 2.22586 2.24388 2.19049 2.64426 2.38539 2.22641 2.3845 2.20056 2.19483 2.18993 2.13696
threshold=6.5000000000000009 12.500000000000002 0.048816746714801247 0.056669794354523483 3.5000000000000004 0.11437908496732027 0.94504830917874405 0.6755681818181819 2.5000000000000004 2.5000000000000004 5.5000000000000009 0.050835816725647361 1.545411949004152 0.55840840345674903
decision_type=2 2 2 2 2 2 2 2 2 2 2 2 2 2
left_child=-1 2 3 5 -5 7 12 -2 -9 -10 11 13 -7 -11
right_child=1 -3 -4 4 -6 6 -8 8 9 10 -12 -13 -14 -15
leaf_value=-0.040512787623163252 0.038520556602892317 -0.041122962523372608 -0.012876397872859977 0.011926510092299126 -0.019253927338072203 0.042840081503356955 -0.036606366846157604 -0.034028116398294304 0.029656266660767924 0.038311131047000298 0.048265860141255917 0.055951029212349568 -0.0038270947003311451 -0.0072221467325202272
leaf_weight=6.1986697448883197 10.010085323825477 5.6202735744882366 12.730613249819724 10.06130319228396 13.528234090190379 3.309903395362201 4.5406229803338638 2.5210007028654209 16.259317801333964 2.9054037183523276 2.7837702278047791 1.7402360662817944 10.453124883119015 22.781838987953961
leaf_count=963 138 810 349 220 422 35 75 37 249 13 22 14 170 323
internal_value=0.000872359 0.00302366 0.00520729 0.00748903 -0.00595499 0.0115914 -0.00351975 0.0162793 0.0117349 0.0142175 0.00590855 0.00160946 0.00739601 -0.00207202
internal_weight=125.444 119.246 113.625 100.895 23.5895 77.3053 18.3037 59.0017 48.9916 46.4706 30.2112 27.4275 13.763 25.6872
internal_count=3840 2877 2067 1718 642 1076 280 796 658 621 372 350 205 336
is_linear=0
shrinkage=0.05


Tree=304
num_leaves=15
num_cat=0
split_feature=16 16 5 5 0 1 0 1 1 18 8 11 1 11
split_gain=13.033 1.93876 0.933575 10.0554 1.30541 2.87402 0.931335 1.71425 1.78517 1.76127 1.652 1.47363 1.51737 1.42284
threshold=1.0000000180025095e-35 8.5000000000000018 1.1886417238943825 1.1926211627717205 13.500000000000002 27.500000000000004 10.500000000000002 36.500000000000007 17.500000000000004 1.0844298245614039 1.5000000000000002 0.0085383198984951576 5.5000000000000009 0.00060628883768765196
decision_type=2 2 2 2 2 2 2 2 2 2 2 2 2 2
left_child=2 6 -1 -4 -5 -6 11 8 9 10 -8 12 -2 -14
right_child=1 -3 3 4 5 -7 7 -9 -10 -11 -12 -13 13 -15
leaf_value=-0.040498655007633805 -0.025266000673862473 0.03674501675241823 0.39968539908708345 -0.040485599069441387 -0.040286409513448411 0.14666606686908176 0.030942572060754486 -0.027410758027437754 0.033490329546872019 -0.033872896629401329 -0.012006041236890185 -0.0092245656912417363 0.0074832180485827349 0.037441626969511407
leaf_weight=16.292346391594041 2.6467451788485077 6.1561553776264182 0.14153667888604005 3.8865449633449316 0.57561922539025534 0.31977659231051803 6.0108494069427305 2.1816614232957354 10.99719751626253 2.2891836129128924 3.5680567212402821 15.804720835760234 16.068842290900651 5.2608856782317153
leaf_count=2185 13 192 12 691 116 14 58 15 115 29 32 149 173 46
internal_value=-0.000347174 0.00993004 -0.0347329 -0.0156532 -0.0279465 0.0264807 0.00738366 0.0149364 0.0189769 0.00552841 0.0149446 0.00262834 0.0104415 0.0148723
internal_weight=92.2001 70.9843 21.2158 4.92348 4.78194 0.895396 64.8281 25.0469 22.8653 11.8681 9.57891 39.7812 23.9765 21.3297
internal_count=3840 822 3018 833 821 130 630 249 234 119 90 381 232 219
is_linear=0
shrinkage=0.05


Tree=305
num_leaves=15
num_cat=0
split_feature=6 1 17 9 4 4 2 12 18 15 15 15 12 13
split_gain=8.32638 2.96771 1.29651 1.37225 1.17628 2.13881 2.23182 1.87166 1.82749 1.69781 2.12484 1.79059 1.65837 1.62102
threshold=2.5000000000000004 4.5000000000000009 0.26969696969696971 1.0000000180025095e-35 0.0074441635061103604 -4.1703461226379927e-16 1.6942955106182855 1.5757888296347782 0.57368421052631591 1.5303308823529413 1.5612500000000002 1.152680652680653 1.9997079567413589 1.5000000000000002
decision_type=2 2 2 2 2 2 2 2 2 2 2 2 2 2
left_child=1 2 3 -1 5 6 12 -8 -9 11 -11 13 -2 -6
right_child=4 -3 -4 -5 9 -7 7 8 -10 10 -12 -13 -14 -15
leaf_value=0.027638442480895364 -0.040993928356063421 -0.04239503895778899 -0.056688794661749399 -0.030485221587629254 0.04043409012272485 -0.035430288396170843 0.064849158495051615 -0.019172481373086112 0.014081252200520134 -0.060738719202947079 0.0040662843219764974 0.040454364112534308 -0.0023379264187283104 0.0076653496706526568
leaf_weight=3.4613141808658865 3.2478434117510941 13.054177523590623 0.83878748631104816 1.4370782545302061 4.4028221610933569 3.5434733303263775 1.6045686630532134 4.7667782912030807 31.004296052269638 1.4972762055695046 8.1492120865732414 6.9409033884294322 19.037992258556187 26.427744180895388
leaf_count=107 32 1879 41 50 68 41 34 66 474 7 129 138 255 519
internal_value=0.00154933 -0.0292223 0.000750514 0.0105863 0.00677646 0.00231067 0.00455222 0.0120197 0.00964993 0.0127291 -0.0059924 0.0175104 -0.00797149 0.012345
internal_weight=129.414 18.7914 5.73718 4.89839 110.623 63.205 59.6615 37.3756 35.7711 47.418 9.64649 37.7715 22.2858 30.8306
internal_count=3840 2077 198 157 1763 902 861 574 540 861 136 725 287 587
is_linear=0
shrinkage=0.05


Tree=306
num_leaves=15
num_cat=0
split_feature=10 11 5 11 5 4 12 12 1 15 8 12 4 18
split_gain=15.0681 2.32256 1.22557 1.10469 1.07185 1.46601 1.0897 0.933881 2.35525 1.26929 1.17307 1.07829 0.975782 1.19515
threshold=1.5000000000000002 0.19000905873514459 0.66659847376831338 -1.0000000180025095e-35 1.1798472407031921 -0.51868131868131828 2.6494164893940693 3.3542239315120468 22.500000000000004 0.080322580645161304 1.0000000180025095e-35 4.8045639978882413 0.0095238095238098248 0.98245073891625634
decision_type=2 2 2 2 2 2 2 2 2 2 2 2 2 2
left_child=-1 2 -2 -4 5 -5 -6 8 12 -9 -10 -11 13 -7
right_child=1 -3 3 4 6 7 -8 9 10 11 -12 -13 -14 -15
leaf_value=-0.040540606655888371 -0.032113490567279475 0.041098482153562217 -0.030085597663232239 -0.030780193020245952 -0.033501449551807054 0.0062583403698473917 0.0056697408765251532 -0.0059566495937431818 -0.039201080655374976 0.044128960105858692 0.0083038381943510483 0.01453839788292389 -0.0053137833067169642 0.036184112394394626
leaf_weight=18.70502755464986 1.8618795666843642 5.789189198985695 1.7288598492741574 1.7415515035390772 2.4488108903169614 5.4874541806057229 6.4571530818939209 2.6361316442489615 3.1097954432480028 7.60476530715823 2.2324123717844486 5.1729210717603564 3.4271373748779288 8.5110885659232718
leaf_count=3034 25 247 43 10 18 56 72 30 44 70 31 42 34 84
internal_value=-0.00150042 0.0110448 0.00772574 0.00919288 0.0105836 0.0140824 -0.00510089 0.0161287 0.00969469 0.0256324 -0.0193496 0.0321495 0.0185988 0.0244532
internal_weight=76.9142 58.2092 52.42 50.5581 48.8292 39.9233 8.90596 38.1817 22.7679 15.4138 5.34221 12.7777 17.4257 13.9985
internal_count=3840 806 559 534 491 401 90 391 249 142 75 112 174 140
is_linear=0
shrinkage=0.05


Tree=307
num_leaves=15
num_cat=0
split_feature=13 12 5 0 1 5 5 0 1 17 19 12 5 11
split_gain=10.3087 3.6738 1.812 2.33776 1.27549 1.27649 1.11364 1.10642 1.77375 1.76574 1.54781 2.27179 1.51702 1.34244
threshold=3.5000000000000004 23.853941230049966 1.2570494572073074 6.5000000000000009 37.500000000000007 1.9632013168378839 0.95776068230679401 8.5000000000000018 31.500000000000004 0.36602870813397131 1.0000000180025095e-35 5.4977810734224573 1.0000063762497451 0.0093561305708635429
decision_type=2 2 2 2 2 2 2 2 2 2 2 2 2 2
left_child=1 4 -2 -4 5 6 -1 9 10 12 13 -12 -8 -9
right_child=2 -3 3 -5 -6 -7 7 8 -10 -11 11 -13 -14 -15
leaf_value=-0.042039444022826555 -0.037641809052993282 0.041857047799467806 0.090050411358466545 -0.043836143047105369 -0.039986015850172058 0.03236423584413807 0.072423323038885865 -0.016064405633484269 -0.058968272307800162 -0.035093802560651581 -0.020203196444906736 0.038623080584575253 0.015871913491899661 0.015596929474131927
leaf_weight=1.3362395546864707 17.918530677445236 7.4046406419947735 0.65495273284613975 0.64921681419946253 1.5960427892860014 4.025282089598476 1.3273204932920624 12.069571107858801 1.289015564136206 1.5255328929051746 2.4036561406683168 5.1740877395495772 11.129617241211234 4.6330729976762077
leaf_count=71 2413 480 26 57 30 93 16 236 16 15 69 65 175 78
internal_value=-0.00206285 0.00914596 -0.0335003 0.0234016 0.00393811 0.005499 0.00285422 0.00437093 -0.00181319 0.0156797 0.0012211 0.0199634 0.0218976 -0.00728201
internal_weight=73.1368 53.9141 19.2227 1.30417 46.5094 44.9134 40.8881 39.5519 25.5694 13.9825 24.2804 7.57774 12.4569 16.7026
internal_count=3840 1344 2496 83 864 834 741 670 464 206 448 134 191 314
is_linear=0
shrinkage=0.05


Tree=308
num_leaves=15
num_cat=0
split_feature=0 14 5 15 18 17 7 15 1 11 5 7 0 2
split_gain=4.21593 4.32402 1.77087 2.01159 2.54251 2.59225 2.38534 2.81498 2.22657 2.12502 1.89418 1.70441 1.63535 1.69062
threshold=6.5000000000000009 1.5000000000000002 0.87454355411967166 0.66915422885572151 2.4765625000000004 0.11882352941176472 0.34668803418803423 1.5303308823529413 14.500000000000002 0.050049704152755621 0.67330598288245536 0.075657894736842118 7.5000000000000009 1.4184415364725895
decision_type=2 2 2 2 2 2 2 2 2 2 2 2 2 2
left_child=-1 -2 3 8 5 6 7 11 -3 -8 -11 -5 -4 -14
right_child=1 2 12 4 -6 -7 9 -9 -10 10 -12 -13 13 -15
leaf_value=-0.040497591472830018 -0.041086951532909519 -0.0087130382785785918 -0.02865770606115994 -0.044962643073322178 -0.042420679578062663 -0.026419697852158322 0.031200641310863583 0.043384255990015629 0.036862358349776289 0.043030768447452059 -0.045786869648005935 0.0020334872252902882 -0.017856244678498428 0.0055443855899359835
leaf_weight=5.8836359153501681 5.3374596105422816 3.4417181899771085 4.875949563458561 3.6064856266602892 2.5927869640290728 4.4961272673681369 16.745057139545683 2.2792585771530867 12.106734124477951 0.89586241263896171 1.8194596883840857 4.1484304256737232 9.3010821347124857 45.3617285231594
leaf_count=963 810 59 193 58 36 66 265 18 155 15 42 53 243 864
internal_value=0.000801487 0.00287817 0.00497955 0.0117084 0.00530533 0.00894584 0.0143369 -0.00546506 0.026774 0.0245473 -0.0164834 -0.0198224 -0.00091223 0.00156268
internal_weight=122.892 117.008 111.671 52.1319 36.5835 33.9907 29.4946 10.0342 15.5485 19.4604 2.71532 7.75492 59.5388 54.6628
internal_count=3840 2877 2067 767 553 517 451 129 214 322 57 111 1300 1107
is_linear=0
shrinkage=0.05


Tree=309
num_leaves=15
num_cat=0
split_feature=16 16 2 0 1 1 4 15 15 18 17 15 2 4
split_gain=12.1576 1.84629 0.951876 1.1222 1.90937 1.67544 1.60023 1.36776 1.55313 1.91903 1.66399 1.62141 1.22187 1.10241
threshold=1.0000000180025095e-35 8.5000000000000018 2.7816611859785825 10.500000000000002 36.500000000000007 17.500000000000004 -0.092284798534798332 0.94504830917874405 0.84815546772068517 1.1263888888888891 0.22649572649572652 0.3585714285714286 1.9439220748654937 -0.048190704853369709
decision_type=2 2 2 2 2 2 2 2 2 2 2 2 2 2
left_child=-1 2 3 7 5 6 -5 8 9 10 -2 -12 -8 -9
right_child=1 -3 -4 4 -6 -7 12 13 -10 -11 11 -13 -14 -15
leaf_value=-0.03449754679574691 -0.04830360343044815 0.036392728410609441 0.037341878758270122 0.033629373599596654 -0.03259491725407837 0.033178678214948472 -0.027169147689739871 -0.0029473020348518997 -0.039089816398803212 0.027212743159864758 -0.028279818378306256 0.015680403109269252 0.011846012488444017 0.021364056922734992
leaf_weight=20.224666447145864 2.5577024966478374 5.8592461673542848 2.4950154945254317 3.5137467663735178 1.989257875829934 10.349266288802026 3.8472208641469496 8.7512369807809574 3.5077580604702225 4.0696333423256865 3.5636362414807063 5.0985424052923918 4.1949238777160645 9.9815224623307603
leaf_count=3018 19 192 30 40 13 108 35 94 37 31 21 67 40 95
internal_value=-0.000363626 0.00952975 0.00706733 0.0058376 0.0143074 0.0185667 0.00548054 0.000445071 -0.00908375 -0.00219969 -0.0128681 -0.00240491 -0.00681816 0.0100067
internal_weight=90.0034 69.7787 63.9195 61.4244 23.8944 21.9052 11.5559 37.53 18.7973 15.2895 11.2199 8.66218 8.04214 18.7328
internal_count=3840 822 630 600 236 223 115 364 175 138 107 88 75 189
is_linear=0
shrinkage=0.05


Tree=310
num_leaves=15
num_cat=0
split_feature=6 1 17 6 11 3 13 2 3 13 18 11 2 5
split_gain=7.83847 2.87155 1.21716 1.32256 1.14081 1.31891 1.48524 2.09646 2.69807 2.33324 2.9755 1.658 1.64229 2.02799
threshold=2.5000000000000004 4.5000000000000009 0.26969696969696971 1.0000000180025095e-35 -0.051033470830031034 0.58570618264322194 4.5000000000000009 2.1107740529011898 1.3954592287312337 1.5000000000000002 2.4765625000000004 0.0025518886150095181 2.6474543930774388 0.80160957622240503
decision_type=2 2 2 2 2 2 2 2 2 2 2 2 2 2
left_child=1 2 3 -1 -2 -6 7 9 -9 -7 11 -11 -8 -14
right_child=4 -3 -4 -5 5 6 12 8 -10 10 -12 -13 13 -15
leaf_value=0.023864342072727907 0.040048307674280033 -0.042459084649920514 -0.056048106240891508 -0.040659775247295006 -0.012854488264506509 0.023137168978600853 0.014320408640779575 0.040462699444502592 -0.016958587701705559 -0.012368760142701893 0.021824093517751376 -0.045808386911992537 -0.046238187493144796 0.012693255345909161
leaf_weight=3.7779342308640507 2.492830133996903 12.378899183473548 0.80798571766354133 1.0055384770967064 8.6753743886947614 4.5513563230633762 59.534218989312649 5.6106312102638167 3.2196698430925608 8.5719417440705019 3.9681413122452787 6.5311299115419379 2.6109788650646797 3.3112920178100467
leaf_count=44 55 1879 41 113 134 60 951 131 38 120 93 94 21 66
internal_value=0.00157174 -0.0290261 0.00071303 0.0103007 0.00661269 0.00583069 0.00748632 -0.00125961 0.019526 -0.00902943 -0.016706 -0.0268293 0.0118225 -0.0132881
internal_weight=127.048 17.9704 5.59146 4.78347 109.078 106.585 97.9094 32.4529 8.8303 23.6226 19.0712 15.1031 65.4565 5.92227
internal_count=3840 2077 198 157 1763 1708 1574 536 169 367 307 214 1038 87
is_linear=0
shrinkage=0.05


Tree=311
num_leaves=15
num_cat=0
split_feature=10 11 5 11 4 4 1 11 10 1 1 11 5 18
split_gain=14.2377 2.23452 1.10982 1.0243 1.14769 1.56328 1.40854 2.03248 1.87627 1.60279 1.98334 2.34576 1.42832 1.44413
threshold=1.5000000000000002 0.19000905873514459 0.66659847376831338 -1.0000000180025095e-35 -0.51868131868131828 -0.10914862914862974 4.5000000000000009 0.016234719300656179 3.5000000000000004 13.500000000000002 20.500000000000004 0.11400737744892402 0.90639128327899476 1.0722996515679444
decision_type=2 2 2 2 2 2 2 2 2 2 2 2 2 2
left_child=-1 2 -2 -4 -5 -6 -7 -8 12 -10 -11 -12 -9 -14
right_child=1 -3 3 4 5 6 7 8 9 10 11 -13 13 -15
leaf_value=-0.040534285785425277 -0.030681820851983017 0.04108099352548969 -0.029372562041947881 -0.029616862063689294 0.026726864259975416 0.037724301652676866 -0.047109344680180736 0.036186333542179129 0.022749351483702333 -0.063179474006705899 -0.038344147187353086 0.019983039482479439 -0.01815015912589546 0.020211126007790958
leaf_weight=17.779772979672998 1.8366881143301714 5.4755171155557028 1.6891074664890755 1.7404682300984848 12.647654300555585 3.1883878875523797 1.9121724199503685 6.1287419563159409 2.9865112882107487 2.0178111549466831 3.1934749279171228 3.7455591205507517 3.9317268049344403 6.5247136186808348
leaf_count=3034 25 247 43 10 139 18 22 54 34 25 43 36 56 54
internal_value=-0.00146919 0.0107123 0.00748613 0.00889646 0.0102427 0.0117418 0.00610599 0.00279426 0.00613914 -0.00897122 -0.0195479 -0.00686024 0.0170204 0.0057869
internal_weight=74.7983 57.0185 51.543 49.7063 48.0172 46.2768 33.6291 30.4407 28.5285 11.9434 8.95685 6.93903 16.5852 10.4564
internal_count=3840 806 559 534 491 481 342 324 302 138 104 79 164 110
is_linear=0
shrinkage=0.05


Tree=312
num_leaves=15
num_cat=0
split_feature=13 12 11 2 1 5 0 2 4 12 15 15 2 4
split_gain=9.68824 3.49611 1.90629 1.71231 1.23197 1.15302 1.09926 1.28541 1.35433 2.23067 1.73727 1.68487 1.14271 0.933126
threshold=3.5000000000000004 20.244350546088853 0.091371893954874342 0.85039384551116426 37.500000000000007 0.95776068230679401 10.500000000000002 0.78343914900765232 0.24546485260770914 7.6288113517412599 0.82028875379939226 0.68090909090909102 1.2447699313547445 0.19614048150905927
decision_type=2 2 2 2 2 2 2 2 2 2 2 2 2 2
left_child=1 4 -3 -2 5 -1 13 -8 9 10 11 12 -9 -7
right_child=3 2 -4 -5 -6 6 7 8 -10 -11 -12 -13 -14 -15
leaf_value=-0.042014271948975494 0.023934676737546109 0.042649403697595671 -0.063117046624876966 -0.037301919418278338 -0.041455729946245502 0.0068412850519333256 0.053426997855998228 0.031922290204425566 -0.021592914122172194 0.036505473698810333 -0.047838504056149721 0.086076481830088786 -0.020810000505339633 0.029378277115169927
leaf_weight=1.2834975090809155 1.2227887362241769 8.5093870377168024 0.44847615621984083 17.185322704841383 1.5000536735169578 14.294520466122778 0.98431601561606186 1.4851780124008671 7.5611725877970448 3.8790119411423802 2.175841897726059 0.57388529088348139 3.3327785804867744 6.7672800347208968
leaf_count=71 10 552 3 2486 28 219 16 15 92 44 45 8 154 97
internal_value=-0.00199964 0.00889088 0.0373542 -0.0332342 0.00307461 0.00465236 0.00611133 -0.00228636 -0.00517146 0.00567582 -0.0101267 0.00509162 -0.0045548 0.0140826
internal_weight=71.2035 52.7954 8.95786 18.4081 43.8375 42.3375 41.054 19.9922 19.0079 11.4467 7.56768 5.39184 4.81796 21.0618
internal_count=3840 1344 555 2496 789 761 690 374 358 266 222 177 169 316
is_linear=0
shrinkage=0.05


Tree=313
num_leaves=15
num_cat=0
split_feature=0 0 12 7 5 13 12 10 15 1 0 2 1 14
split_gain=3.98058 4.08677 1.698 1.88907 1.81312 2.34215 2.23409 2.05847 2.09646 2.03976 2.03767 2.98054 2.10066 1.89524
threshold=6.5000000000000009 12.500000000000002 4.4923343301018823 0.11112409831685814 0.6101196609334637 13.500000000000002 4.3874685025344169 1.5000000000000002 0.72804314329738073 19.500000000000004 8.5000000000000018 1.4184415364725895 36.500000000000007 3.5000000000000004
decision_type=2 2 2 2 2 2 2 2 2 2 2 2 2 2
left_child=-1 2 4 -4 9 6 7 10 -9 -2 11 -6 13 -12
right_child=1 -3 3 -5 5 -7 -8 8 -10 -11 12 -13 -14 -15
leaf_value=-0.040486825811628546 -0.010918668557036345 -0.041092517077436545 -0.043478818505272798 -0.0016770646345080926 -0.062688556308833618 -0.0094114068831295857 0.062473629339957128 -0.037101502696798773 0.0073187707555783027 0.043068346225142856 0.0020692450729739233 0.0062439995922073561 0.056108483687375046 0.026655287893966224
leaf_weight=5.5873113009147337 2.366245639510451 5.0848919363925225 3.1654928738717016 18.486896751681343 1.8826836328953493 19.93922096118331 1.9906305456534017 4.4968732376582903 6.4893761551938951 6.7138477396219969 14.779637241736056 9.3862748220562917 3.4684453839436165 16.689974539913237
leaf_count=963 36 810 71 553 23 463 12 106 78 84 230 153 28 230
internal_value=0.000726234 0.00272962 0.00475802 -0.00778831 0.00783793 0.00540945 0.0104026 0.00859029 -0.0108633 0.0289995 0.0132156 -0.00527243 0.0191787 0.0151085
internal_weight=120.528 114.94 109.856 21.6524 88.2032 79.1231 59.1839 57.1933 10.9862 9.08009 46.207 11.269 34.9381 31.4696
internal_count=3840 2877 2067 624 1443 1323 860 848 184 120 664 176 488 460
is_linear=0
shrinkage=0.05


Tree=314
num_leaves=15
num_cat=0
split_feature=16 16 5 5 0 1 2 0 1 1 4 15 15 18
split_gain=11.3313 1.75293 0.978885 6.68923 1.27441 2.3216 0.907376 1.06243 1.75986 1.54772 1.50661 1.2792 1.44962 1.75777
threshold=1.0000000180025095e-35 8.5000000000000018 1.1886417238943825 1.1926211627717205 13.500000000000002 27.500000000000004 2.7816611859785825 10.500000000000002 36.500000000000007 17.500000000000004 -0.13743131868131866 0.94504830917874405 0.84815546772068517 1.1263888888888891
decision_type=2 2 2 2 2 2 2 2 2 2 2 2 2 2
left_child=2 6 -1 -4 -5 -6 7 11 9 10 -9 12 13 -2
right_child=1 -3 3 4 5 -7 -8 8 -10 -11 -12 -13 -14 -15
leaf_value=-0.040468297294638855 -0.012573863332062044 0.036000816247748875 0.268325247012214 -0.040469373218254008 -0.040267356926184744 0.12579428043899901 0.036565871267813091 0.038298924535362301 -0.031220209097470825 0.03222055136035467 -0.0046522913422015998 0.0095713689674307347 -0.038096947913285835 0.02607611529419028
leaf_weight=14.764799041906373 11.059345647692682 5.575913516804575 0.20062029222026367 3.4900227482430637 0.51900484808720637 0.35404175333678722 2.4528139289468518 2.663300201296809 1.9830305743962515 10.135993735864757 8.7477205693721789 18.498319081030786 3.4800258819013825 4.0077772289514533
leaf_count=2185 107 192 12 691 116 14 30 28 13 108 87 189 37 31
internal_value=-0.000397394 0.00912965 -0.0342125 -0.0139734 -0.0269539 0.0270747 0.00675244 0.00554524 0.0138538 0.0180021 0.0053724 0.000267899 -0.00901108 -0.00229317
internal_weight=87.9327 68.6042 19.3285 4.56369 4.36307 0.873047 63.0283 60.5755 23.53 21.547 11.411 37.0455 18.5471 15.0671
internal_count=3840 822 3018 833 821 130 630 600 236 223 115 364 175 138
is_linear=0
shrinkage=0.05


Tree=315
num_leaves=15
num_cat=0
split_feature=6 1 17 6 7 11 3 10 18 0 4 1 7 18
split_gain=7.33648 2.79347 1.16164 1.25297 1.08222 1.14653 1.3444 1.22844 1.76651 1.70679 1.64307 1.40106 1.05643 1.2483
threshold=2.5000000000000004 4.5000000000000009 0.26969696969696971 1.0000000180025095e-35 1.3620507399577171 -0.051033470830031034 0.58570618264322194 3.5000000000000004 0.97361111111111109 7.5000000000000009 -0.20953122682094777 43.500000000000007 0.12210358927760111 0.70080645161290334
decision_type=2 2 2 2 2 2 2 2 2 2 2 2 2 2
left_child=1 2 3 -1 5 -2 12 10 -9 -10 -8 -12 13 -7
right_child=4 -3 -4 -5 -6 6 7 8 9 -11 11 -13 -14 -15
leaf_value=0.023528149622563683 0.042511884817615801 -0.042432174513144703 -0.055710370840508942 -0.0406564469660355 -0.022697309139176655 0.034251917418476711 -0.026600398780025965 0.066903509504041461 -0.022746206995641685 0.03159169659028481 0.0070212304987691812 0.057004466000660906 -0.030394508639143999 -0.019597381064596187
leaf_weight=3.7023130133748081 2.2617887048982075 11.761356295086442 0.77645987947471429 0.95688163838349272 3.0957008097320786 1.9676571674644927 3.6044385936111203 2.0405785916373116 2.1603659670799971 4.3652446074411273 80.156641099601984 1.4269636459648598 4.1890609688125551 2.375510361045599
leaf_count=44 49 1879 41 113 120 28 43 34 27 56 1267 34 80 25
internal_value=0.00159278 -0.0287324 0.000910341 0.0103462 0.00643748 0.00730017 0.00652156 0.00825082 0.0262996 0.0136026 0.0064359 0.00789548 -0.01248 0.00479886
internal_weight=124.841 17.197 5.43565 4.65919 107.644 104.548 102.286 93.7542 8.56619 6.52561 85.188 81.5836 8.53223 4.34317
internal_count=3840 2077 198 157 1763 1643 1594 1461 117 83 1344 1301 133 53
is_linear=0
shrinkage=0.05


Tree=316
num_leaves=15
num_cat=0
split_feature=10 11 5 18 11 2 19 4 15 12 17 1 7 12
split_gain=13.4295 2.1492 1.03057 1.0228 1.4027 1.1274 0.963836 1.15083 1.62936 2.9988 1.55412 1.33051 1.67032 1.29916
threshold=1.5000000000000002 0.19000905873514459 0.66659847376831338 0.34062261268143629 -0.0041455337260741789 2.7093306115330473 1.5000000000000002 -0.51868131868131828 0.25198412698412703 2.5180399572362266 0.10263157894736843 29.500000000000004 0.44064722617354202 6.0205549612063907
decision_type=2 2 2 2 2 2 2 2 2 2 2 2 2 2
left_child=-1 2 -2 -4 -5 6 7 -6 10 -10 -9 13 -13 -11
right_child=1 -3 3 4 5 -7 -8 8 9 11 -12 12 -14 -15
leaf_value=-0.04051464496678147 -0.029617748783837064 0.041067004733226699 0.035306071433363409 -0.046140420873282628 -0.039940026672068724 0.037239091427856148 0.026269339780457486 0.030138179606002943 -0.029234134887771476 0.030060849329988794 -0.018694641762375754 -0.040480360376000862 0.012006043513445426 -0.013564118524809904
leaf_weight=16.912921035778709 1.8301948984153558 5.1687052790075532 3.3394254529848686 1.2250768151134241 1.4939057305455126 3.0870414841920129 5.0905314823612562 8.7423192011192494 7.2471561222337213 7.9166769413277525 2.0025082230567923 2.4907003128901115 3.8726752111688256 2.1755900587886572
leaf_count=3034 25 247 44 35 8 37 63 101 65 77 10 26 46 22
internal_value=-0.0014939 0.0103582 0.00721599 0.00860071 0.00663396 0.00809937 0.00590705 0.00302306 0.00488626 -0.00243521 0.0210372 0.00936719 -0.00853775 0.0206566
internal_weight=72.5954 55.6825 50.5138 48.6836 45.3442 44.1191 41.0321 35.9415 34.4476 23.7028 10.7448 16.4556 6.36338 10.0923
internal_count=3840 806 559 534 490 455 418 355 347 236 111 171 72 99
is_linear=0
shrinkage=0.05


Tree=317
num_leaves=15
num_cat=0
split_feature=13 12 11 5 0 1 5 11 18 6 4 18 18 18
split_gain=9.0386 3.35306 1.79443 1.75303 2.05226 1.14889 1.08767 1.08381 1.63481 1.28304 1.26021 1.82286 1.38477 1.49842
threshold=3.5000000000000004 20.244350546088853 0.091371893954874342 1.2570494572073074 6.5000000000000009 37.500000000000007 0.95776068230679401 -0.016569704534639292 1.0177338355304457 5.5000000000000009 0.0074441635061103604 1.2647569444444446 1.691964285714286 1.5631648936170215
decision_type=2 2 2 2 2 2 2 2 2 2 2 2 2 2
left_child=1 5 -3 -2 -5 6 -1 -8 -9 10 11 -10 13 -12
right_child=3 2 -4 4 -6 -7 7 8 9 -11 12 -13 -14 -15
leaf_value=-0.041944773688742609 -0.037333774054654621 0.042677534127225962 -0.060273967745445634 0.082838126157855407 -0.043748858140967024 -0.040993146787563904 -0.013271518990468058 -0.0043696160064810854 0.041721962220385461 -0.022354252910331062 0.032813182243351412 -0.032022573729182324 0.016345312334940434 0.091602476731163618
leaf_weight=1.2289042868651439 16.363272764720026 8.0403856197372043 0.44677329435944635 0.68086760258301982 0.60440468788146973 1.4422826911322761 6.2911765715107313 13.334312124876304 1.3279593000188534 1.7968329759314645 4.444389652227982 2.271115000359714 9.6174053463619185 1.4334448133595286
leaf_count=71 2413 552 3 26 57 28 104 261 23 28 80 33 142 19
internal_value=-0.00202391 0.00852711 0.0372581 -0.0329173 0.0233101 0.00288098 0.00439681 0.00580239 0.00930847 0.0180389 0.02184 -0.00481287 0.0280306 0.0471503
internal_weight=69.3235 51.675 8.48716 17.6485 1.28527 43.1878 41.7455 40.5166 34.2255 20.8911 19.0943 3.59907 15.4952 5.87783
internal_count=3840 1344 555 2496 83 789 761 690 586 325 297 56 241 99
is_linear=0
shrinkage=0.05


Tree=318
num_leaves=15
num_cat=0
split_feature=0 14 12 11 16 5 15 1 18 3 7 17 11 7
split_gain=3.75839 3.83689 1.60519 1.64204 1.65206 1.30248 2.00996 2.11992 2.1139 2.32361 3.04477 2.57357 2.01644 1.77051
threshold=6.5000000000000009 1.5000000000000002 14.229223217848045 0.11400737744892402 6.5000000000000009 0.87454355411967166 0.66915422885572151 14.500000000000002 2.4765625000000004 1.7636206896551727 0.20265645371577576 0.11882352941176472 0.025704413854438227 0.29217479674796759
decision_type=2 2 2 2 2 2 2 2 2 2 2 2 2 2
left_child=-1 -2 3 4 5 6 7 -3 9 10 12 -12 -8 -7
right_child=1 2 -4 -5 -6 13 8 -9 -10 -11 11 -13 -14 -15
leaf_value=-0.040473286721013378 -0.041051194739178676 -0.0076290987413408472 -0.041383255645647168 -0.040372915079843828 -0.040633392948632857 -0.018804528255071264 -0.045039249145685349 0.038621830075385916 -0.040350229508346561 0.06613544431613104 0.021620079369376786 -0.023645208212982154 0.015553591247469129 0.005672053441758142
leaf_weight=5.3089089326094827 4.8255858331685877 3.1688292268663636 1.8719164764042933 1.9302701330743719 1.8522293176501978 8.8256365898996574 4.1234598252922359 11.35658581741154 2.2657286385074249 1.7212980855256308 20.041111484169964 3.7235303623601785 2.0584748154506087 45.361616739071906
leaf_count=963 810 44 332 190 141 310 72 117 34 11 311 35 20 450
internal_value=0.0006426 0.00257213 0.00451587 0.00532316 0.00616725 0.00701175 0.0129676 0.0285318 0.00630531 0.00964336 0.00639625 0.0145277 -0.0248629 0.00168548
internal_weight=118.435 113.126 108.301 106.429 104.499 102.646 48.459 14.5254 33.9336 31.6679 29.9466 23.7646 6.18193 54.1873
internal_count=3840 2877 2067 1735 1545 1404 644 161 483 449 438 346 92 760
is_linear=0
shrinkage=0.05


Tree=319
num_leaves=15
num_cat=0
split_feature=16 16 5 5 0 1 11 11 12 12 11 16 11 12
split_gain=10.6853 1.66477 0.980718 4.92172 1.20967 1.93774 0.861602 1.84032 1.18523 1.97542 1.44282 1.4721 2.22961 1.15286
threshold=1.0000000180025095e-35 8.5000000000000018 1.1886417238943825 1.1926211627717205 13.500000000000002 27.500000000000004 -0.015088001167778973 -0.047782934153973382 3.3653468183733675 3.7161314744684057 0.03272241042815089 4.5000000000000009 0.00024920361063779378 3.9551032950817571
decision_type=2 2 2 2 2 2 2 2 2 2 2 2 2 2
left_child=2 6 -1 -4 -5 -6 7 -2 10 -10 11 12 -8 -11
right_child=1 -3 3 4 5 -7 8 -9 9 13 -12 -13 -14 -15
leaf_value=-0.040453957514957013 -0.026163000025982611 0.035727968949578977 0.19913964669308903 -0.040444328140495762 -0.040256833357521504 0.10960115853647777 -0.015854852908616001 0.026409326161740816 -0.029961243942230622 0.033776943723096989 -0.0077009745586166314 0.039126360425080262 0.025359066599584396 -0.0018936754788941264
leaf_weight=14.060194476391191 1.9708866300061334 5.3292255783453575 0.2564473208039989 3.2900431007146835 0.49019266152754415 0.38524213433265686 5.4423454757779899 10.712735617533324 5.8100456353276995 2.7044623531401184 7.6676574144512406 5.7561178421601644 8.2652887254953367 13.94438422936946
leaf_count=2185 25 192 12 691 116 14 39 133 39 27 76 106 59 126
internal_value=-0.000304298 0.00890639 -0.0339948 -0.0134569 -0.0265454 0.0256894 0.00661108 0.0182402 0.00363672 -0.00485927 0.0106695 0.0179065 0.00899589 0.00390071
internal_weight=86.0853 67.6031 18.4821 4.42193 4.16548 0.875435 62.2739 12.6836 49.5903 22.4589 27.1314 19.4638 13.7076 16.6488
internal_count=3840 822 3018 833 821 130 630 158 472 192 280 204 98 153
is_linear=0
shrinkage=0.05


Tree=320
num_leaves=15
num_cat=0
split_feature=6 1 17 6 4 4 2 12 18 1 15 15 13 1
split_gain=6.8603 2.68807 1.1075 1.18047 1.01254 1.90808 2.03043 1.77517 1.68826 1.54858 1.47631 2.08504 1.5901 2.05492
threshold=2.5000000000000004 4.5000000000000009 0.26969696969696971 1.0000000180025095e-35 0.0074441635061103604 -4.1703461226379927e-16 1.6942955106182855 1.5757888296347782 0.57368421052631591 39.500000000000007 1.4950980392156865 1.152680652680653 1.5000000000000002 10.500000000000002
decision_type=2 2 2 2 2 2 2 2 2 2 2 2 2 2
left_child=1 2 3 -1 5 6 -2 -8 -9 10 11 12 -6 -14
right_child=4 -3 -4 -5 9 -7 7 8 -10 -11 -12 -13 13 -15
leaf_value=0.02298590948737643 -0.0080184224658303646 -0.042456203937445841 -0.055529750399014477 -0.040644664375647448 0.037875949717222003 -0.033825208545809532 0.064603559044065298 -0.019022782993687037 0.013472505112013125 0.048325173343062529 -0.0080187051885489812 0.042822968115712109 -0.020419729954857961 0.012829365296507706
leaf_weight=3.6185955144464996 21.361859652213752 11.12754172622226 0.74724213173612941 0.91274454549420614 4.0594769800081876 3.5020975712686768 1.5046516619622696 4.6148917139507821 29.854463425930589 2.7372879488393655 9.3577719177119416 5.4239613730460396 6.3203441714867976 17.552598392125219
leaf_count=44 287 1879 41 113 67 41 34 66 474 73 137 106 93 385
internal_value=0.00157654 -0.0285167 0.00086848 0.0101688 0.00622153 0.00200343 0.00419186 0.0114425 0.00912191 0.0118676 0.00953123 0.0144547 0.00894608 0.00402669
internal_weight=122.696 16.4061 5.27858 4.53134 106.289 60.838 57.3359 35.974 34.4694 45.4514 42.7142 33.3564 27.9324 23.8729
internal_count=3840 2077 198 157 1763 902 861 574 540 861 788 651 545 478
is_linear=0
shrinkage=0.05


Tree=321
num_leaves=15
num_cat=0
split_feature=10 11 11 1 10 18 12 4 11 15 4 5 11 10
split_gain=12.7153 2.03863 1.15249 0.979594 2.01561 2.29757 2.2592 1.48685 1.8709 1.96779 1.44853 1.44099 1.40353 0.942189
threshold=1.5000000000000002 0.19000905873514459 -0.0041455337260741789 13.500000000000002 3.5000000000000004 1.4947916666666667 2.169157341998281 -0.14250723581357902 0.11400737744892402 0.80099009900990115 -0.51868131868131828 1.0174740476838822 0.072438221252411714 4.5000000000000009
decision_type=2 2 2 2 2 2 2 2 2 2 2 2 2 2
left_child=-1 2 -2 10 6 7 -5 -6 -9 -10 -4 -12 -8 -13
right_child=1 -3 3 4 5 -7 12 8 9 -11 11 13 -14 -15
leaf_value=-0.040497913836869737 -0.038759739159681034 0.041028090365530394 -0.027669744694411524 -0.043842109259783872 0.040879587363634201 -0.054375526535898978 -0.0041432495674407427 -0.037790732336565984 -0.022257177553635526 0.04606991031237239 0.029156456057561553 -0.016209821562543993 0.030999045611892002 0.025704286840135471
leaf_weight=16.075613936292939 1.3343721027486015 4.8542207507416597 1.7113867290318037 1.5090718669816876 1.6892058011144389 2.6422784933820358 4.0309121990576378 3.522876593284308 2.1279332702979445 2.0874043377116323 13.656200027093293 3.6194517659023395 9.6264287466183287 2.129702053964138
leaf_count=3034 40 247 10 16 15 40 40 42 24 24 121 35 128 24
internal_value=-0.00141758 0.010101 0.00707957 0.00834458 0.00207811 -0.0131692 0.0142122 -0.00162009 -0.0108975 0.0115779 0.016427 0.020316 0.0206269 -0.000683265
internal_weight=70.6171 54.5414 49.6872 48.3529 27.2361 12.0697 15.1664 9.42742 7.73821 4.21534 21.1167 19.4054 13.6573 5.74915
internal_count=3840 806 559 519 329 145 184 105 90 48 190 180 168 59
is_linear=0
shrinkage=0.05


Tree=322
num_leaves=15
num_cat=0
split_feature=13 12 2 11 1 5 18 11 18 18 7 2 14 4
split_gain=8.44881 3.16338 1.69745 1.68117 1.06943 1.02886 1.03539 1.4447 1.13838 1.86341 1.62174 1.08782 1.40474 1.10719
threshold=3.5000000000000004 20.244350546088853 0.85039384551116426 0.091371893954874342 37.500000000000007 0.95776068230679401 3.4694055944055946 -0.017028396426988276 1.0177338355304457 2.1014705882352946 0.13221420643729193 1.539327722046441 1.0000000180025095e-35 0.79923391374898534
decision_type=2 2 2 2 2 2 2 2 2 2 2 2 2 2
left_child=1 4 -2 -3 5 -1 7 -7 11 -10 -11 12 -9 -13
right_child=2 3 -4 -5 -6 6 -8 8 9 10 -12 13 -14 -15
leaf_value=-0.041869117913978654 0.02489187134604693 0.042693089830174058 -0.036946401703747876 -0.057561554356936828 -0.04043264863773411 -0.021690647681940692 0.030274380004009289 -0.023524114404871621 0.023877581708894757 -0.056415781415939448 0.0096813858233127832 -0.0090815663375446148 0.031643194384789873 -0.068109613203225089
leaf_weight=1.1720994529314328 1.1941912434995199 7.5479338131844989 15.692915446241384 0.44268431141972531 1.3804923633579154 5.0800092001445547 3.8596848449669769 1.714231642894452 13.949384847655894 1.4792345263995224 2.4903806110378355 7.0677799852564931 3.5302443699911237 0.89501057565212239
leaf_count=71 10 552 2486 3 28 81 64 26 221 21 42 183 47 5
internal_value=-0.00194924 0.00826935 -0.0325734 0.0371389 0.00285655 0.00430571 0.00565651 0.00303219 0.00706711 0.0152763 -0.014949 -0.00407071 0.013611 -0.0157163
internal_weight=67.4963 50.6092 16.8871 7.99062 42.6186 41.2381 40.066 36.2063 31.1263 17.919 3.96962 13.2073 5.24448 7.96279
internal_count=3840 1344 2496 555 789 761 690 626 545 284 63 261 73 188
is_linear=0
shrinkage=0.05


Tree=323
num_leaves=15
num_cat=0
split_feature=0 14 12 7 5 13 12 1 10 15 0 2 1 4
split_gain=3.54357 3.60899 1.53586 1.71981 1.62907 2.11024 1.94545 1.92108 1.8229 1.93386 1.83387 2.75275 1.82886 1.80652
threshold=6.5000000000000009 1.5000000000000002 4.4923343301018823 0.11112409831685814 0.6101196609334637 13.500000000000002 4.3874685025344169 22.500000000000004 1.5000000000000002 0.72804314329738073 8.5000000000000018 1.4184415364725895 36.500000000000007 -0.0046363169467314993
decision_type=2 2 2 2 2 2 2 2 2 2 2 2 2 2
left_child=-1 -2 4 -4 7 6 8 -3 10 -10 11 -6 -12 -7
right_child=1 2 3 -5 5 13 -8 -9 9 -11 12 -13 -14 -15
leaf_value=-0.04045886580749767 -0.041017860816678721 -0.0049363811485467679 -0.042775743404727409 -0.0019676387000013172 -0.061373418976759991 0.0012944019252540009 0.058378345416923084 0.04479367702648189 -0.036887878484484007 0.0068188917596282194 0.014222969423784624 0.0057975555971771639 0.052580075288887064 -0.031333112506893093
leaf_weight=5.0368389361537984 4.5842892430955535 2.946275685913859 3.0167645292822298 17.907827283488587 1.8285383293405164 12.981151425279679 1.9851280786097039 5.697203166782856 4.2274503083899599 6.3062461628578603 30.593429878819734 9.1960213021375221 3.4589784722775212 6.3020060239359728
leaf_count=963 810 51 71 553 23 292 12 69 106 78 460 153 28 171
internal_value=0.000559457 0.00242022 0.00429094 -0.00785107 0.0072617 0.00494782 0.00974102 0.0278423 0.00800482 -0.0107218 0.0123809 -0.00534345 0.0181192 -0.00936873
internal_weight=116.068 111.031 106.447 20.9246 85.5224 76.8789 57.5958 8.64348 55.6107 10.5337 45.077 11.0246 34.0524 19.2832
internal_count=3840 2877 2067 624 1443 1323 860 120 848 184 664 176 488 463
is_linear=0
shrinkage=0.05


Tree=324
num_leaves=15
num_cat=0
split_feature=16 16 5 5 0 1 2 0 1 1 4 11 8 16
split_gain=9.99619 1.57154 0.978161 3.93316 1.14814 1.6362 0.855694 0.978732 1.48867 1.44538 1.43338 1.19736 1.98281 1.32789
threshold=1.0000000180025095e-35 8.5000000000000018 1.1886417238943825 1.1926211627717205 13.500000000000002 27.500000000000004 2.7816611859785825 10.500000000000002 36.500000000000007 17.500000000000004 -0.092284798534798332 0.0085383198984951576 1.0000000180025095e-35 4.5000000000000009
decision_type=2 2 2 2 2 2 2 2 2 2 2 2 2 2
left_child=2 6 -1 -4 -5 -6 7 11 9 10 -9 12 13 -2
right_child=1 -3 3 4 5 -7 -8 8 -10 -11 -12 -13 -14 -15
leaf_value=-0.040439462352608223 -0.020942413879475659 0.035362056490095065 0.16083669958735422 -0.04042794976893245 -0.040246587038700453 0.096729595827177356 0.035737612678335015 0.032724312278294448 -0.028380619572384854 0.031162480021703656 -0.0067722191187877256 -0.011220531502771027 0.020702861619666155 0.02079416759838161
leaf_weight=13.35947911127005 7.011371785774827 5.0545711154118171 0.302467942237853 3.1082249805331235 0.46182853635400523 0.41295881732366979 2.3821844458580008 3.2503144619986442 1.9609872009605158 9.8085463754832727 7.8330644927918938 14.262280574068425 12.290791811421514 2.6171182235702872
leaf_count=2185 53 192 12 691 116 14 30 40 13 108 75 136 133 42
internal_value=-0.000317392 0.00856318 -0.0337719 -0.0129864 -0.0261864 0.0244154 0.00635764 0.00517209 0.0132728 0.0171825 0.00481054 5.55515e-05 0.00739259 -0.009598
internal_weight=84.1162 66.4712 17.645 4.28548 3.98301 0.874787 61.4167 59.0345 22.8529 20.8919 11.0834 36.1816 21.9193 9.62849
internal_count=3840 822 3018 833 821 130 630 600 236 223 115 364 228 95
is_linear=0
shrinkage=0.05


Tree=325
num_leaves=15
num_cat=0
split_feature=6 1 4 11 7 5 10 13 18 2 3 6 11 16
split_gain=6.4172 2.61163 1.07871 0.977224 1.22556 1.19171 1.54737 1.29156 1.81697 1.86594 2.71513 1.84613 1.56323 1.99953
threshold=2.5000000000000004 4.5000000000000009 0.10560613134142545 -0.051033470830031034 0.2490458015267176 0.55840840345674903 6.5000000000000009 7.5000000000000009 0.62701612903225812 2.0160511266724401 1.3954592287312337 4.5000000000000009 0.025704413854438227 1.0000000180025095e-35
decision_type=2 2 2 2 2 2 2 2 2 2 2 2 2 2
left_child=1 2 -1 4 -2 -5 7 8 -7 -10 11 -11 13 -9
right_child=3 -3 -4 5 -6 6 -8 12 9 10 -12 -13 -14 -15
leaf_value=-0.018836351584105095 0.066728428231358425 -0.042434859385399315 0.02744758423495601 -0.025567813633714388 -0.0075313025477103945 -0.036267233121298759 0.061963494767292959 0.025395506823956415 -0.0051011463917020258 0.042305735223516043 -0.018527964770326862 2.4378448931109771e-05 -0.002006664885107424 -0.0005486585327457563
leaf_weight=2.9342196109937495 1.4357248232699924 10.566146437777205 2.2048117031808943 3.029156617820262 0.90635436959564675 3.2629854185506693 1.23161598201841 23.43592976545915 29.377963359002024 7.8936845576390606 4.1622021570801726 3.8364316672086716 15.38672514259815 10.871681818738578
leaf_count=113 30 1879 85 20 25 36 23 522 457 168 50 77 247 108
internal_value=0.00159097 -0.0282153 0.00102096 0.00605639 0.0379909 0.00532662 0.00626755 0.00556921 -0.00023234 0.00236498 0.0161666 0.0284773 0.0112352 0.0171741
internal_weight=120.536 15.7052 5.13903 104.83 2.34208 102.488 99.4592 98.2276 48.5333 45.2703 15.8923 11.7301 49.6943 34.3076
internal_count=3840 2077 198 1763 55 1708 1688 1665 788 752 295 245 877 630
is_linear=0
shrinkage=0.05


Tree=326
num_leaves=15
num_cat=0
split_feature=10 11 13 1 10 12 11 3 3 18 11 11 1 13
split_gain=11.9944 1.96166 0.974979 1.25566 2.41485 1.91749 1.88607 1.47487 2.07098 1.44712 1.70078 1.31023 1.39024 1.51929
threshold=1.5000000000000002 0.19000905873514459 28.500000000000004 12.500000000000002 3.5000000000000004 2.169157341998281 0.072438221252411714 0.61385701676963833 0.67327315541601274 1.4947916666666667 0.10961072239829177 0.044538304309147937 5.5000000000000009 3.5000000000000004
decision_type=2 2 2 2 2 2 2 2 2 2 2 2 2 2
left_child=-1 2 3 11 5 -5 -7 -6 -9 10 -10 12 13 -2
right_child=1 -3 -4 4 7 6 -8 8 9 -11 -12 -13 -14 -15
leaf_value=-0.040480202343272542 0.030625782305371319 0.041017306153924987 0.037843410771698449 -0.042379212644088039 0.0094367591429469558 -0.013091799108630058 0.029690672681247688 -0.103400111083814 -0.042065655095123965 -0.052651004829823433 0.020715583787468468 0.031808361012615638 -0.018959210810047079 -0.0093613127029112606
leaf_weight=15.293581837788222 6.2534673139452952 4.5850230446085325 2.4057331862859419 1.4920448493212486 3.0511169126257283 3.5971847465261808 9.0755227319896203 0.88880738057196129 1.8378770793788133 2.5174127789214253 2.6118240859359503 7.0235092202201477 4.1455419892445198 3.8304372671991587
leaf_count=3034 51 247 31 16 37 40 122 11 31 48 26 78 38 30
internal_value=-0.00144644 0.00975042 0.00680854 0.00519684 -0.00238226 0.0112344 0.0175467 -0.020066 -0.0315244 -0.0223551 -0.00521519 0.0141378 0.00541576 0.0154364
internal_weight=68.6091 53.3155 48.7305 46.3247 25.0718 14.1648 12.6727 10.907 7.85592 6.96711 4.4497 21.253 14.2294 10.0839
internal_count=3840 806 559 528 331 178 162 153 116 105 57 197 119 81
is_linear=0
shrinkage=0.05


Tree=327
num_leaves=15
num_cat=0
split_feature=13 12 5 0 11 1 5 18 11 11 18 5 16 18
split_gain=7.91193 3.03219 1.73204 1.81679 1.57455 0.987402 0.974766 0.99746 1.31967 1.05064 1.12946 1.35275 1.45669 1.69501
threshold=3.5000000000000004 20.244350546088853 1.2570494572073074 6.5000000000000009 0.091371893954874342 37.500000000000007 0.95776068230679401 3.4694055944055946 -0.017028396426988276 -0.0026198660887064014 2.0841194968553465 1.8955646847729906 4.5000000000000009 1.3962940212940216
decision_type=2 2 2 2 2 2 2 2 2 2 2 2 2 2
left_child=1 5 -2 -4 -3 6 -1 8 -8 -10 11 12 13 -11
right_child=2 4 3 -5 -6 -7 7 -9 9 10 -12 -13 -14 -15
leaf_value=-0.0418092121042433 -0.036986182739682391 0.04272845495959951 0.077869966022957024 -0.043437422375832729 -0.054955498915908313 -0.039819788847540699 -0.020892927234039797 0.029852577467482995 0.028324436900875993 -0.0024723798462882619 -0.024746084652906113 0.052104166806054064 -0.049578704553587608 0.029802167940535702
leaf_weight=1.1238281598780293 14.956249983748423 7.1421436802484086 0.69825764792039879 0.55317273898981512 0.43781349435448635 1.3205829602666188 5.0355444524902806 3.7768458747304967 4.756858547916635 14.358443506993373 3.2622254483867428 1.5309080500155676 1.2210946693085123 5.6763649694621554
leaf_count=71 2413 552 26 57 3 28 81 64 94 268 48 19 36 80
internal_value=-0.00192626 0.00797671 -0.0322581 0.0242482 0.0370863 0.00273098 0.00411019 0.00541276 0.00283738 0.00671634 0.00277045 0.0067098 0.00344037 0.00667181
internal_weight=65.8503 49.6427 16.2077 1.25143 7.57996 42.0627 40.7421 39.6183 35.8414 30.8059 26.049 22.7868 21.2559 20.0348
internal_count=3840 1344 2496 83 555 789 761 690 626 545 451 403 384 348
is_linear=0
shrinkage=0.05


Tree=328
num_leaves=15
num_cat=0
split_feature=0 0 4 11 16 5 0 2 18 11 13 14 1 7
split_gain=3.35017 3.39666 1.43525 1.51775 1.44511 1.27254 1.97224 3.31129 2.45783 1.63241 1.76083 1.98967 2.0551 2.2206
threshold=6.5000000000000009 12.500000000000002 0.40000000000000008 0.048816746714801247 6.5000000000000009 0.87454355411967166 8.5000000000000018 2.3423710973324705 0.62701612903225812 -0.02126928654793955 10.500000000000002 4.5000000000000009 36.500000000000007 0.36562500000000009
decision_type=2 2 2 2 2 2 2 2 2 2 2 2 2 2
left_child=-1 2 3 4 5 -2 8 9 -7 -8 11 12 13 -11
right_child=1 -3 -4 -5 -6 6 7 -9 -10 10 -12 -13 -14 -15
leaf_value=-0.040449953578600026 0.01419594872187486 -0.040983153860364371 -0.036752431650334219 -0.012291164389890105 -0.040598798994896941 0.027112996823247679 -0.02466270956245474 -0.032801474960310516 -0.029097362098432666 -0.042720214517176253 -0.016453789777915773 0.04463660898446626 0.064398782759694226 0.01415788478842705
leaf_weight=4.7874220587545997 42.321696027182043 4.3554849948268375 2.1089757115114471 11.395052502863107 1.5633562523871649 2.5207921899855128 2.5841397929470906 4.400876586791127 8.5098990984261018 1.9284125599079036 3.5119379619136444 6.7453629164956501 1.7719806917011727 15.579867847263811
leaf_count=963 589 810 218 334 132 26 72 118 193 65 75 62 7 176
internal_value=0.000489663 0.00228288 0.00407858 0.00491597 0.00706033 0.00788935 0.00227656 0.0078726 -0.0162519 0.0134452 0.0167791 0.0212636 0.0130864 0.00789317
internal_weight=114.085 109.298 104.942 102.833 91.4383 89.875 47.5533 36.5226 11.0307 32.1217 29.5376 26.0256 19.2803 17.5083
internal_count=3840 2877 2067 1849 1515 1383 794 575 219 457 385 310 248 241
is_linear=0
shrinkage=0.05


Tree=329
num_leaves=15
num_cat=0
split_feature=16 16 5 5 14 1 2 11 11 1 18 18 11 12
split_gain=9.42142 1.48723 0.973055 3.21736 1.09171 1.40051 0.799927 0.919185 1.69141 1.12244 0.98301 1.37347 1.29492 1.32592
threshold=1.0000000180025095e-35 8.5000000000000018 1.1886417238943825 1.1926211627717205 1.0000000180025095e-35 27.500000000000004 2.7816611859785825 -0.015088001167778973 -0.047782934153973382 16.500000000000004 1.7884868421052633 1.3217647058823532 0.11886497104474349 3.2418655294953806
decision_type=2 2 2 2 2 2 2 2 2 2 2 2 2 2
left_child=2 6 -1 -4 5 -5 7 8 -2 -10 11 12 13 -9
right_child=1 -3 3 4 -6 -7 -8 10 9 -11 -12 -13 -14 -15
leaf_value=-0.040425231644658666 -0.025782121921160386 0.035035500133158669 0.13343103269788167 -0.040234441168379279 -0.040412000254064849 0.086638206992816227 0.034917598015336442 0.014001674026882183 0.00023711508889847954 0.036261662297718593 0.024157571756379295 -0.029583798344849695 -0.036126664970413364 -0.0052249880706407474
leaf_weight=12.727632238995286 1.9203155227005471 4.8283151667565098 0.3459976427257051 0.4339249555487189 2.9333515932084993 0.4361396892927587 2.3318436630070201 18.148021052591503 3.1013320758938772 7.14082857593894 4.4526167660951605 3.7126889172941437 2.0746285188943139 17.725070571526885
leaf_count=2185 25 192 12 116 691 14 30 195 37 93 37 38 24 151
internal_value=-0.000261782 0.00832906 -0.0335702 -0.0125435 -0.0258228 0.0233634 0.00620148 0.00505243 0.0172797 0.0253534 0.00182744 -0.000559175 0.00228051 0.00450169
internal_weight=82.3127 65.4357 16.877 4.14941 3.80342 0.870065 60.6073 58.2755 12.1625 10.2422 46.113 41.6604 37.9477 35.8731
internal_count=3840 822 3018 833 821 130 630 600 155 130 445 408 370 346
is_linear=0
shrinkage=0.05


Tree=330
num_leaves=15
num_cat=0
split_feature=6 1 17 6 2 7 11 3 10 18 0 4 1 7
split_gain=6.01261 2.53553 1.0272 1.11165 1.07727 0.929408 0.992406 1.18268 1.13044 1.51263 1.56441 1.47947 1.29417 0.956574
threshold=2.5000000000000004 4.5000000000000009 0.26969696969696971 -1.0000000180025095e-35 1.3745919176847217 1.3620507399577171 -0.051033470830031034 0.58570618264322194 3.5000000000000004 0.97361111111111109 7.5000000000000009 -0.20953122682094777 43.500000000000007 0.12210358927760111
decision_type=2 2 2 2 2 2 2 2 2 2 2 2 2 2
left_child=1 2 3 4 -1 6 -2 13 11 -10 -11 -9 -13 -8
right_child=5 -3 -4 -5 -6 -7 7 8 9 10 -12 12 -14 -15
leaf_value=-0.010481845491440408 0.040741538254616357 -0.042452410027063285 -0.054868929730996087 -0.04064536228264376 0.046037853689867354 -0.02206865349327522 0.0044567498371573177 -0.026107727023596296 0.062509923189401309 -0.02286655498267684 0.030592724717746468 0.0064270444155031733 0.056493464199755497 -0.029945484305327098
leaf_weight=1.4356882832944395 2.0975975692272177 10.023355277371591 0.70761123322881747 0.86452132475096632 2.0424680076539516 2.8859058578964314 4.1402965970337373 3.4678378202952436 2.0496741747483593 2.0424444172531366 4.1473628561943769 77.247110491618514 1.3126693596132089 3.9468223424628377
leaf_count=12 49 1879 41 113 32 120 53 43 34 27 56 1267 34 80
internal_value=0.00160396 -0.0278962 0.000993513 0.0100959 0.0227081 0.00590709 0.00671081 0.00598504 0.00762616 0.0252808 0.0129528 0.00585279 0.00726361 -0.0123329
internal_weight=118.411 15.0736 5.05029 4.34268 3.47816 103.338 100.452 98.3542 90.2671 8.23948 6.18981 82.0276 78.5598 8.08712
internal_count=3840 2077 198 157 44 1763 1643 1594 1461 117 83 1344 1301 133
is_linear=0
shrinkage=0.05


Tree=331
num_leaves=15
num_cat=0
split_feature=10 11 5 5 4 5 18 12 1 15 8 12 4 18
split_gain=11.282 1.87454 0.925458 0.912064 0.989529 0.974224 0.910271 0.904187 2.02995 1.14817 0.887169 0.86153 0.783944 0.960797
threshold=1.5000000000000002 0.19000905873514459 0.66659847376831338 1.1736343809363914 -0.51868131868131828 1.3427494756057776 1.1180340557275545 3.3542239315120468 22.500000000000004 0.05634920634920635 1.0000000180025095e-35 4.8045639978882413 0.037613243495597061 0.98245073891625634
decision_type=2 2 2 2 2 2 2 2 2 2 2 2 2 2
left_child=-1 2 -2 4 -4 6 -5 8 12 -9 -10 -11 13 -6
right_child=1 -3 3 5 7 -7 -8 9 10 11 -12 -13 -14 -15
leaf_value=-0.040462054168455289 -0.028980666152013369 0.040955945515614184 -0.02618921787697864 0.0013223285180659209 0.0032206595736841296 0.010751810615223222 -0.044177703928726095 -0.0089798877712307292 -0.039204794800170202 0.039994627198513648 0.0036394771257548201 0.012528772753830839 -0.011843015997550565 0.029802104286171385
leaf_weight=14.537750054965725 1.7692524250596751 4.3042649300768963 1.6887356042861927 2.041877397336064 5.6084766956046286 4.0581127943005413 2.3810362920630723 2.3798131048679343 2.9203840349800876 7.1717573301866633 2.0609429669566453 4.7435552915558219 2.349147625733166 8.6311329165473563
leaf_count=3034 25 247 10 24 63 61 21 28 48 77 35 44 32 91
internal_value=-0.00151444 0.00935156 0.00650592 0.00786977 0.0112143 -0.0069398 -0.0231722 0.0129755 0.00651252 0.0227275 -0.0214787 0.0290603 0.0149178 0.0193326
internal_weight=66.6462 52.1085 47.8042 46.035 37.5539 8.48103 4.42291 35.8652 21.5701 14.2951 4.98133 11.9153 16.5888 14.2396
internal_count=3840 806 559 534 428 106 45 418 269 149 83 121 186 154
is_linear=0
shrinkage=0.05


Tree=332
num_leaves=15
num_cat=0
split_feature=13 12 5 2 14 11 5 1 18 11 3 12 18 18
split_gain=7.35808 2.90871 1.67985 2.23822 2.12604 1.47859 0.933836 0.926413 0.92407 1.20905 1.02996 1.78473 0.966452 1.58345
threshold=3.5000000000000004 20.244350546088853 1.0794770582914126 0.85039384551116426 10.500000000000002 0.091371893954874342 0.95776068230679401 37.500000000000007 3.4694055944055946 -0.017028396426988276 1.3640215716486905 8.0467141980316281 1.0177338355304457 2.1014705882352946
decision_type=2 2 2 2 2 2 2 2 2 2 2 2 2 2
left_child=1 6 -2 -4 -5 -3 -1 8 9 10 11 -8 -11 -14
right_child=2 5 3 4 -6 -7 7 -9 -10 12 -12 -13 13 -15
leaf_value=-0.041709352200692454 -0.040581245390089851 0.042753934966644196 0.083294253155000067 -0.037058481090535972 0.097128736412836481 -0.05273183394126893 -0.042978788872658866 -0.039432514264645266 0.028985992904904247 -0.003941834373135669 -0.038857176911330227 0.05144019268013561 0.022159984112328494 -0.014065071515188357
leaf_weight=1.1598626000341017 12.158857579692265 6.7409198787063351 0.64226806536316816 2.3872550448868428 0.33683084917720396 0.43136898614466179 0.93680546828545219 1.2023086654953647 3.6764589357189825 12.967440860811626 2.9748688656836748 1.0745904352515934 13.536253946600484 3.8817273399326941
leaf_count=76 2100 552 4 353 39 3 32 23 64 261 40 9 221 63
internal_value=-0.00196191 0.0076139 -0.0319272 -0.00066982 -0.0204663 0.0370111 0.00252229 0.00379688 0.00512793 0.00264817 -0.0201715 0.00746465 0.0063929 0.014087
internal_weight=64.1078 48.5826 15.5252 3.36635 2.72409 7.17229 41.4103 40.2505 39.0481 35.3717 4.98626 2.0114 30.3854 17.418
internal_count=3840 1344 2496 396 392 555 789 713 690 626 81 41 545 284
is_linear=0
shrinkage=0.05


Tree=333
num_leaves=15
num_cat=0
split_feature=0 14 12 7 15 16 18 18 0 5 13 1 1 13
split_gain=3.17288 3.20919 1.36465 1.60365 1.54086 1.90142 1.63811 1.92734 1.46006 1.43397 1.91791 2.4248 3.20801 1.94313
threshold=6.5000000000000009 1.5000000000000002 4.4923343301018823 0.11112409831685814 0.6936114732724904 1.0000000180025095e-35 1.9301948051948055 1.8672955974842769 11.500000000000002 0.6101196609334637 26.500000000000004 34.500000000000007 40.500000000000007 1.5000000000000002
decision_type=2 2 2 2 2 2 2 2 2 2 2 2 2 2
left_child=-1 -2 9 -4 8 6 7 -6 -5 -3 11 13 -13 -11
right_child=1 2 3 4 5 -7 -8 -9 -10 10 -12 12 -14 -15
leaf_value=-0.040436885786795503 -0.040945790093693833 0.02658969107164761 -0.042154599926372688 0.026644179471260573 -0.0037757658934476322 -0.053808315376446883 -0.045388659176601141 0.066043178806644662 -0.042258800380953448 -0.041518706015078205 -0.028197260452659891 0.041059095730631857 -0.028056909258756441 0.0044399507331527371
leaf_weight=4.5400044071720904 4.1368316476000464 8.2519736746326071 2.8883183442521867 5.6464826972223845 5.615093906875698 2.3013574138749382 1.7769858138635752 1.1996131879277525 0.89002501987852145 2.3964372160844496 4.2003136957064262 8.9635223858058435 2.0658027883619061 57.085357796400785
leaf_count=963 810 120 71 100 148 47 206 6 46 42 120 126 49 986
internal_value=0.000506085 0.00223653 0.00396616 -0.00764763 -0.00192935 -0.0134455 -0.00263394 0.00851467 0.0172622 0.00681039 0.00462574 0.00658099 0.0281136 0.00258834
internal_weight=111.958 107.418 103.281 20.3179 17.4296 10.8931 8.59169 6.81471 6.53651 82.9634 74.7114 70.5111 11.0293 59.4818
internal_count=3840 2877 2067 624 553 407 360 154 146 1443 1323 1203 175 1028
is_linear=0
shrinkage=0.05


Tree=334
num_leaves=15
num_cat=0
split_feature=16 16 5 5 14 1 4 2 0 1 1 4 15 7
split_gain=8.83944 1.39153 0.963391 2.69814 1.03616 1.21183 0.849769 0.754068 0.892962 1.23178 1.34365 1.37794 1.14908 1.35106
threshold=1.0000000180025095e-35 8.5000000000000018 1.1886417238943825 1.1926211627717205 1.0000000180025095e-35 27.500000000000004 0.091620879120879392 2.7816611859785825 10.500000000000002 36.500000000000007 17.500000000000004 -0.092284798534798332 0.94504830917874405 0.26339712918660291
decision_type=2 2 2 2 2 2 2 2 2 2 2 2 2 2
left_child=2 7 -1 -4 5 -5 -3 8 12 10 11 -10 13 -2
right_child=1 6 3 4 -6 -7 -8 -9 9 -11 -12 -13 -14 -15
leaf_value=-0.04040966624107048 -0.041101478793199225 0.041555158243664396 0.11374282443139237 -0.040224912783335807 -0.040396225328200079 0.078418088062744515 -0.032367650159360377 0.034086137817577203 0.032344407249032085 -0.025542586236438455 0.030075744588473952 -0.0069765384379534938 0.0089864147972881954 -0.0031035183216702022
leaf_weight=12.098791512311438 2.7745028175413635 4.1443106448277822 0.38482598261907597 0.40817227459047023 2.7696491226088256 0.4553112662397325 0.42900562286376942 2.2990395054221144 3.1274127783253816 1.9221517983824004 9.49205374997109 7.7475261138752129 17.58137190900743 14.915115031413732
leaf_count=2185 31 182 12 116 691 14 10 30 40 13 108 75 189 144
internal_value=-0.000246832 0.00803713 -0.0333649 -0.012152 -0.0254869 0.022335 0.0346207 0.00600611 0.00488455 0.0127186 0.0163296 0.00433137 -6.61167e-05 -0.00906325
internal_weight=80.5492 64.4325 16.1168 4.01796 3.63313 0.863484 4.57332 59.8592 57.5601 22.2891 20.367 10.8749 35.271 17.6896
internal_count=3840 822 3018 833 821 130 192 630 600 236 223 115 364 175
is_linear=0
shrinkage=0.05


Tree=335
num_leaves=15
num_cat=0
split_feature=6 1 17 9 6 7 11 18 2 2 11 12 12 15
split_gain=5.65752 2.43422 0.973713 1.05293 1.16913 0.887386 1.37414 1.22866 1.47477 1.75076 1.57164 1.21378 1.55513 2.15739
threshold=2.5000000000000004 4.5000000000000009 0.26969696969696971 1.0000000180025095e-35 1.0000000180025095e-35 0.66599462365591411 -0.051033470830031034 0.5470861486486488 2.0224993440594736 1.9664830896366949 0.024277767530427822 1.6443589731579307 1.906708571395874 0.57979626485568769
decision_type=2 2 2 2 2 2 2 2 2 2 2 2 2 2
left_child=1 2 3 4 -1 6 -2 -7 9 -9 -10 -8 13 -13
right_child=5 -3 -4 -5 -6 7 11 8 10 -11 -12 12 -14 -15
leaf_value=0.041199230853343073 0.051614012651745346 -0.042470854920347773 -0.054514429772041462 -0.027869289243473358 -0.040869074177164302 -0.040057710395840579 0.042769087287695538 -0.0025417036524697113 0.030635674232144014 -0.059987611426848178 -0.030821060541605612 -0.051735490533115019 0.0079548540165218003 0.020231563664537204
leaf_weight=2.4048164747655387 1.7877999865449954 9.5173900030786154 0.68248503725044418 1.2859719790285451 0.52951561845839012 2.0209594331681755 2.3349486645311108 13.051345978630708 5.7542854375205925 1.4763561384752382 1.2698589107021687 2.5988963171839705 70.161254723090678 1.737613476347178
leaf_count=40 44 1879 41 50 67 32 54 241 103 10 9 30 1204 36
internal_value=0.00159157 -0.0277264 0.000895688 0.00985632 0.0263896 0.00572854 0.00827979 -0.00278044 0.000715126 -0.00837956 0.0195252 0.00727146 0.00615887 -0.0228987
internal_weight=116.613 14.4202 4.90279 4.2203 2.93433 102.193 78.6205 23.5728 21.5518 14.5277 7.02414 76.8327 74.4978 4.33651
internal_count=3840 2077 198 157 107 1763 1368 395 363 251 112 1324 1270 66
is_linear=0
shrinkage=0.05


Tree=336
num_leaves=15
num_cat=0
split_feature=10 11 10 1 2 12 11 4 7 7 7 3 3 11
split_gain=10.724 1.79943 0.880889 1.55882 1.5737 2.5432 1.31178 1.09981 1.03388 1.83942 1.4733 1.13536 1.90656 1.19431
threshold=1.5000000000000002 0.19000905873514459 2.5000000000000004 9.5000000000000018 2.2780208646550419 4.2574572361331731 0.047880829527813397 -0.071287964004499396 1.0977379323822554 0.90045045045045058 0.74511541257724467 0.61385701676963833 0.65918680475642522 0.11400737744892402
decision_type=2 2 2 2 2 2 2 2 2 2 2 2 2 2
left_child=-1 2 6 4 5 7 -2 -4 9 10 11 13 -13 -5
right_child=1 -3 3 8 -6 -7 -8 -9 -10 -11 -12 12 -14 -15
leaf_value=-0.040445270813615292 -0.0038238435247997618 0.040951050459686458 0.034476743966780514 -0.011899773088396751 0.04765877313779146 -0.040188916149602141 0.029131383091905352 -0.0030566226508525703 0.015593460801896464 -0.044191421415854387 0.035764524147793603 -0.080839899179429492 -0.011051960249894166 0.042721421314488778
leaf_weight=13.842560733901335 4.6940441350452593 4.0935855973511925 4.8682752046734077 2.5298496531322652 2.9524780111387363 2.2937300903722635 8.4651622148230654 3.2578593017533422 4.2186240646988145 3.5201429675798854 2.0233502592891446 1.1913453089073298 5.4817430737894028 1.6557618752121923
leaf_count=3034 38 247 55 23 25 15 104 32 59 35 27 13 95 38
internal_value=-0.00139559 0.00915251 0.00639188 0.00213984 0.0154358 0.00630543 0.0173759 0.0194292 -0.00648245 -0.0121603 -0.00340755 -0.0107067 -0.0235112 0.00970751
internal_weight=65.0885 51.246 47.1524 33.9932 13.3723 10.4199 13.1592 8.12613 20.6208 16.4022 12.8821 10.8587 6.67309 4.18561
internal_count=3840 806 559 417 127 102 142 87 290 231 196 169 108 61
is_linear=0
shrinkage=0.05


Tree=337
num_leaves=15
num_cat=0
split_feature=13 12 5 2 14 2 12 5 6 3 4 15 5 10
split_gain=6.87899 2.7543 1.66689 2.04254 1.90885 0.962598 1.73644 1.24076 1.22747 1.18362 1.51738 1.12754 1.40278 1.52284
threshold=3.5000000000000004 23.853941230049966 1.0794770582914126 0.85039384551116426 10.500000000000002 1.4920857255764577 4.0566842265680352 0.99864598340474686 5.5000000000000009 0.84600925390399084 -4.1703461226379927e-16 2.6742424242424243 1.2689484061319853 2.5000000000000004
decision_type=2 2 2 2 2 2 2 2 2 2 2 2 2 2
left_child=1 5 -2 -4 -5 7 -7 -1 9 -9 -11 12 13 -8
right_child=2 -3 3 4 -6 6 11 8 -10 10 -12 -13 -14 -15
leaf_value=-0.043131943201054207 -0.040564774513740569 0.04168293684053765 0.078614069661616326 -0.036740092516370747 0.086507922822536762 -0.034840566221426228 0.028803551421160423 0.07637050673354373 -0.032427437150843001 -0.016621815181381491 0.024498099664653938 -0.030310590602400496 -0.0070002086252089653 -0.023900223287106941
leaf_weight=0.95028772647492843 11.582084414432755 5.1929517658427349 0.65665611252188627 2.2939959458308299 0.36401215952355404 3.6701128397835445 8.0197723065502995 0.86656323075294395 1.2241196567192663 2.8163689579814664 11.03014308772981 2.3616468114778391 9.8648757804185134 1.6531250365078438
leaf_count=26 2100 480 4 353 39 323 107 3 16 40 211 22 104 12
internal_value=-0.00196101 0.00731037 -0.0316172 -0.000352759 -0.0198614 0.00310623 -0.00301218 0.0123702 0.0156796 0.0196821 0.0161343 0.00232192 0.00626641 0.0197963
internal_weight=62.5467 47.65 14.8967 3.31466 2.65801 42.457 25.5695 16.8875 15.9372 14.7131 13.8465 21.8994 19.5378 9.6729
internal_count=3840 1344 2496 396 392 864 568 296 270 254 251 245 223 119
is_linear=0
shrinkage=0.05


Tree=338
num_leaves=15
num_cat=0
split_feature=0 14 11 3 17 12 13 15 5 18 11 11 1 18
split_gain=3.00045 3.0298 1.29756 1.33911 1.96277 2.12457 2.22453 1.95646 1.90889 2.49569 1.8412 2.25053 2.00062 2.02884
threshold=6.5000000000000009 1.5000000000000002 0.11400737744892402 1.1736231884057975 0.11437908496732027 5.4977810734224573 30.500000000000004 0.94504830917874405 0.64584087887659691 1.0680760590500644 -0.020405747626242251 0.0087236753739503587 8.5000000000000018 2.8660714285714293
decision_type=2 2 2 2 2 2 2 2 2 2 2 2 2 2
left_child=-1 -2 3 4 5 6 -3 8 -6 -10 -5 12 -12 -14
right_child=1 2 -4 10 7 -7 -8 -9 9 -11 11 -13 13 -15
leaf_value=-0.040423309247122105 -0.04091312647027423 0.015989651272547863 -0.040343171235556585 -0.043269387913605246 0.048226408700147161 -0.02803508417541567 -0.031305736037513146 -0.03607194346221778 -0.019524234270938273 0.032398832761157806 -0.051543183981556488 -0.020101732465045725 0.032767025227417944 -0.038189368329851106
leaf_weight=4.3170200946042305 3.9410234146052963 55.639361733105034 1.6403437028639007 2.9679518849588957 1.9396359100937868 3.189337325282394 2.602518525440245 4.3963611735962322 8.4737210068851692 3.1837563957087687 0.99636264238506811 8.1462329311761987 7.5203070635907334 1.1632338515482841
leaf_count=963 810 811 190 134 9 74 54 81 183 29 33 243 153 73
internal_value=0.000435629 0.00210282 0.00376714 0.00448913 0.00744643 0.0117004 0.0138763 -0.00707682 0.00229819 -0.0053436 -0.00680653 -0.000735671 0.0155621 0.0232618
internal_weight=110.117 105.8 101.859 100.219 79.4247 61.4312 58.2419 17.9935 13.5971 11.6575 20.7941 17.8261 9.6799 8.68354
internal_count=3840 2877 2067 1877 1241 939 865 302 221 212 636 502 259 226
is_linear=0
shrinkage=0.05


Tree=339
num_leaves=15
num_cat=0
split_feature=16 16 5 5 14 1 4 11 11 2 19 8 12 17
split_gain=8.31694 1.33731 0.950464 2.31236 0.978669 1.05679 0.797107 0.731754 1.54294 1.07082 1.5263 1.5892 2.16659 1.55151
threshold=1.0000000180025095e-35 8.5000000000000018 1.1886417238943825 1.1926211627717205 1.0000000180025095e-35 27.500000000000004 0.091620879120879392 -0.047782934153973382 -0.016569704534639292 1.9984992907108539 1.0000000180025095e-35 1.5000000000000002 3.663799190556809 0.41101055806938164
decision_type=2 2 2 2 2 2 2 2 2 2 2 2 2 2
left_child=2 7 -1 -4 5 -5 -3 -2 -9 10 11 13 -13 -10
right_child=1 6 3 4 -6 -7 -8 8 9 -11 -12 12 -14 -15
leaf_value=-0.040396046072807605 -0.024929518854008261 0.041506845439269247 0.099198372818952316 -0.040215980550054126 -0.040381704235542798 0.071306089359528119 -0.030458341398801436 0.026116499073752599 -0.055001664951009492 0.011543437713232164 0.0091926626389062134 0.032013082677702129 -0.022311053344958809 -0.0064157247618135994
leaf_weight=11.532067141146397 1.878736339509486 3.93395444843918 0.4185615698806936 0.38612152694258872 2.6188539357390255 0.47222032863646746 0.42649461422115553 8.7438383726403099 3.5602097520604747 21.737610940821469 12.681220291182397 3.221250431612134 4.2662004539743066 3.0514733884483576
leaf_count=2185 25 182 12 116 691 14 10 118 31 244 122 32 25 33
internal_value=-0.000254358 0.00774575 -0.0331828 -0.0118306 -0.0251955 0.0211383 0.0344679 0.00577552 0.00678294 0.00329867 -0.00339361 -0.0147141 0.00106027 -0.0325779
internal_weight=78.9288 63.501 15.4278 3.89576 3.4772 0.858342 4.36045 59.1405 57.2618 48.518 26.7804 14.0991 7.48745 6.61168
internal_count=3840 822 3018 833 821 130 192 630 605 487 243 121 57 64
is_linear=0
shrinkage=0.05


Tree=340
num_leaves=15
num_cat=0
split_feature=6 1 17 6 2 19 13 3 7 11 11 5 5 7
split_gain=5.315 2.33744 0.91968 0.992092 0.98742 0.875405 1.10386 1.41531 1.27931 1.09594 2.07035 1.45123 2.0545 1.62775
threshold=2.5000000000000004 4.5000000000000009 0.26969696969696971 -1.0000000180025095e-35 1.3745919176847217 1.5000000000000002 4.5000000000000009 0.6359784283513098 0.72128060263653493 -0.0048253004924332368 -0.0080263752823453421 0.85078726120979264 0.73825541212968371 0.19810191518467854
decision_type=2 2 2 2 2 2 2 2 2 2 2 2 2 2
left_child=1 2 3 4 -1 9 -7 -8 -9 10 11 12 13 -2
right_child=5 -3 -4 -5 -6 6 7 8 -10 -11 -12 -13 -14 -15
leaf_value=-0.010203033066868109 0.050675418029216102 -0.042452282004915617 -0.053868888002536065 -0.040606244898693217 0.045301411762805666 -0.038773862049640472 -0.019791492335617805 0.046844712803106398 -0.014750922590796592 0.0033382110601786301 0.050911463671150819 0.020470113330351078 -0.026274819332460887 -0.0035559753491490966
leaf_weight=1.386246129870415 2.2117291726172024 9.0314855081960541 0.65901361790020008 0.78749224962666531 1.8988874610513446 2.314406793098895 3.992032194044441 2.2242770371958618 1.3574313353747127 61.973327131476253 3.5420730868354431 14.68747343495488 5.2328892177902162 3.6956122596748173
leaf_count=12 33 1879 41 113 32 94 77 30 25 971 79 350 72 32
internal_value=0.00161513 -0.0275378 0.000930108 0.00979743 0.0218799 0.00557869 -0.00855312 0.000681827 0.0235006 0.00710849 0.0150642 0.010148 -0.00346083 0.0167484
internal_weight=114.994 13.7631 4.73164 4.07263 3.28513 101.231 9.88815 7.57374 3.58171 91.3431 29.3698 25.8277 11.1402 5.90734
internal_count=3840 2077 198 157 44 1763 226 132 55 1537 566 487 137 65
is_linear=0
shrinkage=0.05


Tree=341
num_leaves=15
num_cat=0
split_feature=10 11 11 1 10 4 12 11 1 11 4 5 10 12
split_gain=10.1271 1.7193 1.0048 0.868361 1.50903 2.0216 1.90216 1.26041 1.19542 1.81365 1.1786 1.19518 0.841338 0.791412
threshold=1.5000000000000002 0.19000905873514459 -0.0041455337260741789 13.500000000000002 3.5000000000000004 -0.14250723581357902 2.169157341998281 0.072438221252411714 21.500000000000004 0.11400737744892402 -0.51868131868131828 1.0174740476838822 4.5000000000000009 3.7307322585698528
decision_type=2 2 2 2 2 2 2 2 2 2 2 2 2 2
left_child=-1 2 -2 10 6 -6 -5 13 -7 -10 -4 -12 -13 -8
right_child=1 -3 3 4 5 8 7 -9 9 -11 11 12 -14 -15
leaf_value=-0.040428744502080456 -0.038258554619076422 0.040931482936872508 -0.025176508707683228 -0.042167326209772281 0.039352739284646415 -0.048466843122712988 0.017090023059363763 0.028852059421379302 -0.037201276312912777 0.014359045067965578 0.027232490441218601 -0.015945761526948956 0.024958435312515886 -0.02819899764516641
leaf_weight=13.163360864273271 1.2386262281797815 3.8523311261087647 1.6544738747179533 1.4451329512521649 1.6184935057535756 2.8134921630844456 1.9397187610156827 8.7824377873912436 3.2042351099662483 3.6464952128008008 12.783096323721113 3.4018086651340118 1.9939729273319242 1.9188807737082241
leaf_count=3034 40 247 10 16 15 33 20 128 55 42 121 35 24 20
internal_value=-0.00138548 0.00883341 0.00617083 0.00738828 0.00126072 -0.012365 0.0121746 0.018387 -0.0210263 -0.00975684 0.0152261 0.0189031 -0.000829905 -0.0054322
internal_weight=63.4566 50.2932 46.4409 45.2022 25.3689 11.2827 14.0862 12.641 9.66422 6.85073 19.8334 18.1789 5.39578 3.8586
internal_count=3840 806 559 519 329 145 184 168 130 97 190 180 59 40
is_linear=0
shrinkage=0.05


Tree=342
num_leaves=15
num_cat=0
split_feature=13 12 5 2 14 5 11 6 3 18 18 18 2 11
split_gain=6.45037 2.6141 1.65369 1.87439 1.74071 0.898071 0.916497 0.930155 1.10233 1.38512 1.64437 1.79319 1.42091 1.10154
threshold=3.5000000000000004 23.853941230049966 1.0794770582914126 0.85039384551116426 10.500000000000002 1.9632013168378839 0.091371893954874342 6.5000000000000009 1.9023064687168614 1.8522079772079774 1.5631648936170215 1.6671940928270044 1.539327722046441 0.017352156323273919
decision_type=2 2 2 2 2 2 2 2 2 2 2 2 2 2
left_child=1 5 -2 -4 -5 6 7 8 9 10 12 -12 13 -1
right_child=2 -3 3 4 -6 -7 -8 -9 -10 -11 11 -13 -14 -15
leaf_value=0.0056107443811056765 -0.040545297112820067 0.041662849721672501 0.074547081503117549 -0.036542339759487716 0.078315825894997804 0.027595314858982756 -0.029595568586797457 -0.043406712261223661 0.021601116854825783 -0.021842390107318699 0.094136049651998191 -0.00011204075360326599 -0.010555741834650807 0.046047491727435927
leaf_weight=6.2946632700041025 11.021415267838163 4.8984778127633026 0.66994315013289396 2.1972611319506545 0.38814036780968297 3.4234522171318522 2.3196299073752007 1.0559898014180351 7.2383094243705264 5.8845480250893152 1.0412608787883066 0.97937746671959747 11.281321439775637 2.2994015887379646
leaf_count=91 2100 480 4 353 39 94 35 15 129 109 24 33 316 18
internal_value=-0.00188384 0.00710495 -0.031297 1.43694e-05 -0.0192989 0.00305691 0.000868935 0.00282782 0.00422201 -0.000306165 0.00548169 0.0484552 0.00111277 0.0164299
internal_weight=60.9932 46.7164 14.2768 3.25534 2.5854 41.818 38.3945 36.0749 35.0189 27.7806 21.896 2.02064 19.8754 8.59406
internal_count=3840 1344 2496 396 392 864 770 735 720 591 482 57 425 109
is_linear=0
shrinkage=0.05


Tree=343
num_leaves=15
num_cat=0
split_feature=0 14 5 15 18 17 1 7 15 11 5 0 2 2
split_gain=2.83674 2.85906 1.24021 1.59522 2.00871 2.06809 1.94334 1.8811 2.2565 1.62398 1.45966 1.41057 1.37153 1.57265
threshold=6.5000000000000009 1.5000000000000002 0.87454355411967166 0.66915422885572151 2.4765625000000004 0.11882352941176472 14.500000000000002 0.34668803418803423 1.5303308823529413 0.050049704152755621 0.67330598288245536 7.5000000000000009 2.5914022397130965 1.4184415364725895
decision_type=2 2 2 2 2 2 2 2 2 2 2 2 2 2
left_child=-1 -2 3 6 5 7 -3 8 -5 -9 -11 -4 13 -13
right_child=1 2 11 4 -6 -7 -8 9 -10 10 -12 12 -14 -15
leaf_value=-0.040410879266674485 -0.040883418697868608 -0.01157587889098367 -0.028934471947949417 -0.019625718667017397 -0.041208795825334849 -0.02628669929657634 0.03323282022626009 0.028594434879851527 0.038357465304002414 0.040665024009026191 -0.043882635630467591 -0.017044872948098751 -0.03555129891028292 0.0069581032247054671
leaf_weight=4.097846296732313 3.7465565876336759 3.0895370976068071 4.3278578820172688 7.0795870241709107 2.3376978468149892 4.0525270174257448 11.160742762032895 14.200585209764542 2.1991338990628719 0.75567547185346429 1.5733893604483453 8.2811801359057409 2.4615434876177451 38.782743046758696
leaf_count=963 810 59 193 111 36 66 155 265 18 15 42 243 100 764
internal_value=0.000394181 0.00200124 0.0036031 0.00958972 0.00342539 0.00691963 0.0235181 0.0121338 -0.00588322 0.0222475 -0.0164508 -0.0015604 0.000831726 0.00273464
internal_weight=108.147 104.049 100.302 46.4489 32.1986 29.8609 14.2503 25.8084 9.27872 16.5297 2.32906 53.8533 49.5255 47.0639
internal_count=3840 2877 2067 767 553 517 214 451 129 322 57 1300 1107 1007
is_linear=0
shrinkage=0.05


Tree=344
num_leaves=15
num_cat=0
split_feature=16 16 5 5 7 4 18 4 2 5 11 17 19 19
split_gain=7.78591 1.28293 0.933831 2.1049 2.26125 0.823417 0.723472 2.02814 1.29558 2.04243 2.02947 1.83219 1.70373 1.44291
threshold=1.0000000180025095e-35 8.5000000000000018 1.1886417238943825 1.2689484061319853 1.0424679487179491 0.11425111833424532 1.7884868421052633 0.012203652828652987 1.9984992907108539 0.65712686705271806 -0.017392842633955515 0.53137254901960795 1.0000000180025095e-35 1.5000000000000002
decision_type=2 2 2 2 2 2 2 2 2 2 2 2 2 2
left_child=2 6 -1 4 -4 -3 8 -8 9 -2 -11 12 -12 -14
right_child=1 5 3 -5 -6 -7 7 -9 -10 10 11 -13 13 -15
leaf_value=-0.040381273773676868 -0.044209822284644013 0.041453155224848097 -0.040462069267721612 -0.040350637062564129 0.088725540458102742 -0.034609987877776728 0.045293653900302044 -0.010950965496290379 0.012274896905053886 0.034026724250464921 -0.031965744725309581 0.015689560864961965 0.017251059490931822 -0.030947407950591678
leaf_weight=10.972098719212225 2.7983348257839706 3.758253567852079 0.56619174929801308 2.368141065700911 0.84312623762525618 0.39301211945712555 3.7333458345383397 2.8085500234737992 23.176889264956117 3.8928039865568307 7.4795662462711352 7.0976602090522638 4.9404483530670404 2.2645413316786289
leaf_count=2185 14 184 97 699 37 8 24 34 285 61 60 89 43 20
internal_value=-0.000331301 0.00739749 -0.0329993 -0.0115576 0.0368246 0.034252 0.00548176 0.0211469 0.00349766 -0.00364688 0.000774096 -0.00516864 -0.0152503 0.00210219
internal_weight=77.093 62.3434 14.7496 3.77746 1.40932 4.15127 58.1921 6.5419 51.6502 28.4734 25.675 21.7822 14.6846 7.20499
internal_count=3840 822 3018 833 134 192 630 58 572 287 273 212 123 63
is_linear=0
shrinkage=0.05


Tree=345
num_leaves=15
num_cat=0
split_feature=6 1 4 4 3 11 3 3 0 4 0 1 0 8
split_gain=4.99033 2.26144 0.877725 0.856196 1.75153 1.9051 1.98922 1.5652 2.30816 1.27665 1.78733 2.84441 2.47674 1.60801
threshold=2.5000000000000004 4.5000000000000009 0.10560613134142545 0.056669794354523483 1.6857651912978247 0.016234719300656179 1.9769353128313896 1.0008012820512822 11.500000000000002 0.050835816725647361 10.500000000000002 7.5000000000000009 9.5000000000000018 1.5000000000000002
decision_type=2 2 2 2 2 2 2 2 2 2 2 2 2 2
left_child=1 2 -1 9 7 -6 -7 8 -5 10 11 -2 13 -13
right_child=3 -3 -4 4 5 6 -8 -9 -10 -11 -12 12 -14 -15
leaf_value=-0.017814739375642274 -0.038740023327997516 -0.042467416848943382 0.02641767786943712 0.031034979923637764 -0.020305719501783021 0.074454432823398434 -0.0092770558616740856 0.03155887739651498 -0.039370014487370736 -0.032523289230041635 0.015164975323546551 0.016536421572996143 -0.024375103055596536 -0.005117801484030445
leaf_weight=2.6316638335119924 4.6667015007697037 8.5687592275207844 1.9545044483384115 2.4593211621977451 6.1733421853277815 1.3087556222453716 1.5486893430352209 12.709086594637482 2.2104363073594868 2.4875068739056578 23.594928422942758 21.199015328660607 7.2003739075735202 14.394622565014286
leaf_count=113 44 1879 85 48 115 16 38 291 38 31 456 364 73 249
internal_value=0.00164858 -0.0273009 0.00103595 0.00545867 0.013181 -0.00468163 0.0290733 0.0224632 -0.00229132 0.00268555 0.00391813 -0.00167319 0.00236896 0.00777912
internal_weight=113.108 13.1549 4.58617 99.9528 26.4096 9.03079 2.85744 17.3788 4.66976 73.5431 71.0556 47.4607 42.794 35.5936
internal_count=3840 2077 198 1763 546 169 54 377 86 1217 1186 730 686 613
is_linear=0
shrinkage=0.05


Tree=346
num_leaves=15
num_cat=0
split_feature=10 11 13 1 10 12 11 3 3 11 1 13 18 5
split_gain=9.56669 1.64491 0.832551 1.12898 1.81641 1.61207 1.63221 1.25317 1.34458 1.1923 1.21797 1.30475 1.16095 0.824692
threshold=1.5000000000000002 0.19000905873514459 28.500000000000004 12.500000000000002 3.5000000000000004 2.169157341998281 0.072438221252411714 0.61385701676963833 0.70049019607843144 0.044538304309147937 5.5000000000000009 3.5000000000000004 1.3763297872340428 1.0496366737918306
decision_type=2 2 2 2 2 2 2 2 2 2 2 2 2 2
left_child=-1 2 3 9 5 -5 -7 -6 -9 10 11 -2 -10 -11
right_child=1 -3 -4 4 7 6 -8 8 12 13 -12 -13 -14 -15
leaf_value=-0.040412311243565438 0.028942905335707578 0.040885541364868772 0.035763535077083727 -0.041013876551473191 0.0094487665471936783 -0.013651475234328079 0.027362216419134638 -0.083031632292497076 -0.0020342707852961349 0.042735324992912695 -0.018763189705227518 -0.0090320715504805579 -0.044952640856645874 0.0045068671122929496
leaf_weight=12.515238124993628 5.8650306100025791 3.6406073472462586 2.228909599594771 1.4218330513685966 2.8321963585913164 3.4290448906831434 8.2914372291415912 1.0178048303350804 3.5381039087660611 4.472355728968977 3.9336835248395792 3.681827487424016 2.8408381508197635 2.0608614357188344
leaf_count=3034 51 247 31 16 37 40 122 14 44 57 38 30 58 21
internal_value=-0.00137621 0.00854259 0.00596119 0.00443009 -0.00303382 0.00926364 0.0153629 -0.0188338 -0.0296631 0.0131461 0.00465026 0.0142975 -0.0211478 0.0306764
internal_weight=61.7698 49.2545 45.6139 43.385 23.3713 13.1423 11.7205 10.2289 7.39675 20.0138 13.4805 9.54686 6.37894 6.53322
internal_count=3840 806 559 528 331 178 162 153 116 197 119 81 102 78
is_linear=0
shrinkage=0.05


Tree=347
num_leaves=15
num_cat=0
split_feature=13 12 5 2 14 5 2 12 19 15 5 10 7 4
split_gain=5.99036 2.50145 1.62887 1.6888 1.59518 0.870151 0.85864 1.45217 1.15839 1.07526 1.3865 1.35313 1.30947 1.05145
threshold=3.5000000000000004 23.853941230049966 1.0794770582914126 0.85039384551116426 10.500000000000002 0.95776068230679401 1.4920857255764577 4.0566842265680352 1.5000000000000002 2.6742424242424243 1.2689484061319853 2.5000000000000004 1.1550480769230773 0.55337816944959706
decision_type=2 2 2 2 2 2 2 2 2 2 2 2 2 2
left_child=1 5 -2 -4 -5 -1 8 -8 13 10 11 12 -9 -7
right_child=2 -3 3 4 -6 6 7 9 -10 -11 -12 -13 -14 -15
leaf_value=-0.04162474219084248 -0.040524156418217529 0.041620759077597158 0.069804807565115923 -0.036293309411269271 0.071369670169580596 0.0029209980232785125 -0.033896010721350948 0.043163968906961066 0.04547527892304512 -0.029273145217648039 -0.0065987835063528802 -0.021115900051193494 -0.0011587406912577658 0.050589803746719945
leaf_weight=1.0722495891386632 10.46495161950588 4.6207236698828629 0.68541375547647421 2.1074315069708978 0.41117192083038379 12.218115936033426 3.0917551679303896 5.2779667945578748 2.3496093470603219 2.3307237131521097 9.6257048421539348 1.6185020543634889 2.4353148308582604 1.277783706318586
leaf_count=76 2100 480 4 353 39 190 270 70 39 22 104 11 33 49
internal_value=-0.00191711 0.00673244 -0.0309737 0.000219948 -0.0187169 0.00282885 0.00401381 -0.00187546 0.0130751 0.00277498 0.00671513 0.0204484 0.02917 0.00743425
internal_weight=59.5874 45.9184 13.669 3.20402 2.5186 41.2977 40.2255 24.38 15.8455 21.2882 18.9575 9.33178 7.71328 13.4959
internal_count=3840 1344 2496 396 392 864 788 510 278 240 218 114 103 239
is_linear=0
shrinkage=0.05


Tree=348
num_leaves=15
num_cat=0
split_feature=0 14 16 12 7 5 13 15 19 4 4 7 5 1
split_gain=2.67668 2.69324 1.19353 1.26046 1.45417 1.37188 1.7772 1.77188 2.27424 1.72049 1.94627 1.79199 1.68983 1.66178
threshold=6.5000000000000009 1.5000000000000002 6.5000000000000009 4.4923343301018823 0.11112409831685814 0.6101196609334637 13.500000000000002 0.55634920634920648 1.5000000000000002 -0.0046363169467314993 -0.014923469387755099 1.2165178571428574 0.65124127702127588 22.500000000000004
decision_type=2 2 2 2 2 2 2 2 2 2 2 2 2 2
left_child=-1 -2 3 5 -5 13 7 8 -7 10 -8 -11 -9 -3
right_child=1 2 -4 4 -6 6 9 12 -10 11 -12 -13 -14 -15
leaf_value=-0.040397045785034558 -0.040846497806809969 -0.0060479565766757629 -0.040580894328309816 -0.041223334861348514 -0.0017944266225548137 0.004607793252160956 -0.0063711002540514129 -0.037906080355378555 -0.042355739479822054 -0.041988759605614753 0.052520038915366732 0.042106626929476851 0.01802746625634901 0.043617272033686164
leaf_weight=3.8893804022809482 3.5627221538452423 2.5235854415222994 1.5186239343602199 2.7308766224887249 16.2726699213963 15.035467841429638 9.9163837037049234 1.4065511459484685 3.1112505481578401 5.0563377486541858 1.634149264078588 0.72421146277338255 33.777547104516998 5.063998625613749
leaf_count=963 810 49 144 71 538 197 225 32 52 150 20 15 506 68
internal_value=0.000315446 0.00186279 0.00340332 0.00409015 -0.0074605 0.00689532 0.00472588 0.00924621 -0.00344409 -0.00918396 0.00196072 -0.0314529 0.0157914 0.0270989
internal_weight=106.224 102.334 98.7717 97.253 19.0035 78.2495 70.6619 53.3308 18.1467 17.3311 11.5505 5.78055 35.1841 7.58758
internal_count=3840 2877 2067 1923 609 1314 1197 787 249 410 245 165 538 117
is_linear=0
shrinkage=0.05


Tree=349
num_leaves=15
num_cat=0
split_feature=16 16 5 5 7 4 15 4 15 7 15 15 4 1
split_gain=7.35492 1.22489 0.912933 1.94459 1.95656 0.76668 0.717938 1.72607 1.30105 1.05862 1.7576 1.8761 2.29845 1.70233
threshold=1.0000000180025095e-35 8.5000000000000018 1.1886417238943825 1.2689484061319853 1.0424679487179491 0.11425111833424532 1.5505050505050508 0.13283746597230492 1.4202037351443126 0.92572892040977151 0.26365441906653431 0.40967365967365971 -0.06532825387024245 5.5000000000000009
decision_type=2 2 2 2 2 2 2 2 2 2 2 2 2 2
left_child=2 6 -1 4 -4 -3 7 8 9 10 -2 -12 -13 -11
right_child=1 5 3 -5 -6 -7 -8 -9 -10 13 11 12 -14 -15
leaf_value=-0.040369071131556543 0.022808027142638208 0.041405614503859961 -0.040442702964513973 -0.040343019190425759 0.080674406114655026 -0.032492792613044739 0.021371421093465473 -0.034635021810319945 -0.031180601373135913 -0.0060876272214134292 -0.038879594269427345 0.023338843670644253 -0.012577464763664045 0.028826148349750176
leaf_weight=10.443435108638367 7.51165618374944 3.5642402209341522 0.53841560392174803 2.2362491936655715 0.87588299950584769 0.38931864779442538 6.236315897665917 2.8181866733357301 2.2879876289516679 5.1090802736580399 3.4801895096898106 7.1834107339382198 11.725169379264115 11.025967584922908
leaf_count=2185 103 184 97 699 37 8 71 31 16 41 32 84 122 130
internal_value=-0.000274861 0.00720985 -0.0328454 -0.0113218 0.0345658 0.0341286 0.00535504 0.00340197 0.00562026 0.00744928 0.00187948 -0.00514225 0.00106722 0.0177709
internal_weight=75.4255 61.3315 14.094 3.65055 1.4143 3.95356 57.378 51.1416 48.3235 46.0355 29.9004 22.3888 18.9086 16.135
internal_count=3840 822 3018 833 134 192 630 559 528 512 341 238 206 171
is_linear=0
shrinkage=0.05


Tree=350
num_leaves=15
num_cat=0
split_feature=6 1 17 6 2 7 3 3 2 2 13 2 5 10
split_gain=4.62634 2.20674 0.845279 0.941564 0.897096 0.832945 0.867359 2.41625 2.78408 1.48186 2.67985 2.04555 1.66802 1.53479
threshold=2.5000000000000004 4.5000000000000009 0.26969696969696971 -1.0000000180025095e-35 1.3745919176847217 1.3620507399577171 1.2702152267927187 1.3954592287312337 2.009945681415727 1.7187187333386496 4.5000000000000009 1.4477586136961855 0.55840840345674903 5.5000000000000009
decision_type=2 2 2 2 2 2 2 2 2 2 2 2 2 2
left_child=1 2 3 4 -1 6 9 -8 -9 10 11 -2 -11 -12
right_child=5 -3 -4 -5 -6 -7 7 8 -10 12 13 -13 -14 -15
leaf_value=-0.0089788250185425748 0.0019698404810341154 -0.042397656519769289 -0.052809685315366388 -0.040614667652485052 0.044961919392067985 -0.02237043830653393 0.049600540963444496 0.022451230211966031 -0.022987484965754382 -0.048758763758378898 0.00087343061545405829 -0.04849206297308941 0.01074497400455293 0.055501132368800089
leaf_weight=1.3499985337257387 3.2867848966270703 8.1405666142236424 0.62483559665270139 0.74728219024836962 1.7966143600642679 2.6538330500479779 4.1000060080550638 9.4150350571144354 5.2513560201041392 1.208741571754216 20.299153012223545 5.1628788118250668 45.930085230385885 1.3727227090857912
leaf_count=12 38 1879 41 113 32 120 112 155 63 7 304 42 898 24
internal_value=0.00161166 -0.0268444 0.00117507 0.00983776 0.0218196 0.00526216 0.00602582 0.0156677 0.00618173 0.00368383 -0.00497872 -0.0288632 0.00921917 0.00433362
internal_weight=111.34 12.6593 4.51873 3.8939 3.14661 98.6806 96.0268 18.7664 14.6664 77.2604 30.1215 8.44966 47.1388 21.6719
internal_count=3840 2077 198 157 44 1763 1643 330 218 1313 408 80 905 328
is_linear=0
shrinkage=0.05


Tree=351
num_leaves=15
num_cat=0
split_feature=10 11 11 5 5 4 2 12 2 1 18 13 18 14
split_gain=9.07538 1.5782 0.918681 0.803741 0.769129 0.898887 0.924059 1.02457 1.38925 1.28773 1.07381 0.933363 2.34158 0.999119
threshold=1.5000000000000002 0.19000905873514459 -0.0041455337260741789 0.66659847376831338 1.1798472407031921 -0.51868131868131828 1.9048281201776611 3.3542239315120468 2.326696647994329 21.500000000000004 1.0301697998787145 8.5000000000000018 0.59443972835314107 6.5000000000000009
decision_type=2 2 2 2 2 2 2 2 2 2 2 2 2 2
left_child=-1 2 -2 -4 5 -5 11 9 -9 10 -8 -7 -13 -14
right_child=1 -3 3 4 -6 6 7 8 -10 -11 -12 12 13 -15
leaf_value=-0.040395413459273111 -0.03777115845240641 0.040877787747970136 -0.027337687090169788 -0.024549508002932277 -0.0059539395987325298 0.030940471727244651 -0.0090320043237254073 0.00013701016539470389 0.0467315438353441 -0.028227515971814984 0.029516033465515418 0.049802154836019442 -0.041228259767462416 0.016526435205445937
leaf_weight=11.908437083067836 1.1768232565373171 3.4579169829376033 1.6406939197331656 1.6441265419125546 7.6988523583859196 10.281678500585256 4.0396618600934762 3.5330913979560128 2.9234325317665935 3.6295592375099659 3.2682169172912836 1.8462393824011076 2.1017559645697479 1.1632964219897983
leaf_count=3034 40 247 22 10 92 103 49 41 30 60 34 25 30 23
internal_value=-0.00129211 0.00832788 0.00582374 0.00699584 0.00833291 0.0115275 0.0133366 0.00544015 0.0212344 -0.00388344 0.00820738 0.0222595 0.00479724 -0.020651
internal_weight=60.3138 48.4053 44.9474 43.7706 42.1299 34.4311 32.7869 17.394 6.45652 10.9374 7.30788 15.393 5.11129 3.26505
internal_count=3840 806 559 519 497 405 395 214 71 143 83 181 78 53
is_linear=0
shrinkage=0.05


Tree=352
num_leaves=15
num_cat=0
split_feature=13 12 5 2 14 5 1 14 3 6 14 12 15 3
split_gain=5.60641 2.38747 1.61494 1.55234 1.75143 0.824475 0.79714 1.2009 0.993194 1.41473 1.17096 1.23574 1.20096 1.19048
threshold=3.5000000000000004 23.853941230049966 1.0794770582914126 1.0201104142632775 10.500000000000002 0.95776068230679401 30.500000000000004 7.5000000000000009 1.9769353128313896 5.5000000000000009 -1.0000000180025095e-35 14.229223217848045 0.78297101449275375 1.0214556055646484
decision_type=2 2 2 2 2 2 2 2 2 2 2 2 2 2
left_child=1 5 -2 -4 -5 -1 8 -8 10 -10 -7 12 -12 -14
right_child=2 -3 3 4 -6 6 7 -9 9 -11 11 -13 13 -15
leaf_value=-0.041567085418800838 -0.040502286663551879 0.041606623065875287 0.057880027669988836 -0.041052133288116355 0.074033871140676985 -0.028289096254033197 -0.04119745570077054 0.0083634278737409213 0.037334637713183419 -0.029686218615760668 0.016060074936932043 0.045320471918707611 -0.031716605592198098 0.0018986017930284569
leaf_weight=1.0236251120222721 9.9619982735021022 4.3752838661894193 0.85926945134997312 1.8903778332751247 0.40065522678196419 2.7356139721814534 2.3113618278875938 2.5940318681532517 4.6156014525331548 0.94935436919331539 10.360625360626736 1.8642604527994979 3.4835959565825751 10.797662108438088
leaf_count=76 2100 480 8 350 38 78 46 43 131 8 242 60 56 124
internal_value=-0.00185633 0.0065086 -0.0306347 0.00056901 -0.0209259 0.00273885 0.00388088 -0.0149891 0.00654027 0.0259012 0.00285572 0.00607007 0.00310062 -0.00630108
internal_weight=58.2233 45.111 13.1123 3.1503 2.29103 40.7357 39.7121 4.90539 34.8067 5.56496 29.2418 26.5061 24.6419 14.2813
internal_count=3840 1344 2496 396 388 864 788 89 699 139 560 482 422 180
is_linear=0
shrinkage=0.05


Tree=353
num_leaves=15
num_cat=0
split_feature=0 14 11 3 18 5 2 7 12 7 17 15 18 9
split_gain=2.52196 2.5327 1.11862 1.1767 1.72596 3.18021 2.47913 2.71269 2.80851 2.00664 2.4704 2.81014 1.75888 3.19491
threshold=6.5000000000000009 1.5000000000000002 0.11400737744892402 1.1736231884057975 1.1645833333333335 0.67330598288245536 1.9480065881853315 0.62387724550898216 4.4216367364106945 0.075657894736842118 0.072751322751322761 0.036149825783972127 0.6755681818181819 1.0000000180025095e-35
decision_type=2 2 2 2 2 2 2 2 2 2 2 2 2 2
left_child=-1 -2 3 4 5 -3 -6 8 -8 -7 12 -12 13 -11
right_child=1 2 -4 -5 6 9 7 -9 -10 10 11 -13 -14 -15
leaf_value=-0.040383129513026993 -0.040808661648102915 0.030202922114724803 -0.040323243062334445 -0.0069832739435992143 0.028086115516631368 -0.043966013588843611 -0.043845878571247492 0.027391977031691106 0.045649151713834872 0.04614671888492286 0.033089238766299309 -0.030018154731582217 -0.00092578016402262465 -0.029981483383141189
leaf_weight=3.6853427911410099 3.3820399927208191 7.8795128306373945 1.4539893565233786 19.834921268746257 17.420492952456701 2.982605116441845 4.4631578796543163 4.0895238604862243 1.0909024202264843 5.7284550424665239 2.1187923438847056 10.535674807382746 18.018475411925465 1.8148023486137388
leaf_count=963 810 143 190 636 179 90 147 48 17 71 14 239 273 20
internal_value=0.000242816 0.00172794 0.00320447 0.00386389 0.00668955 0.0010994 0.0168268 -0.0035124 -0.0262677 -0.00446682 -0.00138409 -0.0194518 0.00756043 0.0278313
internal_weight=104.499 100.813 97.4313 95.9773 76.1424 49.0783 27.0641 9.64358 5.55406 41.1988 38.2162 12.6545 25.5617 7.54326
internal_count=3840 2877 2067 1877 1241 850 391 212 164 707 617 253 364 91
is_linear=0
shrinkage=0.05


Tree=354
num_leaves=15
num_cat=0
split_feature=16 16 5 5 7 4 0 11 1 11 7 1 13 3
split_gain=6.94489 1.14971 0.888303 1.80097 1.7046 0.788856 0.70565 1.17251 1.19343 1.40769 1.05258 1.03253 1.81464 1.48552
threshold=1.0000000180025095e-35 8.5000000000000018 1.1886417238943825 1.2689484061319853 1.0424679487179491 0.12722832722832719 10.500000000000002 0.0085383198984951576 5.5000000000000009 -0.04908612347387397 0.97530487804878063 17.500000000000004 13.500000000000002 0.8610413396127683
decision_type=2 2 2 2 2 2 2 2 2 2 2 2 2 2
left_child=2 6 -1 4 -4 -3 7 8 -2 -10 -11 -9 -13 -14
right_child=1 5 3 -5 -6 -7 -8 11 9 10 -12 12 13 -15
leaf_value=-0.040355105394251703 -0.024630418189054551 0.041355624626262077 -0.040422753329223959 -0.040338490948795824 0.07383978215060015 -0.036004593669120441 0.012304282622995993 0.012610231675008325 -0.033592521597857319 0.0083555514564046043 0.035196536979215619 -0.042799371648156274 0.016934568673960104 -0.036388560910192991
leaf_weight=9.9455220422241819 2.4333116039633778 3.3815375557169314 0.51122957631014221 2.1179931685328484 0.90283236268442124 0.36511691007763136 21.673163485713303 3.6102430177852503 1.5138004999607826 11.719423998147251 5.3064376395195714 4.3975845398381335 4.0091404337435961 1.9372775731608269
leaf_count=2185 13 185 97 699 37 7 249 40 18 137 64 42 45 22
internal_value=-0.000254686 0.00699268 -0.0327054 -0.0111655 0.0325301 0.0338168 0.00521706 0.000819278 0.00829184 0.0126129 0.0167211 -0.0104119 -0.018447 -0.00043752
internal_weight=73.8246 60.347 13.4776 3.53206 1.41406 3.74665 56.6004 34.9272 20.973 18.5397 17.0259 13.9542 10.344 5.94642
internal_count=3840 822 3018 833 134 192 630 381 232 219 201 149 109 67
is_linear=0
shrinkage=0.05


Tree=355
num_leaves=15
num_cat=0
split_feature=6 1 11 5 10 12 4 7 1 17 6 12 14 15
split_gain=4.36582 2.11176 0.814092 0.96413 1.31102 1.08477 1.0377 0.902679 0.876206 0.79296 0.888886 0.764139 1.17909 1.45258
threshold=2.5000000000000004 4.5000000000000009 -0.051033470830031034 0.55840840345674903 6.5000000000000009 14.229223217848045 -0.20039889829805868 0.24047532656023224 43.500000000000007 0.26969696969696971 -1.0000000180025095e-35 2.9912095670976568 1.0000000180025095e-35 0.8765243902439025
decision_type=2 2 2 2 2 2 2 2 2 2 2 2 2 2
left_child=1 9 7 -4 5 6 -5 -2 11 10 -1 -8 -13 -14
right_child=2 -3 3 4 -6 -7 8 -9 -10 -11 -12 12 13 -15
leaf_value=0.021393577520739109 0.065556751702355837 -0.042414955274673656 -0.024533683249747508 -0.018737572376134649 0.05969553634848055 -0.041295041171099271 0.01136430444052563 -0.0013769646642106731 0.04506126445422666 -0.052223042022600696 -0.040592604056855768 0.028269874548299507 -0.0093605133226805168 0.0087310426334608685
leaf_weight=3.0464488808065653 1.1538359597325318 7.7270660796784796 2.7808830402791491 4.2636573077179483 1.0964334891177703 1.2644899070728559 36.194298930931836 0.89398922538384784 1.4508238565176714 0.60107653902377922 0.71388648555148249 3.8574416809715322 22.780578050296754 21.629462732002139
leaf_count=44 29 1879 20 65 23 118 702 26 44 41 113 109 297 330
internal_value=0.0016258 -0.0267145 0.00514439 0.00447426 0.00534599 0.0046943 0.00533918 0.0363365 0.00653406 0.00110191 0.00962572 0.00587227 0.00175396 -0.000549203
internal_weight=109.454 12.0885 97.3659 95.3181 92.5372 91.4408 90.1763 2.04783 85.9126 4.36141 3.76034 84.4618 48.2675 44.41
internal_count=3840 2077 1763 1708 1688 1665 1547 55 1482 198 157 1438 736 627
is_linear=0
shrinkage=0.05


Tree=356
num_leaves=15
num_cat=0
split_feature=10 11 11 5 5 4 2 12 15 1 18 18 18 13
split_gain=8.56891 1.51078 0.849003 0.731753 0.702883 0.848512 0.864803 0.944237 1.32372 1.20919 1.02113 0.893653 0.882584 2.18886
threshold=1.5000000000000002 0.19000905873514459 -0.0041455337260741789 0.66659847376831338 1.1798472407031921 -0.51868131868131828 1.9048281201776611 3.3542239315120468 0.2991228070175439 21.500000000000004 0.98245073891625634 0.92349498327759216 0.59443972835314107 8.5000000000000018
decision_type=2 2 2 2 2 2 2 2 2 2 2 2 2 2
left_child=-1 2 -2 -4 5 -5 12 9 -9 10 -8 -11 -7 -14
right_child=1 -3 3 4 -6 6 7 8 -10 11 -12 -13 13 -15
leaf_value=-0.04037886272782313 -0.037036560405220458 0.040863591067166583 -0.026210388306833501 -0.023971571202834684 -0.0056568102385578314 0.045282376460791057 -0.01647094179744639 -0.015926604583004027 0.034811375549570853 -0.0035108787368990958 0.022396444187377251 -0.053470866167994208 0.028474840295741662 -0.019750489409177271
leaf_weight=11.309372545802033 1.1364350239746261 3.2652689954265943 1.6211419808678318 1.6392593272030342 7.6516716890037051 3.1298234090208998 2.682591274846347 1.7887242017313827 4.5692198155447841 1.8654172429814937 4.5663695828989148 1.7207563302945343 8.7135167494416219 3.2233280539512625
leaf_count=3034 40 247 22 10 92 40 36 19 52 38 47 22 88 53
internal_value=-0.00125862 0.00804121 0.00562238 0.00674532 0.00803112 0.0111208 0.0129039 0.0052404 0.0205369 -0.00373544 0.00801296 -0.0274832 0.0216491 0.0154525
internal_weight=58.8829 47.5735 44.3083 43.1718 41.5507 33.899 32.2597 17.1931 6.35794 10.8351 7.24896 3.58617 15.0667 11.9368
internal_count=3840 806 559 519 497 405 395 214 71 143 83 60 181 141
is_linear=0
shrinkage=0.05


Tree=357
num_leaves=15
num_cat=0
split_feature=13 12 5 2 4 4 3 4 15 0 3 4 19 2
split_gain=5.2445 2.28432 1.58461 1.42277 1.39349 3.09394 0.79647 1.30558 1.19773 1.01905 1.23185 0.968573 1.10464 1.04359
threshold=3.5000000000000004 23.853941230049966 1.0794770582914126 0.85039384551116426 0.022545478865703645 0.023771850512356866 0.79748196448390696 -0.011037477053492421 0.043717152412804598 13.500000000000002 1.9407374890254612 0.029240140048792804 1.5000000000000002 0.91998078552296647
decision_type=2 2 2 2 2 2 2 2 2 2 2 2 2 2
left_child=1 6 -2 -4 -5 -6 -1 8 -8 11 -11 -9 13 -13
right_child=2 -3 3 4 5 -7 7 9 -10 10 -12 12 -14 -15
leaf_value=0.043986331967906883 -0.040482298159418138 0.041602815054078424 0.062942248749322666 -0.040538312972351435 0.2288548271076116 -0.02146086341869442 0.01297065029983395 0.035210027620010735 -0.03378257162720321 -0.030982130141314734 0.02871455982721216 0.041861369103367047 0.050717807851008628 0.00043600486290363416
leaf_weight=1.1318089738488186 9.4601268214755674 4.1492556184530249 0.70877786353230421 1.7583529431140053 0.16935544507578004 0.45537544402759522 1.9888820389751334 3.146365707274529 4.4012608814518899 3.4944588704966 1.1480886461213229 1.6333064548671306 1.2957111629657436 21.977921415353194
leaf_count=20 2100 480 4 330 3 59 65 68 92 109 28 39 33 410
internal_value=-0.00179167 0.00628104 -0.030326 0.000749216 -0.0177483 0.0463961 0.00263691 0.00143956 -0.019231 0.00547945 -0.0162193 0.00907038 0.00576829 0.0033016
internal_weight=56.919 44.3671 12.552 3.09186 2.38308 0.624731 40.2178 39.086 6.39014 32.6959 4.64255 28.0533 24.9069 23.6112
internal_count=3840 1344 2496 396 392 62 864 844 157 687 137 550 482 449
is_linear=0
shrinkage=0.05


Tree=358
num_leaves=15
num_cat=0
split_feature=0 14 5 15 18 17 1 7 15 11 5 0 13 4
split_gain=2.38651 2.38678 1.08043 1.44987 1.77101 1.87659 1.73586 1.63719 2.00422 1.39138 1.36629 1.2823 1.24181 1.23808
threshold=6.5000000000000009 1.5000000000000002 0.87454355411967166 0.66915422885572151 2.4765625000000004 0.11882352941176472 14.500000000000002 0.34668803418803423 1.5303308823529413 0.050049704152755621 0.66659847376831338 7.5000000000000009 17.500000000000004 -0.10726190476190463
decision_type=2 2 2 2 2 2 2 2 2 2 2 2 2 2
left_child=-1 -2 3 6 5 7 13 8 -5 -9 -11 -4 -7 -3
right_child=1 2 11 4 -6 12 -8 9 -10 10 -12 -13 -14 -15
leaf_value=-0.040371387687071783 -0.040770936450443176 0.025132612296733567 -0.028854654126520159 -0.019223114907873737 -0.040154715843914029 -0.049053988405885984 0.031599029655413273 0.027253634315334976 0.036295487480879123 0.043624573354109922 -0.042561236086617778 0.00042978902400516762 0.0093389568194030582 -0.040614282435003736
leaf_weight=3.5058689621509975 3.2145604832912786 1.2703397213481369 4.056383113609626 6.7371864870656371 2.2334136636927715 2.3461075015366073 10.745714232325552 13.168225878849624 2.1425473974086344 0.66413009166717474 1.4949391970876602 47.646036372170784 1.4879295506980268 1.641008068807422
leaf_count=963 810 25 193 111 36 39 155 265 18 14 43 1107 27 34
internal_value=0.000168808 0.00160665 0.0030311 0.00879649 0.00269569 0.00610864 0.0223205 0.0112564 -0.0058273 0.0211536 -0.0160505 -0.00186776 -0.0263926 -0.0119262
internal_weight=102.354 98.8485 95.634 43.9315 30.2745 28.0411 13.6571 24.207 8.87973 15.3273 2.15907 51.7024 3.83404 2.91135
internal_count=3840 2877 2067 767 553 517 214 451 129 322 57 1300 66 59
is_linear=0
shrinkage=0.05


Tree=359
num_leaves=15
num_cat=0
split_feature=16 16 5 13 7 4 18 4 11 2 5 11 17 19
split_gain=6.51309 1.09793 0.869118 1.68586 2.16737 0.733992 0.699128 1.76863 1.1595 1.33073 1.83359 1.7393 1.58414 1.67281
threshold=1.0000000180025095e-35 8.5000000000000018 1.1886417238943825 3.5000000000000004 1.0424679487179491 0.12722832722832719 1.7884868421052633 0.012203652828652987 0.11886497104474349 1.9984992907108539 0.65712686705271806 -0.017392842633955515 0.53137254901960795 1.0000000180025095e-35
decision_type=2 2 2 2 2 2 2 2 2 2 2 2 2 2
left_child=2 6 -1 -4 -5 -3 8 -8 9 10 -2 -12 13 -13
right_child=1 5 3 4 -6 -7 7 -9 -10 -11 11 12 -14 -15
leaf_value=-0.04034145572451911 -0.042035670453971274 0.041300384354183206 -0.04031361998048652 -0.040423496206543008 0.085069613771259545 -0.034048139978253893 0.043404309260268226 -0.010038829224752478 -0.034525705015852969 0.014040395671837826 0.033340596871365903 -0.030571269328787828 0.01560069371163627 0.0045483185830493267
leaf_weight=9.4472908363677544 2.6816597990691688 3.1926151234656568 2.0049227131530638 0.60342126432806231 0.80047853209543973 0.35961364023387421 3.6357701513916245 2.6960096228867769 1.9759455807507027 20.820732952095568 3.6501056905835894 7.1766209313645977 6.7835633195936671 6.4274189854040742
leaf_count=2185 13 185 713 111 9 7 24 34 27 269 61 58 88 56
internal_value=-0.000264866 0.00671886 -0.0325323 -0.0108899 0.0311304 0.0336724 0.00500447 0.0206487 0.00300399 0.00456386 -0.00282061 0.00155425 -0.00413664 -0.0139785
internal_weight=72.2562 59.4001 12.8561 3.40882 1.4039 3.55223 55.8478 6.33178 49.516 47.5401 26.7194 24.0377 20.3876 13.604
internal_count=3840 822 3018 833 120 192 630 58 572 545 276 263 202 114
is_linear=0
shrinkage=0.05


Tree=360
num_leaves=15
num_cat=0
split_feature=6 1 10 11 4 4 10 1 16 12 2 2 1 12
split_gain=4.09491 2.03825 0.77719 1.54708 1.2657 1.25942 1.04692 1.00341 1.44126 1.09373 1.8086 2.44733 2.26886 2.64492
threshold=2.5000000000000004 4.5000000000000009 3.5000000000000004 -0.002292919326715825 -0.20039889829805868 0.037613243495597061 4.5000000000000009 39.500000000000007 2.5000000000000004 3.0656399901903195 2.0160511266724401 1.9439220748654937 24.500000000000004 2.4196741019501489
decision_type=2 2 2 2 2 2 2 2 2 2 2 2 2 2
left_child=1 -1 4 -4 -2 6 -5 9 -9 10 11 -6 -12 -14
right_child=2 -3 3 5 7 -7 -8 8 -10 -11 12 -13 13 -15
leaf_value=0.0011593960778313488 -0.023435188990400386 -0.042363812850355988 0.072274586404922334 0.02946639585233244 0.0086266458267212562 0.053610175324755233 -0.01309493413900276 0.039564995338849322 -0.036028742162874806 -0.0014816486654659837 0.038638766969048763 -0.038562642682018068 -0.032237189390659303 0.037601016787215474
leaf_weight=4.2443502664100361 4.1271704807877532 7.3455222028424032 1.1843254594132302 2.2006019693799299 15.091742294840516 1.417106630746275 4.2070738198235631 3.9271895033307365 0.75113510433584441 45.09208449954167 9.2562482929788512 3.3591012812685213 3.1178801013156763 2.3987065898254514
leaf_count=198 62 1879 21 41 254 19 83 109 12 746 245 46 46 79
internal_value=0.00165085 -0.0264251 0.0050358 0.0190164 0.00359008 0.0109554 0.001522 0.00493401 0.0274279 0.0035903 0.0104741 3.55156e-05 0.0235115 -0.00187034
internal_weight=107.72 11.5899 96.1304 9.00911 87.1213 7.82478 6.40768 82.9941 4.67832 78.3158 33.2237 18.4508 14.7728 5.51659
internal_count=3840 2077 1763 164 1599 143 124 1537 121 1416 670 300 370 125
is_linear=0
shrinkage=0.05


Tree=361
num_leaves=15
num_cat=0
split_feature=10 11 10 1 2 12 4 11 16 7 2 10 2 3
split_gain=8.10402 1.44237 0.743063 1.17877 1.37881 2.53246 1.2349 1.09044 1.0704 1.15206 1.0701 1.01787 1.08153 0.924369
threshold=1.5000000000000002 0.19000905873514459 2.5000000000000004 9.5000000000000018 2.2780208646550419 4.4481558612518102 -0.071287964004499396 0.047880829527813397 6.5000000000000009 1.0977379323822554 2.7093306115330473 3.5000000000000004 2.1157532545895501 0.61385701676963833
decision_type=2 2 2 2 2 2 2 2 2 2 2 2 2 2
left_child=-1 2 7 4 5 6 -4 -2 9 10 11 12 -5 -13
right_child=1 -3 3 8 -6 -7 -8 -9 -10 -11 -12 13 -14 -15
leaf_value=-0.040362252141080086 -0.0039099779282140909 0.040817049256045512 0.033907889584012821 0.021838177757512778 0.044818579251415767 -0.046710750637091257 -0.0065818958294612488 0.027391177035681176 0.037067835150859131 0.014423976206032228 0.025560590862894129 -0.0019275694608359845 -0.028801587524874953 -0.040700040887494821
leaf_weight=10.759664961369706 4.371745338663457 3.0843170899897805 4.5864854296669355 2.3318656301125946 2.7248696144670239 1.9292674995958803 3.1948926765471723 7.6535507910884917 1.3193731112405647 3.8960055080242446 1.3733997279778112 2.0398743059486133 1.9245973695069549 6.2384814264951274
leaf_count=3034 38 247 57 36 25 12 33 104 9 59 21 37 22 106
internal_value=-0.00124481 0.00777387 0.00543552 0.00140554 0.0133888 0.00456942 0.0172835 0.0160118 -0.00638683 -0.00960701 -0.0163386 -0.0209294 -0.00105904 -0.0311461
internal_weight=57.4284 46.6687 43.5844 31.5591 12.4355 9.71065 7.78138 12.0253 19.1236 17.8042 13.9082 12.5348 4.25646 8.27836
internal_count=3840 806 559 417 127 102 90 142 290 281 222 201 58 143
is_linear=0
shrinkage=0.05


Tree=362
num_leaves=15
num_cat=0
split_feature=5 12 12 12 19 15 4 3 3 2 1 4 1 3
split_gain=4.98476 2.26531 1.53458 1.74858 1.82239 1.64743 1.45883 1.46477 1.21864 1.06075 1.01022 2.59932 1.50864 0.739706
threshold=0.95776068230679401 23.853941230049966 3.4897484138723192 1.9362899466125274 1.5000000000000002 1.7836257309941523 -0.062542517006803064 0.79393590501943567 0.55712530712530728 0.91998078552296647 8.5000000000000018 0.65436507936507915 9.5000000000000018 1.0008012820512822
decision_type=2 2 2 2 2 2 2 2 2 2 2 2 2 2
left_child=-1 2 3 4 5 8 -4 -8 -2 -9 11 -11 -12 -14
right_child=1 -3 6 -5 -6 -7 7 9 -10 10 12 -13 13 -15
leaf_value=-0.039129809358779306 0.071730320205377576 0.041402653060130058 -0.026226127416296399 -0.03312786669615457 0.091698209817871273 0.068093844452390737 0.070952175834441703 0.043430008288748406 -0.033002787052950969 0.043510558553714052 -0.057586560052713932 -0.033700315935722924 -0.033760441377065173 0.0054777795938490458
leaf_weight=7.7025377752142949 0.31331500783562605 3.7707151961512855 3.1717063583200789 6.0412804067600518 0.57739266694989044 0.63700671377591778 0.93661666265689092 1.9186287885531808 2.4465372527483851 4.259914270136508 1.0745551374275262 1.4648793451488016 1.2775339994113917 20.076643400941975
leaf_count=1627 5 479 162 726 14 7 57 45 220 70 10 13 49 356
internal_value=-0.00179296 0.00420262 0.00102879 -0.016183 0.00957507 -0.00438409 0.00607216 0.00937576 -0.0211129 0.00745792 0.00500647 0.0237536 0.000221385 0.00313032
internal_weight=55.6693 47.9667 44.196 10.0155 3.97425 3.39686 34.1805 31.0088 2.75985 30.0722 28.1535 5.72479 22.4287 21.3542
internal_count=3840 2213 1734 972 246 232 762 600 225 543 498 83 415 405
is_linear=0
shrinkage=0.05


Tree=363
num_leaves=15
num_cat=0
split_feature=0 14 13 16 1 2 0 7 6 3 1 5 5 2
split_gain=2.2509 2.2492 1.07436 1.77093 1.7708 1.68475 1.74619 1.57839 2.2774 2.34349 1.55241 2.40787 1.54103 1.54022
threshold=6.5000000000000009 1.5000000000000002 30.500000000000004 5.5000000000000009 34.500000000000007 1.4546201211002738 8.5000000000000018 0.62387724550898216 5.5000000000000009 0.83460404864015825 27.500000000000004 0.77588574315555314 0.59317807916471932 1.2905673409412772
decision_type=2 2 2 2 2 2 2 2 2 2 2 2 2 2
left_child=-1 -2 3 4 5 6 -3 8 9 10 11 -7 -11 -4
right_child=1 2 13 -5 -6 7 -8 -9 -10 12 -12 -13 -14 -15
leaf_value=-0.040356632167035562 -0.040731668430046671 -0.039239762315909518 0.055564011328212551 -0.040833178341136145 0.021274775922020876 0.020541812092201666 -0.00107551291095947 0.011875589332649927 0.038320596758793325 0.012395959017297191 0.034250335939470807 -0.034237514154381712 -0.037748705415434458 -0.036932877459730007
leaf_weight=3.3260146606480694 3.0576354460208668 4.5702532831346607 0.52528304047882501 2.1582396670710287 14.068988907267338 4.0614377898164147 8.7080409544287232 37.219167182454839 2.7366702323779455 1.9000889007002095 3.2939760962035498 3.9639065687078983 7.9123048433102667 3.1426925123669207
leaf_count=963 810 120 4 164 247 50 233 675 33 10 59 116 255 101
internal_value=9.05528e-05 0.0014729 0.00284193 0.00391603 0.00500812 0.0019307 -0.0142113 0.00543939 -0.00459689 -0.0101549 0.00534792 -0.00651499 -0.0280386 -0.0236866
internal_weight=100.645 97.3187 94.261 90.5931 88.4348 74.3658 13.2783 61.0876 23.8684 21.1317 11.3193 8.02534 9.81239 3.66798
internal_count=3840 2877 2067 1962 1798 1551 353 1198 523 490 225 166 265 105
is_linear=0
shrinkage=0.05


Tree=364
num_leaves=15
num_cat=0
split_feature=16 16 5 5 7 4 15 4 15 7 18 2 12 2
split_gain=6.15726 1.04241 0.844289 1.58014 1.37256 0.753988 0.68951 1.58132 1.15762 0.982155 1.06467 1.36143 1.03705 0.930444
threshold=1.0000000180025095e-35 8.5000000000000018 1.1886417238943825 1.2689484061319853 1.0424679487179491 0.13283746597230492 1.5505050505050508 0.13283746597230492 1.4202037351443126 1.0241841491841495 0.72792207792207808 1.7356503737165674 1.6443589731579307 1.9984992907108539
decision_type=2 2 2 2 2 2 2 2 2 2 2 2 2 2
left_child=2 6 -1 4 -4 -3 7 8 9 12 11 -11 -2 -14
right_child=1 5 3 -5 -6 -7 -8 -9 -10 10 -12 -13 13 -15
leaf_value=-0.04032963008623059 -0.029446753382005239 0.041265468910848251 -0.040385414805265182 -0.04031905624565732 0.065152488034644115 -0.037464142230970103 0.020902956582280252 -0.034227130073232206 -0.030332548461818171 -0.029229754328967524 0.038056155217633843 0.033064781632229027 -0.0024432469930274134 0.014179472551626099
leaf_weight=8.995505739527287 2.2657966427505007 3.0561746698804195 0.46256145695224338 1.9000508781755341 0.92241824348457158 0.33771277125924815 5.9850531052798024 2.7059375839307895 2.196750375442206 1.7698746919631942 4.6904171863570809 1.7386883255094288 17.623002667911351 16.117514528334141
leaf_count=2185 29 186 97 699 37 6 71 31 16 19 51 32 174 207
internal_value=-0.000221043 0.00653708 -0.0324071 -0.0107126 0.0299045 0.0334314 0.00488032 0.00292755 0.00509423 0.00685474 0.022473 0.00164066 0.00329831 0.00549726
internal_weight=70.7675 58.4869 12.2805 3.28503 1.38498 3.39389 55.093 49.108 46.402 44.2053 8.19898 3.50856 36.0063 33.7405
internal_count=3840 822 3018 833 134 192 630 559 528 512 102 51 410 381
is_linear=0
shrinkage=0.05


Tree=365
num_leaves=15
num_cat=0
split_feature=6 1 6 13 2 15 12 3 13 18 4 11 0 5
split_gain=3.81788 1.94665 0.984905 0.967201 1.96881 2.15494 1.47372 1.49293 1.42724 1.83566 1.51745 1.51175 1.40987 1.37705
threshold=2.5000000000000004 4.5000000000000009 7.5000000000000009 4.5000000000000009 2.1107740529011898 1.4950980392156865 1.5410141963035755 1.2116506681724075 1.5000000000000002 2.4765625000000004 0.11425111833424532 0.0025518886150095181 10.500000000000002 1.1144190176069089
decision_type=2 2 2 2 2 2 2 2 2 2 2 2 2 2
left_child=1 -1 3 4 8 -6 -5 -8 -2 11 -11 -10 -13 -9
right_child=2 -3 -4 6 5 -7 7 13 9 10 -12 12 -14 -15
leaf_value=0.00087049507041578051 0.014701503650117463 -0.042250647261209473 0.054062372136150907 0.057940007204542947 0.031969998480411981 -0.03239993918094411 0.0036685022527703712 0.034098678613423812 -0.011586022249733346 0.059244926829364934 -0.010347946153625174 -0.061672908854863484 -0.0074960999047232234 -0.0326531949156404
leaf_weight=4.1891272437060234 4.2287389263510766 6.9751688847900368 1.0055541889742006 1.4269943344406772 6.0912874583154908 1.6530420728959141 55.711930410470814 7.0885291025042525 7.6838093018159288 1.2370172962546342 2.1355487031396478 4.0247612271923572 1.7115278900600968 0.86712968535721291
leaf_count=198 61 1879 16 34 149 23 976 178 121 20 77 51 41 16
internal_value=0.00158655 -0.0260705 0.00484137 0.00431405 -0.00332118 0.0182301 0.00768811 0.0065618 -0.0112607 -0.0177985 0.0151779 -0.0260857 -0.0455083 0.026823
internal_weight=106.03 11.1643 94.8659 93.8603 28.7657 7.74433 65.0946 63.6676 21.0214 16.7927 3.37257 13.4201 5.73629 7.95566
internal_count=3840 2077 1763 1747 543 172 1204 1170 371 310 97 213 92 194
is_linear=0
shrinkage=0.05


Tree=366
num_leaves=15
num_cat=0
split_feature=10 11 10 1 2 12 4 11 5 16 7 2 10 2
split_gain=7.71951 1.37152 0.677147 1.10202 1.29585 2.33954 1.02536 1.02089 1.40885 0.983272 1.07798 0.971532 0.926494 0.98772
threshold=1.5000000000000002 0.19000905873514459 2.5000000000000004 9.5000000000000018 2.2780208646550419 4.4216367364106945 -0.071287964004499396 0.091371893954874342 1.0630119595584329 6.5000000000000009 1.0977379323822554 2.7093306115330473 3.5000000000000004 1.9893784585645766
decision_type=2 2 2 2 2 2 2 2 2 2 2 2 2 2
left_child=-1 2 7 4 5 6 -4 8 -2 10 11 12 13 -5
right_child=1 -3 3 9 -6 -7 -8 -9 -10 -11 -12 -13 -14 -15
leaf_value=-0.040348599853138184 0.023000611136666262 0.040788182876411165 0.03324576169686512 0.028055976801913914 0.044018002827577285 -0.041948080578879207 -0.0045502675696720059 0.044940699055151169 -0.016935852821600633 0.035750288820776965 0.014116285809975065 0.024640438674933058 -0.029952331725010935 -0.0212633112931142
leaf_weight=10.25202123710187 5.9693143852055055 2.9224121985025695 4.388058819808065 1.7204431034624637 2.6693896958604446 2.1033203443512321 3.0359031679108766 2.3663132996298364 3.5049924543127418 1.3092190199531604 3.8757508443668476 1.3429249180480827 8.1643088111886737 2.4764236574992537
leaf_count=3034 47 247 56 30 25 14 32 62 33 9 59 21 143 28
internal_value=-0.00112572 0.00764471 0.00538832 0.00151257 0.0132283 0.00460152 0.0177897 0.0155635 0.00822623 -0.00605228 -0.00916543 -0.0157499 -0.0201379 -0.0010456
internal_weight=56.1008 45.8488 42.9264 31.0857 12.1967 9.52728 7.42396 11.8406 9.47431 18.8891 17.5799 13.7041 12.3612 4.19687
internal_count=3840 806 559 417 127 102 88 142 80 290 281 222 201 58
is_linear=0
shrinkage=0.05


Tree=367
num_leaves=15
num_cat=0
split_feature=5 12 12 12 2 4 3 2 1 4 4 1 11 6
split_gain=4.7426 2.14966 1.43614 1.64084 1.66778 1.35364 1.331 0.986794 0.939737 2.39507 0.902474 0.842124 0.74112 1.43095
threshold=0.95776068230679401 23.853941230049966 3.4897484138723192 1.9362899466125274 1.4546201211002738 -0.062542517006803064 0.79393590501943567 0.91998078552296647 8.5000000000000018 0.65436507936507915 -0.045830699536452225 4.5000000000000009 -0.016163316564473281 5.5000000000000009
decision_type=2 2 2 2 2 2 2 2 2 2 2 2 2 2
left_child=-1 2 3 4 11 -4 -7 -8 9 -9 -10 -2 -12 -14
right_child=1 -3 5 -5 -6 6 7 8 10 -11 12 -13 13 -15
leaf_value=-0.039051509163353815 0.0034101753368379912 0.041384218770071188 -0.025610665699824287 -0.032732946305809384 -0.040312270540037665 0.067491911233130961 0.042451210594215347 0.042463412252702296 -0.048109373900268912 -0.031686741834400407 -0.015484368811278791 0.059063343048651289 0.011262183133476975 -0.045687640512699301
leaf_weight=7.36708090675529 1.3841751995496441 3.570945056853815 3.0952775657642624 5.8176092655630782 1.1860470821848137 0.94527511415072041 1.8635841840878153 4.168847085908058 0.92476924182848108 1.4740877607837317 4.5768517204560437 1.3356104199774561 15.545394285349163 1.1872537774033833
leaf_count=1627 29 479 162 726 202 57 45 70 17 13 96 15 280 22
internal_value=-0.00174723 0.00409068 0.00102956 -0.0159032 0.00916415 0.0059034 0.00908219 0.00722571 0.0048709 0.0230934 0.00024613 0.0307399 0.00234462 0.00722135
internal_weight=54.4428 47.0757 43.5048 9.72344 3.90583 33.7813 30.6861 29.7408 27.8772 5.64293 22.2343 2.71979 21.3095 16.7326
internal_count=3840 2213 1734 972 246 762 600 543 498 83 415 44 398 302
is_linear=0
shrinkage=0.05


Tree=368
num_leaves=15
num_cat=0
split_feature=0 14 12 7 16 15 12 10 15 2 19 7 5 15
split_gain=2.13497 2.13245 1.08799 1.33383 1.27584 1.38847 1.19136 1.11519 1.62368 1.39786 1.95402 1.34653 2.09556 1.16845
threshold=6.5000000000000009 1.5000000000000002 4.4923343301018823 0.11112409831685814 1.0000000180025095e-35 0.61200716845878145 4.4216367364106945 1.5000000000000002 0.56594202898550738 2.1635358369001843 1.0000000180025095e-35 0.62387724550898216 0.80160957622240503 1.5741758241758244
decision_type=2 2 2 2 2 2 2 2 2 2 2 2 2 2
left_child=-1 -2 6 -4 -5 -6 7 9 -9 -3 11 -11 -13 -10
right_child=1 2 3 4 5 -7 -8 8 13 10 -12 12 -14 -15
leaf_value=-0.040345932144643909 -0.040701421176217653 0.011685859540353736 -0.041381819864953102 0.0050228275918274253 0.017299406965616961 -0.05085720647484248 0.047143882559997782 -0.037458427158314767 0.011378357275649158 -0.042229617319549564 0.013967781203998726 0.050236097640233304 -0.02637510795977064 -0.032483986305144007
leaf_weight=3.161020283761899 2.9134856542805201 45.220694715389982 2.603102694964039 11.998709564562885 1.0901638059876853 2.3755204856861383 1.6712664808146644 3.5948776218574485 7.2472818302921933 4.1691568987444025 6.7961156372912219 1.3119813455268738 2.7923726218286902 1.9207390742376445
leaf_count=963 810 709 71 481 20 52 16 110 163 171 158 31 57 28
internal_value=8.33793e-05 0.0014187 0.00274119 -0.00826937 -0.00269559 -0.0294179 0.00540342 0.0044485 -0.00897833 0.00729084 -0.00589766 -0.0222157 -0.00188588 0.00218901
internal_weight=98.8665 95.7055 92.792 18.0675 15.4644 3.46568 74.7245 73.0532 12.7629 60.2903 15.0696 8.27351 4.10435 9.16802
internal_count=3840 2877 2067 624 553 72 1443 1427 301 1126 417 259 88 191
is_linear=0
shrinkage=0.05


Tree=369
num_leaves=15
num_cat=0
split_feature=16 16 5 13 7 5 0 11 1 11 7 1 13 3
split_gain=5.79885 0.983295 0.818916 1.4903 1.75204 0.777266 0.676907 1.01809 1.04687 1.24201 1.00405 0.894981 1.63443 1.33627
threshold=1.0000000180025095e-35 8.5000000000000018 1.1886417238943825 3.5000000000000004 1.0424679487179491 1.3176593409003867 10.500000000000002 0.0085383198984951576 5.5000000000000009 -0.04908612347387397 0.97530487804878063 17.500000000000004 13.500000000000002 0.8610413396127683
decision_type=2 2 2 2 2 2 2 2 2 2 2 2 2 2
left_child=2 6 -1 -4 -5 -3 7 8 -2 -10 -11 -9 -13 -14
right_child=1 5 3 4 -6 -7 -8 11 9 10 -12 12 13 -15
leaf_value=-0.04031932135708538 -0.023945556116303328 0.041223170270047071 -0.040305422936592006 -0.040389200516103729 0.075266836839199977 -0.041689454929180712 0.011735758174699835 0.011609638936287671 -0.032979620931975248 0.007290317499041462 0.034295105981086926 -0.041206249278993308 0.016563138254179526 -0.035335274251868797
leaf_weight=8.5692514991387707 2.3526978679001358 2.9003742262721057 1.8119628602871665 0.54659888928290434 0.81673799990676343 0.31318466830998648 20.914341256953776 3.4319393960759035 1.4386306442320371 11.339891236275436 4.9421148011460891 4.3059059865772706 3.8133784560486674 1.8381646825000642
leaf_count=2185 13 186 713 111 9 6 249 40 18 137 64 42 45 22
internal_value=-0.000262314 0.00626759 -0.0322824 -0.0105928 0.0288972 0.0331427 0.00467933 0.000269028 0.00739188 0.0115524 0.0154871 -0.0104095 -0.0179987 -0.000316823
internal_weight=69.3352 57.5906 11.7446 3.1753 1.36334 3.21356 54.3771 33.4627 20.0733 17.7206 16.282 13.3894 9.95745 5.65154
internal_count=3840 822 3018 833 120 192 630 381 232 219 201 149 109 67
is_linear=0
shrinkage=0.05


Tree=370
num_leaves=15
num_cat=0
split_feature=6 1 11 7 5 10 5 4 4 4 1 3 12 15
split_gain=3.52561 1.89109 0.779143 0.890654 0.884795 0.948781 1.29734 1.34088 1.0168 0.969207 0.970046 1.23578 0.977341 1.3291
threshold=2.5000000000000004 4.5000000000000009 -0.051033470830031034 0.2490458015267176 0.55840840345674903 3.5000000000000004 0.77810787933675118 0.019075851684547434 -0.17917486143393532 -0.20039889829805868 39.500000000000007 0.78812840505007675 3.0231537283891572 1.5505050505050508
decision_type=2 2 2 2 2 2 2 2 2 2 2 2 2 2
left_child=1 -1 3 -2 -4 9 -7 8 -8 -6 12 -12 13 -11
right_child=2 -3 4 -5 5 6 7 -9 -10 10 11 -13 -14 -15
leaf_value=0.00091873696903967995 0.06291171358012268 -0.042145989990406946 -0.024299207797619488 -0.0070449687025197468 -0.022108125061337101 0.075224361283760519 0.043148282576300434 0.050163856026325809 -0.01026200757698905 0.01365991883052349 -0.015752118450931354 0.04334646782098852 -0.0020070363668352859 -0.017293782054409561
leaf_weight=4.1430273606674728 1.1874746268149454 6.6266019463655539 2.6875419951975337 0.73758015898056317 3.620286264922469 0.9730869964696448 1.1291383942589153 1.8712617536075411 4.2268153936602184 27.096029792446647 1.2207464259117831 3.2119583403691649 41.852041375124827 3.9769448526203623
leaf_count=198 30 1879 20 25 59 23 20 34 85 588 27 90 715 47
internal_value=0.00151544 -0.0255792 0.00462661 0.036108 0.00396691 0.00481876 0.0210254 0.0137279 0.000997912 0.00317759 0.00436094 0.027071 0.00298052 0.00969824
internal_weight=104.561 10.7696 93.7909 1.92505 91.8659 89.1783 8.2003 7.22722 5.35595 80.978 77.3577 4.4327 72.925 31.073
internal_count=3840 2077 1763 55 1708 1688 162 139 105 1526 1467 117 1350 635
is_linear=0
shrinkage=0.05


Tree=371
num_leaves=15
num_cat=0
split_feature=10 11 13 1 10 1 12 11 11 2 12 3 2 5
split_gain=7.31145 1.31597 0.648174 0.907005 1.34724 1.89436 1.40891 1.51919 1.13059 0.985008 2.30812 1.02033 0.870199 0.734579
threshold=1.5000000000000002 0.19000905873514459 28.500000000000004 12.500000000000002 3.5000000000000004 17.500000000000004 2.169157341998281 0.072438221252411714 0.044538304309147937 2.326696647994329 4.1908123719209316 0.98089094449853953 1.6532660775605388 1.0496366737918306
decision_type=2 2 2 2 2 2 2 2 2 2 2 2 2 2
left_child=-1 2 3 8 6 -6 -5 -8 9 10 11 -2 -13 -10
right_child=1 -3 -4 4 5 -7 7 -9 13 -11 -12 12 -14 -15
leaf_value=-0.040333782117862496 -0.020179607001251838 0.040770207640968503 0.03306982132274356 -0.040449996308374057 -0.075487061011902723 -0.0086331109680903573 -0.01475969361196084 0.026282196111853912 0.041757037946262621 0.035235470540563779 -0.047508766815811378 0.036246328223189329 -0.0022220547361656638 0.0043051638781320426
leaf_weight=9.7663754267268796 2.131473116809504 2.7713373927399507 1.9883296918123949 1.3339293655008102 1.2117139461915929 8.4416026286780816 3.2146876687183958 7.5507497335784137 4.0908935819752505 2.0306138303130856 2.2631011831108472 3.4948456697165966 2.5375293157994747 1.9255400942638514
leaf_count=3034 17 247 31 16 26 127 40 122 57 17 24 37 24 21
internal_value=-0.00111965 0.0073936 0.00520249 0.00382506 -0.00309392 -0.0170248 0.00802067 0.0140266 0.011972 0.00337602 -0.0028285 0.00955732 0.0200645 0.0297707
internal_weight=54.7527 44.9863 42.215 40.2267 21.7527 9.65332 12.0994 10.7654 18.474 12.4576 10.4269 8.16385 6.03237 6.01643
internal_count=3840 806 559 528 331 153 178 162 197 119 102 78 61 78
is_linear=0
shrinkage=0.05


Tree=372
num_leaves=15
num_cat=0
split_feature=5 12 12 12 19 15 4 12 5 2 1 14 15 15
split_gain=4.49798 2.03819 1.33995 1.54401 1.59403 1.38517 1.24724 1.25953 1.09683 0.887737 0.750278 1.16634 1.01743 0.958282
threshold=0.95776068230679401 23.853941230049966 3.4897484138723192 1.9362899466125274 1.5000000000000002 1.7836257309941523 -0.062542517006803064 3.5790412079854748 1.2908825156187083 0.91998078552296647 31.500000000000004 8.5000000000000018 2.6742424242424243 1.4950980392156865
decision_type=2 2 2 2 2 2 2 2 2 2 2 2 2 2
left_child=-1 2 3 4 5 8 -4 -8 -2 -9 12 -12 13 -11
right_child=1 -3 6 -5 -6 -7 7 9 -10 10 11 -13 -14 -15
leaf_value=-0.038897489779169042 -0.032655777130149104 0.041368361086067687 -0.024931619850217978 -0.032270467896316969 0.084937325897408864 0.061416482477951465 0.074688979282934484 0.04092672234149277 0.067339344512524157 0.0066402251342879831 -0.039831061688013536 0.012875818306237963 -0.020609230731370991 0.032820505581337277
leaf_weight=7.0389823109144336 2.3144138447241853 3.3831229894421986 3.0113397144014007 5.6151221002801321 0.58389196568168689 0.63635321101173747 0.70847853901796298 1.8338806601241255 0.31109553831629444 16.541034719208266 2.1797262971522278 2.0244808905990794 2.6680358222220084 4.4317906519863746
leaf_count=1627 220 479 162 726 14 7 19 46 5 304 71 40 42 78
internal_value=-0.00166207 0.00400583 0.00105662 -0.0155541 0.00885308 -0.00476643 0.00576196 0.00880364 -0.0208074 0.00723086 0.00501165 -0.0144508 0.00847277 0.0121724
internal_weight=53.2817 46.2428 42.8596 9.46088 3.84575 3.26186 33.3988 30.3874 2.62551 29.6789 27.8451 4.20421 23.6409 20.9728
internal_count=3840 2213 1734 972 246 232 762 600 225 581 535 111 424 382
is_linear=0
shrinkage=0.05


Tree=373
num_leaves=15
num_cat=0
split_feature=0 14 12 7 4 1 1 3 18 5 0 1 13 0
split_gain=2.0295 2.0124 1.00503 1.2571 1.20598 1.37486 1.29192 1.19681 1.29343 1.09358 1.70428 1.46415 2.27399 1.59304
threshold=6.5000000000000009 1.5000000000000002 4.4923343301018823 0.11112409831685814 -0.18841455853174668 8.5000000000000018 9.5000000000000018 0.55712530712530728 1.9301948051948055 0.8228925857103776 7.5000000000000009 27.500000000000004 9.5000000000000018 8.5000000000000018
decision_type=2 2 2 2 2 2 2 2 2 2 2 2 2 2
left_child=-1 -2 9 -4 -5 -6 -7 -8 -9 -3 -11 -12 -13 -14
right_child=1 2 3 4 5 6 7 8 -10 10 11 12 13 -15
leaf_value=-0.040335102676487253 -0.040664799719134156 0.012796837940483108 -0.040644885520095902 0.034752075882543629 -0.043259217633469411 0.076198701019634968 0.042054217755509021 -0.00089071492832648233 -0.046499205692385387 -0.036401356480833841 -0.00272893857048661 0.041546682742459269 0.031216095783082771 -0.023535020514503534
leaf_weight=3.014123566041234 2.767136691720224 28.783415161306038 2.5370652950368848 1.88974814163521 2.2822271422483 0.52130809123627742 1.2236716281622637 7.3473097281530482 1.9716458332259206 2.9530437109060577 30.800171766895801 5.442767004715277 2.0908812060952187 3.6439698124304414
leaf_count=963 810 537 71 24 78 7 28 168 248 113 563 54 34 142
internal_value=5.25664e-05 0.00134411 0.00261472 -0.00805797 -0.00263164 -0.00792498 -0.000636371 -0.00443568 -0.0105403 0.00518797 0.000313606 0.00289642 0.0183972 -0.0035732
internal_weight=97.2685 94.2544 91.4872 17.773 15.2359 13.3462 11.0639 10.5426 9.31896 73.7142 44.9308 41.9778 11.1776 5.73485
internal_count=3840 2877 2067 624 553 529 451 444 416 1443 906 793 230 176
is_linear=0
shrinkage=0.05


Tree=374
num_leaves=15
num_cat=0
split_feature=16 16 5 13 7 4 2 0 1 1 4 3 15 15
split_gain=5.49615 0.938801 0.789747 1.38674 1.57627 0.750849 0.674187 0.828085 0.997336 1.24261 1.35474 0.904136 0.87531 1.23124
threshold=1.0000000180025095e-35 8.5000000000000018 1.1886417238943825 3.5000000000000004 1.0424679487179491 0.16666666666666627 2.7816611859785825 10.500000000000002 36.500000000000007 17.500000000000004 -0.092284798534798332 0.93096950268584322 0.94504830917874405 0.84815546772068517
decision_type=2 2 2 2 2 2 2 2 2 2 2 2 2 2
left_child=2 6 -1 -4 -5 -3 7 12 9 10 -9 -12 13 -2
right_child=1 5 3 4 -6 -7 -8 8 -10 -11 11 -13 -14 -15
leaf_value=-0.04030770167941386 -0.0031254313504935727 0.041182829654249291 -0.040302882473666091 -0.040375012544721221 0.070694014995000651 -0.041470814190787179 0.03260959293031266 0.032538793141811177 -0.025053101057916107 0.028799867202148235 -0.036122094727523646 0.0027971611806192048 0.0067956932821763294 -0.038588231108744687
leaf_weight=8.1592646567733009 12.905825324356558 2.7691586008295412 1.7169421751750626 0.52265794458799042 0.82154921314213425 0.30503670219331969 2.0619629649445406 2.7578032622113851 1.718648345209657 8.5033945823088271 2.1177357379347113 5.0525024104863405 15.663142184726892 3.0203864835202685
leaf_count=2185 138 187 713 111 9 5 30 40 13 108 27 48 189 37
internal_value=-0.000201283 0.006108 -0.0321826 -0.0105259 0.0275079 0.0329815 0.00457245 0.00345509 0.0113752 0.0147719 0.00275696 -0.00869767 -0.00159692 -0.00985091
internal_weight=68.096 56.8756 11.2204 3.06115 1.34421 3.0742 53.8014 51.7394 20.1501 18.4314 9.92804 7.17024 31.5894 15.9262
internal_count=3840 822 3018 833 120 192 630 600 236 223 115 75 364 175
is_linear=0
shrinkage=0.05


Tree=375
num_leaves=15
num_cat=0
split_feature=6 1 4 4 11 0 3 2 19 6 16 13 2 2
split_gain=3.28092 1.8339 0.73574 1.65591 1.49958 1.78062 2.18042 1.88264 1.71489 2.20026 1.80536 1.70592 1.94045 1.62856
threshold=2.5000000000000004 4.5000000000000009 0.056669794354523483 0.054054054054053939 -0.0048253004924332368 10.500000000000002 1.0575491915059423 1.1477185498643794 1.0000000180025095e-35 3.5000000000000004 4.5000000000000009 7.5000000000000009 2.5548459454173611 2.2635548197592734
decision_type=2 2 2 2 2 2 2 2 2 2 2 2 2 2
left_child=1 -1 3 4 8 11 7 -7 10 -10 -2 -6 13 -13
right_child=2 -3 -4 -5 5 6 -8 -9 9 -11 -12 12 -14 -15
leaf_value=0.00093727845232000604 0.031922122736575145 -0.042038801695724069 0.011981221517306552 -0.058337119774816829 -0.024774326795752984 -0.055018290161340147 -0.021363325676494533 0.02610073433653361 -0.034272623502743065 0.016326143724879349 -0.042292346361395422 -0.00037950136544600367 -0.038085108015434466 0.043132121088629558
leaf_weight=4.0930384807288629 11.029481064761057 6.308014489186462 24.20885714830365 1.1243796027265478 11.330433340743186 0.76146634854376571 3.9634284004569045 11.786308294394983 3.3997211768291873 5.8376795945223421 0.88522917777299959 12.97566459560767 2.8442053464241317 2.5776673294603816
leaf_count=198 269 1879 546 12 161 6 84 248 38 79 16 225 33 46
internal_value=0.00150151 -0.0251268 0.00448845 0.001841 0.00284503 -0.00219954 0.0109662 0.021178 0.0138726 -0.00229616 0.0264082 -0.00951191 -0.000112292 0.00683172
internal_weight=103.126 10.4011 92.7245 68.5157 67.3913 46.2392 16.5112 12.5478 21.1521 9.2374 11.9147 29.728 18.3975 15.5533
internal_count=3840 2077 1763 1217 1205 803 338 254 402 117 285 465 304 271
is_linear=0
shrinkage=0.05


Tree=376
num_leaves=15
num_cat=0
split_feature=10 11 13 16 1 11 12 11 11 1 12 10 1 11
split_gain=6.99175 1.25713 0.61438 0.872302 1.23098 1.23182 1.21536 1.32858 1.18296 1.08987 1.52474 1.03303 0.999547 0.989697
threshold=1.5000000000000002 0.19000905873514459 28.500000000000004 3.5000000000000004 9.5000000000000018 0.044538304309147937 2.5293334423059646 0.095345011758259116 0.016234719300656179 5.5000000000000009 2.2199835443194513 3.5000000000000004 15.500000000000002 0.14523192133185378
decision_type=2 2 2 2 2 2 2 2 2 2 2 2 2 2
left_child=-1 2 3 4 5 9 7 -6 -8 10 -2 -10 -9 -13
right_child=1 -3 -4 -5 6 -7 8 12 11 -11 -12 13 -14 -15
leaf_value=-0.040320363974738135 0.043993654722818451 0.040766344744179984 0.032611640466381667 -0.019218241920105017 -0.04618748008564845 0.045783054245831088 -0.044741384707974133 -0.032368649280120045 0.020536970306862013 -0.020259618284619686 -0.00055480733048820651 -0.015976488715532713 0.025304285480286355 0.029126888682317661
leaf_weight=9.3207711370778252 3.3964104503393155 2.6434711948968461 1.9490732247941185 3.7116768565028897 2.7036311199190122 3.1255318555049589 1.0764686769107381 1.2703726179897787 8.9889486907049996 2.3146450417116284 4.4208140643313527 5.1596516640856853 1.8385768700391052 1.5913803889416156
leaf_count=3034 41 247 31 32 39 41 36 22 128 22 34 75 29 29
internal_value=-0.000967263 0.00733316 0.00520595 0.00385701 0.00624364 0.0183422 -0.000844418 -0.0205537 0.00596808 0.00987715 0.0188005 0.00943614 0.00173809 -0.00534454
internal_weight=53.5114 44.1907 41.5472 39.5981 35.8864 13.2574 22.629 5.81258 16.8164 10.1319 7.81722 15.74 3.10895 6.75103
internal_count=3840 806 559 528 496 138 358 90 268 97 75 232 51 104
is_linear=0
shrinkage=0.05


Tree=377
num_leaves=15
num_cat=0
split_feature=5 12 12 12 2 4 3 2 1 4 1 8 5 15
split_gain=4.25878 1.93676 1.22871 1.44903 1.47339 1.14504 1.14162 0.866592 0.820156 2.11905 1.31135 0.71854 1.60531 1.57072
threshold=0.95776068230679401 23.853941230049966 3.4897484138723192 1.9362899466125274 1.4546201211002738 -0.062542517006803064 0.79393590501943567 0.91998078552296647 8.5000000000000018 0.65436507936507915 9.5000000000000018 1.5000000000000002 1.2689484061319853 1.4950980392156865
decision_type=2 2 2 2 2 2 2 2 2 2 2 2 2 2
left_child=-1 2 3 4 -2 -4 -7 -8 9 -9 -10 12 -12 -14
right_child=1 -3 5 -5 -6 6 7 8 10 -11 11 -13 13 -15
leaf_value=-0.038814822048153758 0.028554760269085877 0.041363736934757429 -0.024286229716894373 -0.031806984596541292 -0.040292820304945659 0.061928945814031924 0.040456953891760586 0.040453658868900629 -0.054532444433491367 -0.029554559007613775 0.03714166081859082 -0.009351718036582999 -0.014385725365827846 0.03118369605071385
leaf_weight=6.7376707096118471 2.6763335762079792 3.1880712974816552 2.9483028050744897 5.4126745793037117 1.0950790094211695 0.96293178352061914 1.7739923086483056 4.0233350242488113 1.0478504514321709 1.4779538651928303 3.8304274950642165 7.6736136309336862 6.6081588598899526 2.6490565617568791
leaf_count=1627 44 479 162 726 202 57 45 70 10 13 74 198 75 58
internal_value=-0.001722 0.00378674 0.000946559 -0.0152288 0.00856396 0.00544885 0.00836652 0.00659316 0.00439348 0.0216455 4.16953e-05 0.00279613 0.00991872 -0.00134552
internal_weight=52.1055 45.3678 42.1797 9.18409 3.77141 32.9956 30.0473 29.0844 27.3104 5.50129 21.8091 20.7613 13.0876 9.25722
internal_count=3840 2213 1734 972 246 762 600 543 498 83 415 405 207 133
is_linear=0
shrinkage=0.05


Tree=378
num_leaves=15
num_cat=0
split_feature=0 14 13 16 1 2 0 2 7 6 3 5 1 4
split_gain=1.92518 1.90421 0.955072 1.61632 1.5291 1.54467 1.50948 1.40314 1.39039 2.16571 2.08426 1.42036 1.38999 1.37527
threshold=6.5000000000000009 1.5000000000000002 30.500000000000004 5.5000000000000009 34.500000000000007 1.4546201211002738 8.5000000000000018 1.2905673409412772 0.62387724550898216 5.5000000000000009 0.83460404864015825 0.59317807916471932 11.500000000000002 0.031075284364758014
decision_type=2 2 2 2 2 2 2 2 2 2 2 2 2 2
left_child=-1 -2 3 4 5 6 -3 -4 9 10 12 -12 -7 -8
right_child=1 2 7 -5 -6 8 13 -9 -10 -11 11 -13 -14 -15
leaf_value=-0.040326177867375836 -0.040636993609232931 -0.037996979295465833 0.053818735148352351 -0.040822011995834531 0.019881884407285045 -0.036653222604031296 0.014016396641602572 -0.036717800023149352 0.011221015367923535 0.037241317787178568 0.011543837662425144 -0.037273671373436089 0.01237480247779762 -0.027878315556466256
leaf_weight=2.8724009443540117 2.6380838095210484 4.3720102164661503 0.50142551213502828 2.0111991808516896 13.616583678056484 1.7159279868938089 5.2109520531957951 2.9204446745570749 35.558853700873442 2.7297064093872896 1.8609897997230271 7.4743619320215657 9.1780391710344684 3.1388425154145807
leaf_count=963 810 120 4 164 247 38 66 101 675 33 10 255 187 167
internal_value=-1.06303e-05 0.00123553 0.00245897 0.00347961 0.00452961 0.00159521 -0.0141953 -0.023451 0.00502808 -0.00456352 -0.0102046 -0.027542 0.00465231 -0.0017326
internal_weight=95.7998 92.9274 90.2893 86.8675 84.8563 71.2397 12.7218 3.42187 58.5179 22.959 20.2293 9.33535 10.894 8.34979
internal_count=3840 2877 2067 1962 1798 1551 353 105 1198 523 490 265 225 233
is_linear=0
shrinkage=0.05


Tree=379
num_leaves=15
num_cat=0
split_feature=16 16 5 13 7 5 2 0 1 1 4 11 8 17
split_gain=5.22883 0.89501 0.752511 1.27744 1.40448 0.702071 0.643417 0.773822 0.892976 1.16143 1.27168 0.833189 1.4947 1.07704
threshold=1.0000000180025095e-35 8.5000000000000018 1.1886417238943825 3.5000000000000004 1.0424679487179491 1.3176593409003867 2.7816611859785825 10.500000000000002 36.500000000000007 17.500000000000004 -0.13743131868131866 0.0085383198984951576 1.0000000180025095e-35 0.18898809523809526
decision_type=2 2 2 2 2 2 2 2 2 2 2 2 2 2
left_child=2 6 -1 -4 -5 -3 7 11 9 10 -9 12 -2 -13
right_child=1 5 3 4 -6 -7 -8 8 -10 -11 -12 13 -14 -15
leaf_value=-0.040298166957313045 -0.010672591380443318 0.04113622815879836 -0.040300675844379692 -0.040360835782480654 0.066021388623810295 -0.039748561225922581 0.032002943126943524 0.037125010615538127 -0.023645230460716111 0.027986401006088207 -0.0067511057169326013 -0.043579908005992693 0.017606273743317722 -0.0048251433517730999
leaf_weight=7.7893222691491228 8.4022042090073281 2.6238382803276177 1.6262906298507007 0.49815162061713614 0.8225354851456359 0.29883416183292855 2.0374342030845574 2.1009405385702875 1.694885211996733 8.3692987598478776 7.7186126699671176 2.1739553958177558 10.5271900864318 10.224269133992491
leaf_count=2185 95 186 713 111 9 6 30 28 13 108 87 25 133 111
internal_value=-0.000184442 0.00592643 -0.032156 -0.0106351 0.0258949 0.032866 0.0044478 0.00335152 0.0110663 0.0143008 0.0026364 -0.00154506 0.00505411 -0.0116206
internal_weight=66.9078 56.1715 10.7363 2.94698 1.32069 2.92267 53.2488 51.2114 19.8837 18.1889 9.81955 31.3276 18.9294 12.3982
internal_count=3840 822 3018 833 120 192 630 600 236 223 115 364 228 136
is_linear=0
shrinkage=0.05


Tree=380
num_leaves=15
num_cat=0
split_feature=6 1 11 5 10 5 4 11 1 5 1 17 5 15
split_gain=3.04057 1.79051 0.740036 0.82786 0.88968 1.17827 1.24784 0.933216 1.32913 0.908398 1.22505 1.02335 1.05101 1.43237
threshold=2.5000000000000004 4.5000000000000009 -0.051033470830031034 0.55840840345674903 3.5000000000000004 0.77810787933675118 0.019075851684547434 0.095345011758259116 33.500000000000007 0.65124127702127588 23.500000000000004 0.53137254901960795 0.6934139121153946 0.72281323877068571
decision_type=2 2 2 2 2 2 2 2 2 2 2 2 2 2
left_child=1 -1 -2 -4 9 -6 7 -7 -9 10 -5 12 13 -11
right_child=2 -3 3 4 5 6 -8 8 -10 11 -12 -13 -14 -15
leaf_value=0.0011082669506125324 0.035844569989964159 -0.041978514294685167 -0.023920819862594783 0.054012322526387671 0.072196639389786182 0.022596486548666042 0.049299993832996436 -0.044368754166517255 0.030205761435626727 -0.048790158622506109 0.0034864155992325764 -0.031667418405411013 0.0040567404046111056 0.010889853116502
leaf_weight=4.0323300320305844 1.8272260122466821 5.9973472920828499 2.6327974423766127 1.9881692682392884 0.96594163728877713 2.5655938740819693 1.7955509882885961 1.7953492840752008 0.8955055228434502 2.2491758856922379 3.0250118430703878 2.2506421664729706 67.66161700268276 1.8180908709764478
leaf_count=198 55 1879 20 25 23 35 34 48 22 16 25 62 1371 27
internal_value=0.00147839 -0.0246559 0.00434399 0.00370191 0.00453773 0.0204072 0.0133134 0.00102073 -0.0195507 0.00292694 0.0235244 0.00153116 0.00257284 -0.0221129
internal_weight=101.5 10.0297 91.4707 89.6434 87.0106 8.01794 7.052 5.25645 2.69085 78.9927 5.01318 73.9795 71.7289 4.06727
internal_count=3840 2077 1763 1708 1688 162 139 105 70 1526 50 1476 1414 43
is_linear=0
shrinkage=0.05


Tree=381
num_leaves=15
num_cat=0
split_feature=10 11 5 18 2 19 7 7 14 11 1 12 12 1
split_gain=6.65493 1.20279 0.59282 0.654476 0.819064 0.766202 0.604511 1.03746 0.727888 0.83808 1.41578 1.41804 1.08348 1.33303
threshold=1.5000000000000002 0.19000905873514459 0.66659847376831338 0.34062261268143629 2.7093306115330473 1.5000000000000002 1.2532051282051284 1.5397368421052633 -1.0000000180025095e-35 0.057614456276032323 9.5000000000000018 3.3653468183733675 2.8364377046369138 4.5000000000000009
decision_type=2 2 2 2 2 2 2 2 2 2 2 2 2 2
left_child=-1 2 -2 -4 5 6 8 -8 -5 12 -11 -12 13 -10
right_child=1 -3 3 4 -6 -7 7 -9 9 10 11 -13 -14 -15
leaf_value=-0.040306264106382446 -0.025283301066836617 0.040760772015709101 0.030800557951327676 0.024368069379926083 0.033779790236934032 0.023333695565434055 0.046043739230249729 -0.00056947595974315968 0.024439174295666746 0.041139681864785949 -0.018332877487045915 0.018125474185421223 -0.037508155681446338 -0.024315216252116804
leaf_weight=8.8779891140875389 1.5402181777171779 2.5168593833222976 2.5563743165694168 2.1829086630605152 2.2619103370234361 3.9853298596572122 1.812793570337816 3.4953171036904678 2.4666052600368946 1.9917586049996305 7.062716437969355 4.2853013067506254 3.8801084008300677 3.2483856106409803
leaf_count=3034 25 247 44 32 37 65 19 50 24 25 85 60 53 40
internal_value=-0.000872032 0.00721585 0.005145 0.00633967 0.00463457 0.00271881 1.85687e-05 0.0153496 -0.00322132 -0.00584723 0.00225892 -0.00456527 -0.017117 -0.00327269
internal_weight=52.1646 43.2866 40.7697 39.2295 36.6731 34.4112 30.4259 5.30811 25.1178 22.9349 13.3398 11.348 9.5951 5.71499
internal_count=3840 806 559 534 490 453 388 69 319 287 170 145 117 64
is_linear=0
shrinkage=0.05


Tree=382
num_leaves=15
num_cat=0
split_feature=5 12 12 5 11 11 2 19 11 2 4 11 11 11
split_gain=4.04496 1.84389 1.17684 1.194 1.94317 2.11897 1.40683 0.952065 0.886659 1.28748 0.867618 0.788063 1.00491 0.90888
threshold=0.95776068230679401 23.853941230049966 4.8045639978882413 1.184266038418049 0.017352156323273919 0.044538304309147937 1.4477586136961855 1.5000000000000002 0.091371893954874342 0.97496964412114628 0.45605432303545612 -0.016569704534639292 -0.00094173594315338771 -0.019245785425383685
decision_type=2 2 2 2 2 2 2 2 2 2 2 2 2 2
left_child=-1 2 3 6 -5 -6 7 10 9 -4 -2 13 -13 -11
right_child=1 -3 8 4 5 -7 -8 -9 -10 11 -12 12 -14 -15
leaf_value=-0.038716112205374985 -0.02642794179507767 0.041354696480153413 0.054810543458224559 -0.020313250103241504 0.076833595820120185 -0.024617586924883778 -0.040743127782942867 0.041167551467730247 -0.022471122094693916 0.0003791311215022417 0.035597515937767638 0.037179289887647543 0.0062612833446995149 -0.052153155650515808
leaf_weight=6.4457527810009188 2.7958702293690281 3.0240677259862414 1.4875765927136004 2.6339051590766749 1.5243023874936628 0.77708897797856469 4.6634532233583741 1.0106805890100075 2.3424555477686217 3.6811960529303178 0.70621786266565312 3.1556254070019447 15.722053049481458 1.0605878399219459
leaf_count=1627 128 479 51 141 34 75 836 22 45 76 6 78 221 21
internal_value=-0.00169334 0.00365912 0.000916305 -0.0108182 0.00901352 0.0425775 -0.0214844 -0.00158268 0.00694891 0.00969376 -0.0139201 0.00685226 0.0114296 -0.0113707
internal_weight=51.0308 44.5851 41.561 14.1115 4.9353 2.30139 9.17622 4.51277 27.4495 25.107 3.50209 23.6195 18.8777 4.74178
internal_count=3840 2213 1734 1242 250 109 992 156 492 447 134 396 299 97
is_linear=0
shrinkage=0.05


Tree=383
num_leaves=15
num_cat=0
split_feature=0 14 11 5 16 0 2 18 7 2 18 14 18 18
split_gain=1.82962 1.79341 0.938855 1.04368 1.41795 1.25688 2.47153 1.88765 1.34137 2.12431 2.73572 1.62323 1.317 1.20017
threshold=6.5000000000000009 1.5000000000000002 0.050049704152755621 0.87454355411967166 1.0000000180025095e-35 8.5000000000000018 2.3423710973324705 0.62701612903225812 0.92572892040977151 1.7286413835443344 1.1645833333333335 4.5000000000000009 0.58403954802259894 0.68715659340659352
decision_type=2 2 2 2 2 2 2 2 2 2 2 2 2 2
left_child=-1 -2 3 4 13 7 8 -5 9 10 -7 -10 -11 -3
right_child=1 2 -4 5 -6 6 -8 -9 11 12 -12 -13 -14 -15
leaf_value=-0.040315880187080287 -0.04060287617589256 0.039293836142204844 -0.013373015572921747 0.022366207650969906 -0.0081350394368229963 -0.028680202454186787 -0.033610116822732863 -0.029055893745178769 0.009172369035539113 0.028223402790312019 0.035288387546058862 0.046080059888884778 -0.039535026266907962 0.011069095343128776
leaf_weight=2.7384511848213142 2.5002543907612553 4.464447375386956 8.5939437552588043 2.3375158496201021 8.1748560243286175 2.5522910845465976 3.9831183730857438 7.5462227276293561 13.304913507890889 0.8577918829396366 4.8426138391951099 3.8386259360704562 4.3732915099244565 24.08658008184284
leaf_count=963 810 107 340 40 123 48 149 258 290 17 60 70 158 407
internal_value=-4.50262e-05 0.00116079 0.00233462 0.0040144 0.0102255 -0.00121304 0.00337894 -0.0168945 0.00832802 -0.00403933 0.0132102 0.0174364 -0.028424 0.0154825
internal_weight=94.1949 91.4565 88.9562 80.3623 36.7259 43.6364 33.7526 9.88374 29.7695 12.626 7.3949 17.1435 5.23108 28.551
internal_count=3840 2877 2067 1727 637 1090 792 298 643 283 108 360 175 514
is_linear=0
shrinkage=0.05


Tree=384
num_leaves=15
num_cat=0
split_feature=16 16 5 13 7 12 7 15 15 4 13 11 16 14
split_gain=4.93367 0.836803 0.722028 1.19367 1.2714 0.679944 0.826903 1.28915 1.66676 1.50119 1.44113 1.25554 1.21564 1.09328
threshold=1.0000000180025095e-35 9.5000000000000018 1.1886417238943825 3.5000000000000004 1.0424679487179491 13.38548501164019 0.92572892040977151 0.26365441906653431 0.40967365967365971 0.019075851684547434 13.500000000000002 -1.0000000180025095e-35 5.5000000000000009 2.5000000000000004
decision_type=2 2 2 2 2 2 2 2 2 2 2 2 2 2
left_child=2 5 -1 -4 -5 6 7 -2 -9 -10 -11 -8 13 -13
right_child=1 -3 3 4 -6 -7 11 8 9 10 -12 12 -14 -15
leaf_value=-0.040285383272415307 0.019893270831804866 0.040879579700187053 -0.040298678003142879 -0.040345726528427647 0.062618463622709716 -0.024095612793283486 0.034617894317298573 -0.037603036956739874 0.0062113140593811813 -0.056195135137744982 0.0089374969623820036 0.024515775135942497 0.04300518262680688 -0.0090254045476870857
leaf_weight=7.4136116034933348 6.9534068536013356 1.6393775669857849 1.5427262418670582 0.47341198171488919 0.81759674777276814 1.9858087659813453 5.3032867158763137 3.2909223278984454 18.560868772212419 2.0681742560118432 1.4410028234124181 3.3554698210209599 1.9238382186740626 8.8036444755271059
leaf_count=2185 113 138 713 111 9 28 83 35 231 27 20 29 55 63
internal_value=-0.000212194 0.00569028 -0.0320799 -0.0106126 0.0248616 0.00461573 0.00571853 0.00082076 -0.00440849 0.000541232 -0.0294492 0.0138825 0.00607405 0.000230732
internal_weight=65.5731 55.3258 10.2473 2.83373 1.29101 53.6864 51.7006 32.3144 25.361 22.07 3.50918 19.3862 14.083 12.1591
internal_count=3840 822 3018 833 120 684 656 426 313 278 47 230 147 92
is_linear=0
shrinkage=0.05


Tree=385
num_leaves=15
num_cat=0
split_feature=6 1 17 6 11 7 3 13 2 3 2 12 12 2
split_gain=2.84246 1.7255 0.717462 0.819734 0.700782 0.805965 0.780462 0.953041 1.42249 2.06725 1.67097 1.27932 1.54197 1.66711
threshold=2.5000000000000004 4.5000000000000009 0.26969696969696971 -1.0000000180025095e-35 -0.051033470830031034 0.2490458015267176 0.58570618264322194 4.5000000000000009 2.1107740529011898 1.8386217948717951 1.4477586136961855 1.5410141963035755 1.906708571395874 2.6474543930774388
decision_type=2 2 2 2 2 2 2 2 2 2 2 2 2 2
left_child=1 2 3 -1 5 -2 -6 8 10 -10 -8 -9 -13 -14
right_child=4 -3 -4 -5 6 -7 7 11 9 -11 -12 12 13 -15
leaf_value=0.021558847299237426 0.061686460191260062 -0.041906590865726324 -0.051555907963704461 -0.040618088428685417 -0.01261400667505299 -0.0072651011969472384 0.010073093605417388 0.056883521527414264 0.032029452554323407 -0.030087374547872782 -0.019966482161185257 -0.022221016628747516 0.013108915250039203 -0.01766907440375699
leaf_weight=2.7584419418126354 1.1035428708419193 5.6988585994113237 0.55772719846572716 0.65619872935348933 6.832060642540454 0.68804460205137719 7.1490308956708821 1.3498725029639889 5.3737759694922707 1.7840994670987127 13.134735075873321 4.0089547140523782 44.034995559370145 4.888099285773932
leaf_count=44 30 1879 41 113 134 25 143 32 156 13 224 59 868 79
internal_value=0.00148893 -0.0242739 0.00102235 0.00961017 0.00424672 0.0352062 0.00362037 0.00497756 -0.00261651 0.0165468 -0.00937901 0.00881666 0.00759086 0.0100338
internal_weight=100.018 9.67123 3.97237 3.41464 90.3472 1.79159 88.5556 81.7236 27.4416 7.15788 20.2838 54.2819 52.932 48.9231
internal_count=3840 2077 198 157 1763 55 1708 1574 536 169 367 1038 1006 947
is_linear=0
shrinkage=0.05


Tree=386
num_leaves=15
num_cat=0
split_feature=10 11 10 1 2 12 4 11 2 1 11 5 0 15
split_gain=6.31684 1.14941 0.586423 0.936273 1.07846 1.8699 1.13895 0.952841 1.08174 1.0774 0.898311 1.16132 0.809202 0.766538
threshold=1.5000000000000002 0.19000905873514459 2.5000000000000004 9.5000000000000018 2.2780208646550419 4.4481558612518102 -0.071287964004499396 0.11400737744892402 1.9893784585645766 16.500000000000004 0.091371893954874342 1.0630119595584329 10.500000000000002 1.0842198581560285
decision_type=2 2 2 2 2 2 2 2 2 2 2 2 2 2
left_child=-1 2 10 4 5 6 -4 8 -5 -9 11 13 -11 -2
right_child=1 -3 3 7 -6 -7 -8 9 -10 12 -12 -13 -14 -15
leaf_value=-0.040292835974951695 0.0070596311802011468 0.040749396432306767 0.033063940833698305 -0.00153962832642499 0.041976314734645859 -0.041151093274958583 -0.0078727919035789275 -0.03547977355930354 -0.035671462990701439 0.025112416196487158 0.044516236834536788 -0.015491436086790968 -0.01114271268612175 0.045094225425969303
leaf_weight=8.4548532238113676 3.3920127516612393 2.385525264311581 4.1034294064156702 5.2061071571661177 2.4485815800726405 1.789930243976414 2.8998319692909744 1.3042708090506474 4.1893731453455985 4.9789462834596634 2.0741178221069267 3.3087181027512997 2.2276797792874277 2.1735327411442995
leaf_count=3034 32 247 57 89 25 12 33 28 75 70 62 33 28 15
internal_value=-0.000824083 0.00703106 0.005025 0.00131912 0.0126288 0.00445665 0.0161133 -0.00578123 -0.0167588 0.00633726 0.0148913 0.00796723 0.0139054 0.0219134
internal_weight=50.9369 42.4821 40.0965 29.1482 11.2418 8.79319 7.00326 17.9064 9.39548 8.5109 10.9484 8.87426 7.20663 5.56555
internal_count=3840 806 559 417 127 102 90 290 164 126 142 80 98 47
is_linear=0
shrinkage=0.05


Tree=387
num_leaves=15
num_cat=0
split_feature=5 12 12 12 12 5 4 4 12 1 14 4 0 0
split_gain=3.83004 1.74301 1.12442 1.30168 1.32683 1.14751 1.16909 1.0283 1.49942 0.801138 1.02408 0.918909 1.46532 1.22381
threshold=0.95776068230679401 23.853941230049966 3.4897484138723192 1.9362899466125274 1.9178891252644228 1.2570494572073074 0.98529942279942007 -0.062542517006803064 3.566374088803721 31.500000000000004 8.5000000000000018 0.25431354359925701 5.5000000000000009 4.5000000000000009
decision_type=2 2 2 2 2 2 2 2 2 2 2 2 2 2
left_child=-1 2 3 4 5 6 -2 -4 -9 11 -11 13 -13 -10
right_child=1 -3 7 -5 -6 -7 -8 8 9 10 -12 12 -14 -15
leaf_value=-0.038536494672197823 -0.03278030478516477 0.041299506573742116 -0.023581591706217982 -0.031505589359332418 0.076797968800888503 0.058549370566991089 0.073908532934698679 0.084228970825413849 -0.020970727776921622 -0.038357193084261658 0.010656440717217538 0.053452898352404021 -0.01068127122088661 0.022097832001252173
leaf_weight=6.1655265696463166 2.1803526993026021 2.8591981255449346 2.826905512250959 5.0399522334919311 0.5841600066050886 0.56884085084311653 0.29104968905448902 0.63110573124140756 1.8712814233731538 2.1171331231016657 2.1458913132082671 1.0073312220629285 7.6871710387058556 13.912836509174666
leaf_count=1627 226 479 162 726 10 9 1 14 33 72 47 27 145 262
internal_value=-0.00164371 0.00355864 0.000917959 -0.015071 0.00778225 -0.00547861 -0.0202159 0.00522031 0.00799227 0.00631828 -0.0136851 0.00980192 -0.00325079 0.0169919
internal_weight=49.8887 43.7232 40.864 8.66436 3.6244 3.04024 2.4714 32.1997 29.3728 28.7416 4.26302 24.4786 8.6945 15.7841
internal_count=3840 2213 1734 972 246 236 227 762 600 586 119 467 172 295
is_linear=0
shrinkage=0.05


Tree=388
num_leaves=15
num_cat=0
split_feature=0 14 12 7 16 15 12 5 5 6 7 12 3 5
split_gain=1.73357 1.69481 0.928843 1.15894 1.05901 1.24311 0.994683 0.956393 1.13225 1.05063 1.61968 1.28776 1.23768 1.26485
threshold=6.5000000000000009 1.5000000000000002 4.4923343301018823 0.11112409831685814 1.0000000180025095e-35 0.61200716845878145 4.4216367364106945 1.4225787027595016 1.1061624952534677 5.5000000000000009 0.47696969696969704 2.7897473762585419 1.3540064102564104 0.6101196609334637
decision_type=2 2 2 2 2 2 2 2 2 2 2 2 2 2
left_child=-1 -2 6 -4 -5 -6 7 8 9 10 -3 -11 13 -12
right_child=1 2 3 4 5 -7 -8 -9 -10 11 12 -13 -14 -15
leaf_value=-0.040303996831147451 -0.040578949972960091 -0.0093639971184254645 -0.040317260652944331 0.0042584806599997331 0.016785547231235133 -0.049613164311247647 0.043169859710089159 0.047319988812858982 -0.02011548363026815 0.063536398025168916 0.047175934371281772 0.0047698505622921919 -0.021216705138203288 0.0088425204205269375
leaf_weight=2.6059097939287303 2.3787639638176179 17.944768242770806 2.4255484732566428 11.26685836096294 1.0398849449120455 2.188258686568588 1.6423741644248355 1.2396498955786217 4.9126010390464208 1.6490564872510725 2.2901017460972062 2.1444794798735529 3.2016449007205656 35.661742139607668
leaf_count=963 810 446 71 481 20 52 16 9 151 12 79 36 50 644
internal_value=-0.00010065 0.0010636 0.00219431 -0.00832852 -0.00297563 -0.0282241 0.00471321 0.00379843 0.00300274 0.00480855 0.00317123 0.0303158 0.00863715 0.0111556
internal_weight=92.5916 89.9857 87.607 16.9206 14.495 3.22814 70.6864 69.044 67.8044 62.8918 59.0983 3.79354 41.1535 37.9518
internal_count=3840 2877 2067 624 553 72 1443 1427 1418 1267 1219 48 773 723
is_linear=0
shrinkage=0.05


Tree=389
num_leaves=15
num_cat=0
split_feature=16 16 5 13 7 12 12 4 13 7 12 7 14 19
split_gain=4.65574 0.796887 0.695157 1.1143 1.15977 0.632602 1.5246 1.11885 1.15992 1.66237 1.1766 1.0974 0.824022 0.817764
threshold=1.0000000180025095e-35 9.5000000000000018 1.1886417238943825 3.5000000000000004 1.0424679487179491 3.3653468183733675 3.7161314744684057 -0.26675651392632543 12.500000000000002 1.0977379323822554 2.1328858477455106 0.64226190476190492 6.5000000000000009 1.5000000000000002
decision_type=2 2 2 2 2 2 2 2 2 2 2 2 2 2
left_child=2 5 -1 -4 -5 7 11 -2 9 13 -10 -7 -12 -9
right_child=1 -3 3 4 -6 6 -8 8 10 -11 12 -13 -14 -15
leaf_value=-0.040273687410143671 0.050595282692510769 0.040851681851289581 -0.040294483154308974 -0.040333128149776451 0.05966565196904821 0.0023106880680967279 0.0052378904120666137 -0.012366154964740621 -0.023600408297892232 0.034386927448358411 0.040803305547543363 -0.04299096965369862 0.0085517527151592367 0.022741748954810525
leaf_weight=7.0638723520096374 1.5680608656257415 1.5448728785850097 1.4582129840273412 0.45154466939857207 0.81020787381567061 2.2567412625066963 19.31389620481059 12.307930182665592 1.2760692872107018 2.8201048155315211 4.9822709378786367 3.2795083187520504 3.2872221688739955 1.9170059668831516
leaf_count=2185 18 138 713 111 9 26 228 161 16 46 75 29 56 29
internal_value=-0.000242817 0.00545324 -0.0320035 -0.0105253 0.023879 0.0044216 -0.00139277 0.00955281 0.00713252 -0.000682366 0.0210872 -0.0245247 0.0279829 -0.00763488
internal_weight=64.3375 54.5537 9.78384 2.71997 1.26175 53.0088 24.8501 28.1587 26.5906 17.045 9.54556 5.53625 8.26949 14.2249
internal_count=3840 822 3018 833 120 684 283 401 383 236 147 55 131 190
is_linear=0
shrinkage=0.05


Tree=390
num_leaves=15
num_cat=0
split_feature=6 1 7 3 3 2 3 5 2 13 5 18 13 15
split_gain=2.669 1.6326 0.68833 0.75304 2.07574 2.42358 1.34253 1.18723 1.12438 2.37138 2.08335 1.63245 1.1953 1.14693
threshold=2.5000000000000004 4.5000000000000009 1.3620507399577171 1.2702152267927187 1.3954592287312337 2.009945681415727 1.9769353128313896 0.86316290377633187 2.0160511266724401 4.5000000000000009 0.89833693924243085 1.691964285714286 1.5000000000000002 1.094916344916345
decision_type=2 2 2 2 2 2 2 2 2 2 2 2 2 2
left_child=1 -1 3 8 -5 6 -6 -7 9 12 11 -10 -2 -14
right_child=2 -3 -4 4 5 7 -8 -9 10 -11 -12 -13 13 -15
leaf_value=0.00074024177398702312 0.013931533346255404 -0.041776088271556995 -0.02304572198695053 0.048880704800163238 0.03809923128346205 -0.059727861532399465 -0.002097846638607266 -0.0062760228510181648 -0.0089885578095299356 0.0043547454728167364 0.025249980904904091 0.043945244285605083 -0.039909448382856601 0.0011789295831058806
leaf_weight=3.8674420287716185 1.8765834802761663 5.4254447764251381 2.2805682809557757 3.4465805161744383 5.0008682266343367 1.5037575252354134 3.5529431004542857 3.3600675906054676 12.319336352171378 32.586327481549233 12.700347896898164 1.6518031572923053 6.9426020884420705 2.2484327214770019
leaf_count=198 29 1879 120 112 104 8 51 55 168 582 362 56 88 28
internal_value=0.00142217 -0.024082 0.00407118 0.00478046 0.0142694 0.00537886 0.0214028 -0.0228018 0.00250498 -0.0024368 0.0105933 -0.00273021 -0.0224331 -0.0298579
internal_weight=98.7631 9.29289 89.4702 87.1897 16.8642 13.4176 8.55381 4.86383 70.3254 43.6539 26.6715 13.9711 11.0676 9.19103
internal_count=3840 2077 1763 1643 330 218 155 63 1313 727 586 224 145 116
is_linear=0
shrinkage=0.05


Tree=391
num_leaves=15
num_cat=0
split_feature=10 11 1 11 1 13 15 4 10 1 11 12 11 14
split_gain=6.01538 1.10042 0.573569 0.943656 1.3343 1.34485 1.03504 0.928813 1.30688 1.44186 1.75694 1.23637 1.11408 0.899147
threshold=1.5000000000000002 0.19000905873514459 12.500000000000002 0.028661346369958294 4.5000000000000009 2.5000000000000004 -1.0000000180025095e-35 -0.14250723581357902 3.5000000000000004 17.500000000000004 0.11400737744892402 2.169157341998281 0.072438221252411714 4.5000000000000009
decision_type=2 2 2 2 2 2 2 2 2 2 2 2 2 2
left_child=-1 2 3 4 5 -2 -7 -4 11 -10 -11 -9 -13 -12
right_child=1 -3 7 -5 -6 6 -8 8 9 10 13 12 -14 -15
leaf_value=-0.040281844948195991 0.047144029825532507 0.040742467644681472 0.031945097622360384 0.02474450705598321 -0.027116583939435897 -0.019818015056484714 0.030264051887527427 -0.039635397239762803 -0.070405953000210311 -0.038490948129466879 -0.017272783305827374 -0.010272822219127398 0.024525926098564604 0.029396202306294101
leaf_weight=8.0654102007683814 2.058116130530836 2.2699256876949212 2.0239589367993203 7.741399015299975 2.8881771750748158 2.8521384894847879 1.6162827615626145 1.2496442021802092 1.1518759899772684 3.1760901783127338 1.7298239213414488 3.4382873831782472 6.9473700020462275 2.5587094891816378
leaf_count=3034 11 247 34 96 37 34 19 16 26 79 18 44 115 30
internal_value=-0.000754818 0.00688998 0.00494123 0.0118126 0.00117921 0.0137009 -0.00170272 -0.000350919 -0.00357857 -0.0183383 -0.0103037 0.00735173 0.0130054 0.0105718
internal_weight=49.7672 41.7018 39.4319 17.1561 9.41471 6.52654 4.46842 22.2758 20.2518 8.6165 7.46462 11.6353 10.3857 4.28853
internal_count=3840 806 559 197 101 64 53 362 328 153 127 175 159 48
is_linear=0
shrinkage=0.05


Tree=392
num_leaves=15
num_cat=0
split_feature=5 12 12 5 11 11 2 19 0 15 11 2 11 11
split_gain=3.62019 1.661 1.06818 1.05716 1.73141 1.80744 1.33211 0.843281 0.819059 0.944217 0.756676 1.21395 0.723794 1.02488
threshold=0.95776068230679401 23.853941230049966 4.8045639978882413 1.184266038418049 0.017352156323273919 0.044538304309147937 1.4477586136961855 1.5000000000000002 12.500000000000002 0.05634920634920635 0.091371893954874342 0.97496964412114628 -0.016569704534639292 -0.018789875461718616
decision_type=2 2 2 2 2 2 2 2 2 2 2 2 2 2
left_child=-1 2 3 6 -5 -6 7 8 -2 -10 11 -4 13 -13
right_child=1 -3 10 4 5 -7 -8 -9 9 -11 -12 12 -14 -15
leaf_value=-0.038358550460547369 -0.042005757381184138 0.041279042102364549 0.054034857656211979 -0.020196658957695818 0.070995828289228624 -0.024040939756282589 -0.040715960963972848 0.038740406084149796 -0.031840584484117362 0.039264315351536544 -0.021015463602592137 0.00096020604485795059 0.010837463374132921 -0.056481944069320701
leaf_weight=5.9033925696858196 1.4399953489191815 2.7111371865030369 1.420253521297133 2.5424408353283061 1.5275701312348249 0.74393300665542472 4.3244325231644325 1.0013874387368558 0.83290379750542332 1.062447970616631 2.2686259789625174 3.654498154646717 18.51742136338725 0.98603695479688269
leaf_count=1627 77 479 51 141 34 75 836 22 39 18 45 78 299 19
internal_value=-0.00164134 0.00339562 0.000848443 -0.0106384 0.00814664 0.0398706 -0.0210793 -0.00149831 -0.0135794 0.00801759 0.00661399 0.00916425 0.00641238 -0.0112453
internal_weight=48.9365 43.0331 40.3219 13.4751 4.81394 2.2715 8.66117 4.33673 3.33535 1.89535 26.8468 24.5782 23.158 4.64054
internal_count=3840 2213 1734 1242 250 109 992 156 134 57 492 447 396 97
is_linear=0
shrinkage=0.05


Tree=393
num_leaves=15
num_cat=0
split_feature=0 14 1 1 17 13 3 7 15 3 3 1 3 14
split_gain=1.64939 1.61048 0.916393 0.948488 1.60932 1.35068 1.29308 2.45718 1.87556 1.68888 1.94716 1.98223 1.29186 1.27498
threshold=6.5000000000000009 1.5000000000000002 42.500000000000007 34.500000000000007 0.072751322751322761 30.500000000000004 1.186970338983051 0.075657894736842118 0.56594202898550738 1.4728571428571431 1.5710916442048519 14.500000000000002 1.0305740911182699 3.5000000000000004
decision_type=2 2 2 2 2 2 2 2 2 2 2 2 2 2
left_child=-1 -2 3 4 6 -5 7 12 -9 -8 -11 -12 -3 -6
right_child=1 2 -4 5 13 -7 9 8 -10 10 11 -13 -14 -15
leaf_value=-0.040294490235085488 -0.040553998899231503 -0.030759694643391705 -0.048245417622518251 0.02045323748340722 -0.036528573039063025 -0.019006714735239988 -0.029371638496281563 -0.0030214410846666358 0.021700344676577318 0.046800036176208502 0.035604629590469207 -0.032601178015015456 0.018988883042490905 -0.004762480688529469
leaf_weight=2.4822312037576912 2.2689436107757492 5.3283468775916836 0.8938428161200126 12.916836229502222 4.5275878006359553 2.6061534392647436 5.9236143067246285 11.306661263690328 23.866353319725022 2.1284135403111577 1.5747290897415949 3.2925582332536578 1.7281960686668751 10.448086417047305
leaf_count=963 810 151 35 251 119 82 165 225 471 22 66 263 33 184
internal_value=-9.45686e-05 0.00102901 0.00211924 0.00264486 0.000169251 0.0138283 0.00411638 0.00835111 0.0137533 -0.00972575 0.00690941 -0.0105343 -0.0185759 -0.0143663
internal_weight=91.2926 88.8103 86.5414 85.6475 70.1245 15.523 55.1489 42.2296 35.173 12.9193 6.9957 4.86729 7.05654 14.9757
internal_count=3840 2877 2067 2032 1699 333 1396 880 696 516 351 329 184 303
is_linear=0
shrinkage=0.05


Tree=394
num_leaves=15
num_cat=0
split_feature=16 16 5 5 7 12 7 15 15 4 13 11 7 18
split_gain=4.42427 0.757146 0.665105 1.0429 0.776934 0.608585 0.747919 1.15268 1.51354 1.36178 1.27381 1.14638 1.06105 1.61971
threshold=1.0000000180025095e-35 9.5000000000000018 1.1886417238943825 1.2689484061319853 1.0424679487179491 13.38548501164019 0.92572892040977151 0.26365441906653431 0.40967365967365971 0.019075851684547434 13.500000000000002 -1.0000000180025095e-35 0.60762548262548266 1.2521929824561406
decision_type=2 2 2 2 2 2 2 2 2 2 2 2 2 2
left_child=2 5 -1 4 -4 6 7 -2 -9 12 -11 -8 -10 -14
right_child=1 -3 3 -5 -6 -7 11 8 9 10 -12 -13 13 -15
leaf_value=-0.040265403328748284 0.018962627651724587 0.040806318605697084 -0.04030903940370948 -0.04030249469554284 0.047814387192287498 -0.023310184690152155 0.033602071626046191 -0.036227956914246837 0.014157841175389978 -0.053881539254007862 0.0078248910321975038 0.0057560274203038815 0.0046282644253019525 -0.054488553704270394
leaf_weight=6.7366398743470182 6.7713845968246487 1.4607052844949056 0.34878158930223457 1.3882729561883023 0.88415442977566272 1.9212472247891117 5.0632459037005928 3.2309159431606558 12.414804027881479 2.0214163931086655 1.4265795797109602 13.688526473473756 4.1747736628167322 1.6037605609744785
leaf_count=2185 113 138 97 699 37 28 83 35 143 27 20 147 80 8
internal_value=-0.000220763 0.00530056 -0.0319505 -0.0105808 0.0228854 0.00430922 0.00536217 0.000673176 -0.00430606 0.000459675 -0.028351 0.0132749 0.00591987 -0.0117789
internal_weight=63.1352 53.7774 9.35785 2.62121 1.23294 52.3167 50.3954 31.6436 24.8723 21.6413 3.448 18.7518 18.1933 5.77853
internal_count=3840 822 3018 833 134 684 656 426 313 278 47 230 231 88
is_linear=0
shrinkage=0.05


Tree=395
num_leaves=15
num_cat=0
split_feature=6 6 1 16 11 4 18 18 7 3 2 3 3 3
split_gain=2.50069 1.60078 0.65921 1.79822 0.937182 1.45594 0.658884 1.94754 1.75326 1.91596 1.38029 1.05467 1.3675 2.17638
threshold=2.5000000000000004 1.0000000180025095e-35 39.500000000000007 3.5000000000000004 -0.03118581763115685 -0.077075501253132436 0.95521390374331572 0.84660633484162906 0.46309912854030505 0.78812840505007675 2.0331595646116862 0.54139703083365076 0.74901574803149618 0.87191310975609759
decision_type=2 2 2 2 2 2 2 2 2 2 2 2 2 2
left_child=1 -1 4 -4 5 -2 7 8 9 10 -6 -8 -13 -14
right_child=2 -3 3 -5 6 -7 11 -9 -10 -11 -12 12 13 -15
leaf_value=0.0031818224408573497 -0.019078997029014166 -0.040295286781519613 0.035033375341197298 -0.046381688092716658 0.017397815737510671 0.037495980602494962 -0.044712661836626554 0.042779071693193782 -0.019643977515401381 0.050612676632937517 -0.027038315659594254 0.026591236206875198 -0.027024809706071996 0.0018366604972666911
leaf_weight=3.4237702395766956 1.5533229042775927 5.5475921589531936 4.1466273521073154 0.81084536621347059 4.9286016202531808 4.2449361276812843 1.3599707158282388 3.5740739463362834 5.9345985902473322 2.7047918601892889 2.7076542801223695 4.4060063492506734 7.6624828551430246 44.268732642871328
leaf_count=48 27 2029 128 13 90 134 18 73 88 43 34 88 119 908
internal_value=0.00144827 -0.023703 0.00400358 0.0217171 0.00294996 0.0223398 0.00150016 0.0093578 0.00201861 0.0144505 0.00164171 -0.00120313 -0.000152818 -0.00242187
internal_weight=97.274 8.97136 88.3026 4.95747 83.3452 5.79826 77.5469 19.8497 16.2756 10.341 7.63626 57.6972 56.3372 51.9312
internal_count=3840 2077 1763 141 1622 161 1461 328 255 167 124 1133 1115 1027
is_linear=0
shrinkage=0.05


Tree=396
num_leaves=15
num_cat=0
split_feature=10 11 5 6 11 1 10 18 4 0 13 12 1 2
split_gain=5.72404 1.05283 0.552152 0.590546 0.992667 1.06525 1.28643 1.04744 0.902776 0.887347 1.30637 0.634937 1.34249 0.606358
threshold=1.5000000000000002 0.19000905873514459 0.66659847376831338 1.5000000000000002 0.029773637558338704 13.500000000000002 3.5000000000000004 1.2009615384615386 0.0074441635061103604 9.5000000000000018 20.500000000000004 3.8877675652334838 4.5000000000000009 2.2077746633562634
decision_type=2 2 2 2 2 2 2 2 2 2 2 2 2 2
left_child=-1 2 -2 9 11 -6 8 -8 13 10 -4 12 -5 -7
right_child=1 -3 3 4 5 6 7 -9 -10 -11 -12 -13 -14 -15
leaf_value=-0.040270486075705311 -0.025021505918573102 0.040731859540245108 -0.010164152402651144 0.024379232134319379 0.025827338244839168 0.037867098764680349 -0.045971619759795898 0.0038031382726491265 -0.017717160279347385 0.024547429350481216 0.043253815541304488 -0.043363236493364932 -0.031378168274019798 -0.00061325213169730931
leaf_weight=7.6809024918475179 1.4850155124440778 2.1616229349747291 5.7024782372172913 1.9378433162346507 5.2123390561901024 2.9364883047528547 2.2938868599012494 1.9600649871863423 1.7665702854283152 8.3843330963281897 1.431950287427753 1.6153668906772507 2.437450603581965 1.571671904530376
leaf_count=3034 25 247 99 25 54 53 31 30 19 128 23 23 37 12
internal_value=-0.000666259 0.00677183 0.0048767 0.00606861 0.000748596 0.00734104 -0.00181081 -0.0230372 0.0125796 0.0135185 0.000557361 -0.0165737 -0.00668289 0.0244518
internal_weight=48.578 40.8971 38.7355 37.2504 21.7317 15.741 10.5287 4.25395 6.27473 15.5188 7.13443 5.99066 4.37529 4.50816
internal_count=3840 806 559 534 284 199 145 61 84 250 122 85 62 65
is_linear=0
shrinkage=0.05


Tree=397
num_leaves=15
num_cat=0
split_feature=5 12 12 5 11 11 2 19 0 15 11 2 4 1
split_gain=3.42234 1.56456 1.02041 0.992337 1.59541 1.62723 1.27007 0.771738 0.759061 0.848692 0.707524 1.16267 0.679568 1.44544
threshold=0.95776068230679401 23.853941230049966 4.8045639978882413 1.184266038418049 0.017352156323273919 0.044538304309147937 1.4477586136961855 1.5000000000000002 12.500000000000002 0.05634920634920635 0.091371893954874342 0.97496964412114628 0.55337816944959706 8.5000000000000018
decision_type=2 2 2 2 2 2 2 2 2 2 2 2 2 2
left_child=-1 2 3 6 -5 -6 7 8 -2 -10 11 -4 13 -13
right_child=1 -3 10 4 5 -7 -8 -9 9 -11 -12 12 -14 -15
leaf_value=-0.03811945219636699 -0.041894698997407803 0.041227168583590316 0.053836430786481128 -0.019923089285853995 0.067326474499905073 -0.023715818246731375 -0.040685931902883173 0.036660889577245372 -0.031303362029846633 0.036545606189347525 -0.020576909801505758 0.035426425101580887 -0.018668443607097348 0.0025178685988816395
leaf_weight=5.6587441588344509 1.3675081898109041 2.5534041966311625 1.362197807058698 2.4840080725844009 1.5325205029221254 0.7220314981532282 4.1225612711859867 1.0008404008112846 0.81457197386771429 1.0615201854379845 2.2125551634235299 4.1965205415617737 2.4372528649400911 16.286359566147439
leaf_count=1627 77 479 51 141 34 75 836 22 39 18 45 68 48 280
internal_value=-0.00160886 0.00329233 0.000846327 -0.0105656 0.0077168 0.0381697 -0.0209197 -0.00172098 -0.013564 0.00708657 0.00649119 0.00895757 0.00629032 0.00926015
internal_weight=47.8126 42.1539 39.6004 13.1056 4.73856 2.25455 8.367 4.24444 3.2436 1.87609 26.4949 24.2823 22.9201 20.4829
internal_count=3840 2213 1734 1242 250 109 992 156 134 57 492 447 396 348
is_linear=0
shrinkage=0.05


Tree=398
num_leaves=15
num_cat=0
split_feature=0 14 4 11 5 11 11 3 11 4 3 7 4 18
split_gain=1.56223 1.52144 0.879213 0.922943 0.846172 1.63064 2.07394 2.0723 1.53062 1.52764 1.61958 1.37342 1.40312 1.60585
threshold=6.5000000000000009 1.5000000000000002 0.40000000000000008 0.050049704152755621 0.80160957622240503 0.020651041062766221 0.0025518886150095181 0.73744220260613724 0.026264012823883496 0.26492050308495602 1.0008012820512822 0.29217479674796759 0.079924506387920827 1.3763297872340428
decision_type=2 2 2 2 2 2 2 2 2 2 2 2 2 2
left_child=-1 -2 3 4 8 6 9 -8 -3 10 11 -6 13 -13
right_child=1 2 -4 -5 5 -7 7 -9 -10 -11 -12 12 -14 -15
leaf_value=-0.040286026172766574 -0.040527874461299407 0.0059174660642099652 -0.036082001496555542 -0.013358765065451868 -0.028445830897955868 -0.02075367126404043 -0.038473998515937531 0.027308485825567552 0.037169990852116246 0.040369541971336256 -0.024519727983601705 -0.0039288066427563993 0.0506803955827295 0.04701336348383231
leaf_weight=2.3616113660391411 2.1587505707284427 21.40034300158732 1.4910314722219471 8.1267383071826753 3.0726472439710131 7.6171043973881742 1.3304763576015819 11.953169020474887 4.7956931488588443 1.8798031270271156 8.3479482742259261 11.744150619721038 1.7237751968204982 1.7816874894779164
leaf_count=963 810 408 218 325 115 179 37 203 69 46 237 196 20 14
internal_value=-0.000157838 0.000926165 0.00197571 0.00265307 0.00437323 0.000524338 0.00439865 0.0207198 0.0116388 -0.00319518 -0.00626576 0.00205107 0.0081959 0.00278154
internal_weight=89.7849 87.4233 85.2646 83.7735 75.6468 49.4508 41.8337 13.2836 26.196 28.55 26.6702 18.3223 15.2496 13.5258
internal_count=3840 2877 2067 1849 1524 1047 868 240 477 628 582 345 230 210
is_linear=0
shrinkage=0.05


Tree=399
num_leaves=15
num_cat=0
split_feature=16 16 5 13 7 18 8 12 18 12 7 4 7 13
split_gain=4.18351 0.725535 0.630654 0.968341 0.964876 0.629044 1.39084 1.03072 1.28968 1.468 1.23091 1.07553 0.984627 1.2702
threshold=1.0000000180025095e-35 9.5000000000000018 1.1886417238943825 3.5000000000000004 1.0424679487179491 1.7884868421052633 1.5000000000000002 3.3653468183733675 1.0680760590500644 3.7161314744684057 0.24047532656023224 -0.26675651392632543 1.1443136604774538 12.500000000000002
decision_type=2 2 2 2 2 2 2 2 2 2 2 2 2 2
left_child=2 5 -1 -4 -5 7 -7 11 9 -9 -11 -2 13 -13
right_child=1 -3 3 4 -6 6 -8 8 -10 10 -12 12 -14 -15
leaf_value=-0.040254682812595588 0.049829502165016776 0.040780825211897138 -0.040290605291653438 -0.040310582823041119 0.054167119945884683 -0.0032967281232461607 0.045784222578322854 -0.025384520996726674 -0.027548621915903918 -0.029081731805784106 0.017743427093528021 -0.0066474921357228302 0.03443906494719038 0.018505137822557319
leaf_weight=6.415665762673596 1.4995875391177822 1.3840046878904093 1.3193807284114885 0.41119294241070725 0.78837028716225177 3.092559775337576 2.7067796057090163 3.8306466196663704 5.2944541610777369 1.6556742526590813 9.214312161318956 13.631548122037211 2.7388963827397665 7.9446602377574882
leaf_count=2185 18 138 713 111 9 38 21 41 53 19 129 189 50 126
internal_value=-0.000281261 0.00505486 -0.031931 -0.0107308 0.0217815 0.0040968 0.0196113 0.00213273 -0.00638909 0.00123154 0.0106112 0.0087334 0.00619888 0.00261406
internal_weight=61.9277 52.9931 8.93461 2.51894 1.19956 51.6091 5.79934 45.8098 19.9951 14.7006 10.87 25.8147 24.3151 21.5762
internal_count=3840 822 3018 833 120 684 59 625 242 189 148 383 365 315
is_linear=0
shrinkage=0.05


Tree=400
num_leaves=15
num_cat=0
split_feature=6 6 19 13 3 7 11 11 5 5 15 0 11 11
split_gain=2.33847 1.5483 0.666921 0.788985 1.22833 0.931064 0.773092 1.84882 0.988662 1.56993 1.44319 1.20561 0.94007 1.75201
threshold=2.5000000000000004 1.0000000180025095e-35 1.5000000000000002 4.5000000000000009 0.6359784283513098 0.72128060263653493 -0.0048253004924332368 -0.0080263752823453421 0.85078726120979264 0.75959018493369634 1.3514705882352944 7.5000000000000009 0.0045454751952952463 0.0038613187204970538
decision_type=2 2 2 2 2 2 2 2 2 2 2 2 2 2
left_child=1 -1 6 -4 -5 -6 7 8 9 11 -10 -2 13 -8
right_child=2 -3 3 4 5 -7 12 -9 10 -11 -12 -13 -14 -15
leaf_value=0.0030669243296937241 -0.024388057383096927 -0.040281253798317394 -0.038210874520337279 -0.022322690416474167 0.042660728962760568 -0.014661027346796592 -0.0023490747205061981 0.050034203659629545 0.025631162090346112 -0.029281552112343817 -0.017829477878809348 0.026167921295195247 0.0062206051091481286 -0.05486726660943414
leaf_weight=3.3785824105143529 1.6395612200722149 5.2778837516962085 1.8696903586387614 3.318105055950582 1.9312951895408335 1.1187701807357369 14.242010581772776 2.913865973474457 9.7602139255031926 3.8108399489428848 2.374970458680763 4.2001448068767786 38.226044391514733 1.787316730711608
leaf_count=48 33 2029 94 77 30 25 251 79 282 61 68 43 701 19
internal_value=0.00142366 -0.0233626 0.00388444 -0.0096534 -0.00126895 0.021635 0.00529692 0.0126298 0.00762688 -0.00431726 0.0171255 0.0119738 0.00195867 -0.00820501
internal_weight=95.8493 8.65647 87.1928 8.23786 6.36817 3.05007 78.955 24.6996 21.7857 9.65055 12.1352 5.83971 54.2554 16.0293
internal_count=3840 2077 1763 226 132 55 1537 566 487 137 350 76 971 270
is_linear=0
shrinkage=0.05


Tree=401
num_leaves=15
num_cat=0
split_feature=10 11 10 1 2 12 4 11 2 1 11 5 0 4
split_gain=5.41824 1.00977 0.551532 0.862083 0.977283 1.66004 1.09182 0.882377 1.02438 0.893128 0.791354 0.962826 0.707072 0.674567
threshold=1.5000000000000002 0.19000905873514459 2.5000000000000004 9.5000000000000018 2.2780208646550419 4.4481558612518102 -0.071287964004499396 0.11400737744892402 1.9893784585645766 16.500000000000004 0.091371893954874342 1.0630119595584329 10.500000000000002 -0.13505913112212289
decision_type=2 2 2 2 2 2 2 2 2 2 2 2 2 2
left_child=-1 2 10 4 5 6 -4 8 13 -9 11 -2 -11 -5
right_child=1 -3 3 7 -6 -7 -8 9 -10 12 -12 -13 -14 -15
leaf_value=-0.040258065869155195 0.021147027277975433 0.04070797534963843 0.032682401811757675 0.036359013965587064 0.040911173892138532 -0.039456997021477064 -0.0083465522699644312 -0.032711008168773197 -0.035714960354460853 0.023838257127495169 0.044013401361443709 -0.013772741204315986 -0.010685483193300283 -0.010581452389864496
leaf_weight=7.3192508432257446 5.2588066970929486 2.0493926806375375 3.8800643826834849 0.94479513727128406 2.3146519483998409 1.7280118861235676 2.7855419423431185 1.262676696293054 3.9735455914633349 4.7367013138718903 1.8678957191295911 3.1602483238093555 2.1591292233206332 4.0301344243343946
leaf_count=3034 47 247 57 9 25 12 33 28 75 70 62 33 28 80
internal_value=-0.000693727 0.00651847 0.00467953 0.00102121 0.012147 0.00421487 0.0155365 -0.00594307 -0.0167859 0.00594961 0.0145714 0.00803925 0.0130287 -0.00166693
internal_weight=47.4708 40.1516 38.1022 27.8153 10.7083 8.39362 6.66561 17.107 8.94848 8.15851 10.287 8.41906 6.89583 4.97493
internal_count=3840 806 559 417 127 102 90 290 164 126 142 80 98 89
is_linear=0
shrinkage=0.05


Tree=402
num_leaves=15
num_cat=0
split_feature=5 12 12 12 19 12 5 4 4 1 14 4 12 2
split_gain=3.25924 1.48275 0.974336 1.15001 1.14495 1.10142 0.958286 1.00807 0.827783 0.839977 0.852971 1.08324 2.08289 1.46381
threshold=0.95776068230679401 23.853941230049966 3.4897484138723192 1.9362899466125274 1.5000000000000002 3.566374088803721 1.2570494572073074 0.45605432303545612 -0.09069006390434993 37.500000000000007 3.5000000000000004 0.23714251381879406 7.6288113517412599 2.0331595646116862
decision_type=2 2 2 2 2 2 2 2 2 2 2 2 2 2
left_child=-1 2 3 4 6 -4 7 -2 -7 10 11 12 13 -10
right_child=1 -3 5 -5 -6 8 -8 -9 9 -11 -12 -13 -14 -15
leaf_value=-0.037990935323934716 -0.041559724777050902 0.04121623303537067 0.067581607866743276 -0.031176784217062298 0.071694413812087535 -0.028228702181799983 0.054223080446519592 0.032451688708835635 -0.034264236942201862 -0.038785745418631168 0.015218999873432924 -0.016349073604989699 0.048763634101412823 0.038159193745317961
leaf_weight=5.420677303482079 1.5955097172409298 2.4200878108385941 0.68471079401206481 4.5473501338274218 0.57423065206967283 1.9304207355016902 0.53560661000665266 0.64650594629347313 2.306500072241763 1.0271558461245138 15.126144309993832 6.5776692123617977 2.4096535500138998 1.000267280382104
leaf_count=1627 215 479 22 726 14 115 10 7 75 53 322 98 48 29
internal_value=-0.00153472 0.00324074 0.000881913 -0.0147976 0.00742355 0.00486921 -0.00586347 -0.0202178 0.00345568 0.00560576 0.00726866 -0.00251311 0.0134074 -0.0123568
internal_weight=46.8025 41.3818 38.9617 7.8992 3.35185 31.0625 2.77762 2.24202 30.3778 28.4474 27.4202 12.2941 5.71642 3.30677
internal_count=3840 2213 1734 972 246 762 232 222 740 625 572 250 152 104
is_linear=0
shrinkage=0.05


Tree=403
num_leaves=15
num_cat=0
split_feature=0 14 1 12 12 10 6 15 2 19 7 5 17 12
split_gain=1.48376 1.4382 0.844936 0.87436 1.14331 1.06773 1.33365 1.37383 1.25332 1.57612 1.06596 1.79311 1.03402 1.22715
threshold=6.5000000000000009 1.5000000000000002 42.500000000000007 4.4923343301018823 4.3390362752636786 1.5000000000000002 2.5000000000000004 0.49489795918367352 2.1635358369001843 1.0000000180025095e-35 0.62387724550898216 0.80160957622240503 0.18898809523809526 2.3358467037005357
decision_type=2 2 2 2 2 2 2 2 2 2 2 2 2 2
left_child=-1 -2 3 4 5 8 7 -7 -3 10 -10 -12 13 -11
right_child=1 2 -4 -5 -6 6 -8 -9 9 12 11 -13 -14 -15
leaf_value=-0.040276303608187181 -0.040502129975419826 0.010757384935955246 -0.047638697293267022 -0.0081433165755433311 0.036258481589277573 -0.042177949180896214 -0.045143099073388447 0.0081271211107070539 -0.042189265239731454 -0.019709292622607091 0.047854224676494056 -0.027869281365870475 -0.0237232222890108 0.039660223745453381
leaf_weight=2.2507654084474771 2.0527794380614059 40.466934320982546 0.85347819118760426 15.99043621716555 2.7802671557292333 1.6922723462339471 2.2441300498321644 6.8550325488904491 3.570399634074418 1.1825186712667344 1.1503796898759904 2.4399065303150564 1.521086217369884 3.2974836127832532
leaf_count=963 810 684 35 615 32 65 93 137 164 30 30 56 50 76
internal_value=-0.00020042 0.000847251 0.00185721 0.002365 0.00486547 0.0035106 -0.0108393 -0.00183273 0.00639816 -0.00700462 -0.0228442 -0.00360637 0.0118957 0.0239893
internal_weight=88.3479 86.0971 84.0443 83.1908 67.2004 64.4201 10.7914 8.5473 53.6287 13.1618 7.16069 3.59029 6.00109 4.48
internal_count=3840 2877 2067 2032 1417 1385 295 202 1090 406 250 86 156 106
is_linear=0
shrinkage=0.05


Tree=404
num_leaves=15
num_cat=0
split_feature=16 16 4 15 4 15 11 15 5 3 7 1 2 2
split_gain=3.9757 0.697347 0.752493 0.619971 1.45906 0.982867 0.767378 1.16245 0.847556 0.793171 1.06725 1.30654 1.25934 1.59437
threshold=1.0000000180025095e-35 8.5000000000000018 0.3244949494949505 1.5505050505050508 0.12184447496947547 1.4202037351443126 -0.055156251659889459 1.2540322580645162 0.63943244029381485 0.51341960220464911 0.81455026455026458 5.5000000000000009 1.8732246529677072 1.4477586136961855
decision_type=2 2 2 2 2 2 2 2 2 2 2 2 2 2
left_child=-1 3 -3 4 5 6 -2 8 -8 -10 12 -12 13 -11
right_child=1 2 -4 -5 -6 -7 7 -9 9 10 11 -13 -14 -15
leaf_value=-0.031866698264165473 -0.035476248648316458 0.041010592052171481 -0.051751948493519065 0.019618933978296442 -0.034468263522195904 -0.030259309686456293 -0.031319804398735031 0.039740674152987071 0.038842860914232821 0.018072686767361453 -0.0074408322448472541 0.025041301212189362 0.0071530369194428558 -0.033812006082071654
leaf_weight=8.5360563298163452 1.0995912845246483 2.1229173925239588 0.24372281413525332 5.4361195820383719 2.6196184810250989 1.9939725911244739 1.5711340699344862 2.5167363858781746 1.7688921252265561 2.0478360112756517 4.5331094623543313 9.76394931739196 11.18651307467371 5.3457904541864991
leaf_count=3018 14 190 2 71 33 16 11 28 46 23 42 152 142 52
internal_value=-0.000230151 0.00493831 0.0314577 0.00368013 0.00173073 0.00399784 0.00571267 0.00688196 0.0045986 0.00622743 0.00447263 0.0147423 -0.00342971 -0.0194413
internal_weight=60.786 52.2499 2.36664 49.8833 44.4471 41.8275 39.8336 38.734 36.2172 34.6461 32.8772 14.2971 18.5801 7.39363
internal_count=3840 822 192 630 559 526 510 496 468 457 411 194 217 75
is_linear=0
shrinkage=0.05


Tree=405
num_leaves=15
num_cat=0
split_feature=6 1 17 6 2 11 5 10 5 4 4 4 1 16
split_gain=2.18792 1.51164 0.671655 0.692607 0.704707 0.619901 0.75592 0.802584 0.989413 1.07939 0.873463 0.868894 0.872515 1.14036
threshold=2.5000000000000004 4.5000000000000009 0.26969696969696971 -1.0000000180025095e-35 1.5524822972179015 -0.051033470830031034 0.55840840345674903 3.5000000000000004 0.77810787933675118 0.019075851684547434 -0.17917486143393532 -0.20039889829805868 39.500000000000007 2.5000000000000004
decision_type=2 2 2 2 2 2 2 2 2 2 2 2 2 2
left_child=1 2 3 4 -1 -2 -7 11 -9 10 -10 -8 -13 -14
right_child=5 -3 -4 -5 -6 6 7 8 9 -11 -12 12 13 -15
leaf_value=-0.0067431481707428235 0.034178137870720493 -0.041730586029763046 -0.051617761128174372 -0.040536838273291416 0.045646702449352095 -0.023783941248243207 -0.022723341878416681 0.067852710424770257 0.039957411883400538 0.048053599080845444 -0.010394011642867219 0.002269764663435678 0.038703973268861179 -0.034148404039202357
leaf_weight=1.2206827849149715 1.6437636117916543 4.7121028001711238 0.51801342901308078 0.56031169969355499 1.3537127599120138 2.522470877505838 3.2795980242080978 0.93130582966841657 1.1147682890295976 1.626959779532626 3.7883073203265671 67.391480534570292 3.2423840814735736 0.64380535203963507
leaf_count=14 55 1879 41 113 30 20 59 23 20 34 85 1350 105 12
internal_value=0.00139763 -0.0230166 0.001125 0.0098408 0.0208054 0.00376719 0.0031759 0.00400504 0.01964 0.0127639 0.00105394 0.00244037 0.0035982 0.0266349
internal_weight=94.5497 8.36482 3.65272 3.13471 2.5744 86.1848 84.5411 82.0186 7.46134 6.53004 4.90308 74.5573 71.2777 3.88619
internal_count=3840 2077 198 157 44 1763 1708 1688 162 139 105 1526 1467 117
is_linear=0
shrinkage=0.05


Tree=406
num_leaves=15
num_cat=0
split_feature=10 11 10 1 2 12 4 11 2 3 3 18 11 5
split_gain=5.13945 0.96938 0.527642 0.790399 0.921396 1.49916 0.917376 0.816342 0.957918 0.855523 0.845694 0.829027 0.758845 0.871914
threshold=1.5000000000000002 0.19000905873514459 2.5000000000000004 9.5000000000000018 2.2780208646550419 4.4216367364106945 -0.071287964004499396 0.11400737744892402 1.9893784585645766 0.61385701676963833 0.65918680475642522 1.4947916666666667 0.091371893954874342 1.0630119595584329
decision_type=2 2 2 2 2 2 2 2 2 2 2 2 2 2
left_child=-1 2 12 4 5 6 -4 8 -5 -9 -11 -12 13 -2
right_child=1 -3 3 7 -6 -7 -8 9 -10 10 11 -13 -14 -15
leaf_value=-0.040251663582132127 0.020460657019145755 0.040692465416623122 0.031723578181890838 -0.0016968455445261162 0.040037593236066656 -0.035429224582915302 -0.0067713468166106273 0.042296256881020927 -0.034956493745697918 -0.042105609856708998 0.019099175352430314 -0.022266480569255894 0.043848410259439211 -0.012945949014251057
leaf_weight=6.9785012047213959 5.2070378903299552 1.9480111571028818 3.6756937541067591 4.9142700904048997 2.2502747476100913 1.8692784011363981 2.6732800258323577 1.3321511493995766 3.8695042598992586 1.0797061864286659 3.8823773418553174 1.7604733798652885 1.7855216497555364 3.1256860545836389
leaf_count=3034 47 247 56 89 25 14 32 40 75 10 62 14 62 33
internal_value=-0.000704532 0.00630479 0.00451488 0.000901009 0.0116896 0.00392752 0.015515 -0.00580629 -0.0163487 0.00569033 -0.00156355 0.00619379 0.014268 0.00792951
internal_weight=46.3518 39.3733 37.4253 27.307 10.4685 8.21825 6.34897 16.8385 8.78377 8.05471 6.72256 5.64285 10.1182 8.33272
internal_count=3840 806 559 417 127 102 88 290 164 126 86 76 142 80
is_linear=0
shrinkage=0.05


Tree=407
num_leaves=15
num_cat=0
split_feature=5 12 6 12 5 11 11 2 7 7 8 19 5 5
split_gain=3.08104 1.408 1.22179 1.02435 0.953333 1.39488 1.43494 1.20384 0.915784 1.1724 1.42827 0.873595 0.715286 0.851606
threshold=0.95776068230679401 23.853941230049966 8.5000000000000018 4.8045639978882413 1.184266038418049 0.017352156323273919 0.044538304309147937 1.4477586136961855 0.96578947368421064 0.56342821782178232 1.0000000180025095e-35 1.0000000180025095e-35 1.9632013168378839 1.3647622714441174
decision_type=2 2 2 2 2 2 2 2 2 2 2 2 2 2
left_child=-1 2 3 4 7 -6 -7 -2 9 10 -5 -12 13 -10
right_child=1 -3 -4 8 5 6 -8 -9 12 -11 11 -13 -14 -15
leaf_value=-0.037802920564429132 -0.0015362843466908875 0.041194709322367018 -0.083190381703324059 0.028170796720876936 -0.018694363354058715 0.063815764719298826 -0.023161324843845886 -0.040667436046750147 0.007056304883051933 0.042946197666872604 -0.033304232817345916 0.020840371331011423 0.035745817007088253 -0.018294242812332381
leaf_weight=5.1903099537303197 4.0502542200847511 2.2898516252171239 0.42782575235469167 3.8814573527779448 2.3377279309788719 1.5214662018697711 0.68891930062090967 3.8183775554061867 7.6653737103333679 3.3929217287804931 2.3435196900973101 1.092151337477844 1.2424061517231155 5.8344208099879324
leaf_count=1627 156 479 7 41 139 34 75 834 133 70 52 31 63 99
internal_value=-0.00152935 0.0031094 0.00083219 0.00178144 -0.00999224 0.00823087 0.0367073 -0.0205253 0.00752516 0.0186524 0.00738752 -0.0160924 -0.000558687 -0.00389984
internal_weight=45.777 40.5867 38.2968 37.869 12.4167 4.54811 2.21039 7.86863 25.4523 10.7101 7.31713 3.43567 14.7422 13.4998
internal_count=3840 2213 1734 1727 1238 248 109 990 489 194 124 83 295 232
is_linear=0
shrinkage=0.05


Tree=408
num_leaves=15
num_cat=0
split_feature=0 14 4 13 16 2 13 11 13 18 7 0 12 3
split_gain=1.40853 1.37005 0.823103 0.827746 1.39289 1.21997 1.18697 1.15226 1.01368 1.34245 1.16161 1.15702 1.55118 1.61658
threshold=6.5000000000000009 1.5000000000000002 0.40000000000000008 30.500000000000004 5.5000000000000009 1.2905673409412772 23.500000000000004 0.095345011758259116 13.500000000000002 0.53708791208791218 0.97530487804878063 8.5000000000000018 3.271088665483818 0.9888236763236764
decision_type=2 2 2 2 2 2 2 2 2 2 2 2 2 2
left_child=-1 -2 3 4 6 -5 7 8 11 -10 -11 12 13 -3
right_child=1 2 -4 5 -6 -7 -8 -9 9 10 -12 -13 -14 -15
leaf_value=-0.040268141049272906 -0.040494689609150085 0.026368917855796054 -0.035928749945777154 0.051449142757692259 -0.040779120538317615 -0.036521725101766121 0.026421638565396834 -0.040675707269144698 0.028703778467590441 -0.021931281315194839 0.031206816916189067 0.010727821832293344 -0.025967165366032132 -0.015615158797488657
leaf_weight=2.1416769728530189 1.9630505975801487 5.0169243239797634 1.4231411742512126 0.46493762079626266 1.7425973011995655 2.5868453619768843 5.6800884057302019 1.5009452285012219 1.9724211995489884 9.5255737891420704 1.1529430774971832 41.795112399035133 5.7102331843925631 4.222616656916216
leaf_count=963 810 67 218 4 164 101 104 176 31 217 36 725 147 77
internal_value=-0.000222377 0.000789512 0.00176836 0.00242766 0.00342312 -0.0231194 0.004429 0.002667 0.00360445 -0.00919398 -0.016194 0.00645778 -0.00547998 0.00718153
internal_weight=86.8991 84.7574 82.7944 81.3712 78.3195 3.05178 76.5769 70.8968 69.3958 12.6509 10.6785 56.7449 14.9498 9.23954
internal_count=3840 2877 2067 1849 1744 105 1580 1476 1300 284 253 1016 291 144
is_linear=0
shrinkage=0.05


Tree=409
num_leaves=15
num_cat=0
split_feature=16 16 5 13 4 11 11 1 4 18 12 4 18 12
split_gain=3.76406 0.656299 0.620952 0.909391 0.887631 0.584593 1.03375 0.928964 0.859937 1.0883 1.07285 1.0568 0.875436 1.31741
threshold=1.0000000180025095e-35 9.5000000000000018 1.1886417238943825 3.5000000000000004 -0.0091996803109132795 -0.015088001167778973 -0.047782934153973382 16.500000000000004 0.11759581881533189 1.7884868421052633 3.3653468183733675 -0.26675651392632543 1.1263888888888891 3.7161314744684057
decision_type=2 2 2 2 2 2 2 2 2 2 2 2 2 2
left_child=2 5 -1 -4 -5 6 -2 -8 9 10 11 -7 13 -12
right_child=1 -3 3 4 -6 8 7 -9 -10 -11 12 -13 -14 -15
leaf_value=-0.040236481465383653 -0.02165161954608219 0.040730350263631934 -0.040289434879606789 -0.040466846538044145 0.052955247711040022 0.049529128175155396 -0.0036147859186542288 0.033584967709045475 -0.022521995493723301 0.032331990494786453 -0.029919594869993422 0.0051362670946226803 -0.03961671990007426 0.006700095239341875
leaf_weight=5.8846145514398795 1.5970361363142727 1.2438823627308 1.1975298827746885 0.38026977184927091 0.76727470854530089 1.4423755253665103 2.3985202284529787 5.5887124149594456 3.4537710901349774 3.0197028354741624 3.5315676974132648 19.004106132779278 2.0888014137744895 8.0642467667348665
leaf_count=2185 27 138 713 87 33 17 40 103 41 24 31 272 19 110
internal_value=-0.000170216 0.00485344 -0.0315663 -0.00980988 0.0219973 0.00396426 0.0150714 0.0224141 0.00134255 0.00356115 0.00101569 0.00826791 -0.00982003 -0.00445263
internal_weight=59.6624 51.4327 8.22969 2.34507 1.14754 50.1888 9.58427 7.98723 40.6046 37.1508 34.1311 20.4465 13.6846 11.5958
internal_count=3840 822 3018 833 120 684 170 143 514 473 449 289 160 141
is_linear=0
shrinkage=0.05


Tree=410
num_leaves=15
num_cat=0
split_feature=6 1 4 19 13 3 7 11 11 5 5 15 7 18
split_gain=2.05685 1.45982 0.636061 0.606627 0.744964 1.10236 0.843142 0.729407 1.734 0.923184 1.45635 1.31206 1.20886 0.886169
threshold=2.5000000000000004 4.5000000000000009 0.10560613134142545 1.5000000000000002 4.5000000000000009 0.6359784283513098 0.72128060263653493 -0.0048253004924332368 -0.0080263752823453421 0.85078726120979264 0.73825541212968371 1.3514705882352944 0.19810191518467854 1.3013157894736844
decision_type=2 2 2 2 2 2 2 2 2 2 2 2 2 2
left_child=1 2 -1 7 -5 -6 -7 8 9 10 12 -11 -2 -12
right_child=3 -3 -4 4 5 6 -8 -9 -10 11 13 -13 -14 -15
leaf_value=-0.016570019846933261 0.04774782025834215 -0.041709707048561445 0.026401002128277125 -0.037989753823720704 -0.021618834596243003 0.040787699534860104 -0.014674383943230687 0.0017646783719707966 0.049328050011700257 0.024890986421136782 0.013924017834101771 -0.017210949621026664 -0.0038544384260599525 -0.037353251089457383
leaf_weight=2.0843186450074414 1.7628815486095897 4.4925226785999257 1.4674787297844885 1.7786208825418715 3.1985978675074875 1.8917620619758966 1.0744413137435911 53.343730640597641 2.7878285641781977 9.5284458887763304 1.1185657645110039 2.2964939065277568 3.1863266215659678 3.4148280932568014
leaf_count=113 33 1879 85 94 77 30 25 971 79 282 25 68 32 47
internal_value=0.00139907 -0.0227709 0.00118411 0.00367624 -0.00948275 -0.00125813 0.0206978 0.00502605 0.0122463 0.00739456 -0.00422751 0.0167145 0.014526 -0.0247011
internal_weight=93.4268 8.04432 3.5518 85.3825 7.94342 6.1648 2.9662 77.4391 24.0954 21.3075 9.4826 11.8249 4.94921 4.53339
internal_count=3840 2077 198 1763 226 132 55 1537 566 487 137 350 65 72
is_linear=0
shrinkage=0.05


Tree=411
num_leaves=15
num_cat=0
split_feature=10 11 1 11 1 13 15 4 10 1 11 12 11 8
split_gain=4.9154 0.919778 0.513955 0.830481 1.12155 1.27644 0.898544 0.785749 1.07456 1.26148 1.55552 1.17784 0.991887 0.821505
threshold=1.5000000000000002 0.19000905873514459 12.500000000000002 0.028661346369958294 4.5000000000000009 2.5000000000000004 -1.0000000180025095e-35 -0.14250723581357902 3.5000000000000004 17.500000000000004 0.11400737744892402 2.169157341998281 0.072438221252411714 1.5000000000000002
decision_type=2 2 2 2 2 2 2 2 2 2 2 2 2 2
left_child=-1 2 3 4 5 -2 -7 -4 11 -10 -11 -9 -13 -12
right_child=1 -3 7 -5 -6 6 -8 8 9 10 13 12 -14 -15
leaf_value=-0.040242090573832101 0.04603486700203939 0.040678113097554897 0.029984309273043283 0.023746793351486016 -0.026218576233215204 -0.02013532686900827 0.028363398734222767 -0.040311286112993901 -0.067778468132468558 -0.037904873450557854 0.029301773996563675 -0.010266790322093286 0.023666856278837564 -0.016473810090145282
leaf_weight=6.6657082199526476 1.9525985568761841 1.8472610369790334 1.8984384844079638 7.2652032780461004 2.6591603986453265 2.6941651683300742 1.4794840952381481 1.1966079631820346 1.0857053934596468 2.8746505427407101 2.3526646853424609 3.2412986671552044 6.416598760522902 1.6800343459472058
leaf_count=3034 11 247 34 96 37 34 19 16 26 79 30 44 115 18
internal_value=-0.000589514 0.00625019 0.00452184 0.01124 0.000897342 0.0126673 -0.0029434 -0.000675816 -0.00376409 -0.0176766 -0.00980153 0.00648083 0.0122783 0.0102315
internal_weight=45.3096 38.6439 36.7966 16.0506 8.78541 6.12625 4.17365 20.746 18.8476 7.99305 6.90735 10.8545 9.6579 4.0327
internal_count=3840 806 559 197 101 64 53 362 328 153 127 175 159 48
is_linear=0
shrinkage=0.05


Tree=412
num_leaves=15
num_cat=0
split_feature=5 12 6 12 12 12 4 15 7 7 1 0 18 3
split_gain=2.9295 1.33841 1.13252 0.967671 1.05948 1.06984 0.938435 0.880108 0.766866 1.31043 1.06692 0.929556 0.720297 0.804038
threshold=0.95776068230679401 23.853941230049966 8.5000000000000018 3.4897484138723192 1.9362899466125274 1.9178891252644228 -0.062542517006803064 1.7836257309941523 0.96578947368421064 0.57735042735042741 29.500000000000004 4.5000000000000009 1.6291666666666669 1.4082491582491585
decision_type=2 2 2 2 2 2 2 2 2 2 2 2 2 2
left_child=-1 2 3 4 5 7 -5 -2 9 10 12 -12 -8 -14
right_child=1 -3 -4 6 -6 -7 8 -9 -10 -11 11 -13 13 -15
leaf_value=-0.037677361439836528 -0.021218585858128691 0.041181023982027692 -0.080453469782518841 -0.023383254102380735 -0.03071439249977961 0.069491320461619918 -0.01020142655112169 0.049053514338311899 0.0010773915788900416 0.043327421227939061 0.027675226230521779 -0.057302129331462504 0.058224477503043465 0.013072229480645504
leaf_weight=4.9826218187808982 2.0692932966048829 2.1689019692130378 0.42413200810551543 2.5300674613681648 4.262046925665345 0.56931455258745689 1.9443185145501063 0.5678302440792321 15.381605123344341 3.5697009499417609 0.46620619017630804 1.0390896302415056 1.3727949002059174 3.4989154145587236
leaf_count=1627 229 479 7 162 724 10 69 7 306 76 7 63 28 46
internal_value=-0.00153106 0.00298686 0.000789251 0.00171376 -0.01438 0.00733182 0.00574683 -0.00608747 0.00844922 0.017985 0.00711358 -0.0309837 0.0155272 0.0257956
internal_weight=44.8468 39.8642 37.6953 37.2712 7.46849 3.20644 29.8027 2.63712 27.2726 11.891 8.32132 1.5053 6.81603 4.87171
internal_count=3840 2213 1734 1727 970 246 757 236 595 289 213 70 143 74
is_linear=0
shrinkage=0.05


Tree=413
num_leaves=15
num_cat=0
split_feature=0 14 4 11 5 11 11 3 4 3 11 7 12 15
split_gain=1.3386 1.29854 0.774442 0.775976 0.761396 1.42357 1.85125 1.85244 1.40713 1.43021 1.39026 1.38824 1.27667 1.78426
threshold=6.5000000000000009 1.5000000000000002 0.40000000000000008 0.050049704152755621 0.80160957622240503 0.020651041062766221 0.0025518886150095181 0.73744220260613724 0.3244949494949505 1.2336044368269576 0.026264012823883496 0.29217479674796759 3.6013704295799771 1.0842198581560285
decision_type=2 2 2 2 2 2 2 2 2 2 2 2 2 2
left_child=-1 -2 3 4 10 6 8 -8 9 11 -3 -6 13 -9
right_child=1 2 -4 -5 5 -7 7 12 -10 -11 -12 -13 -14 -15
leaf_value=-0.040261217273713713 -0.040475144935234728 0.0053067580989217805 -0.035477299004360113 -0.012871614429134882 -0.030743164649987421 -0.020193674024761341 -0.038410109341533966 0.024619345112206405 0.047515878426216823 -0.040668543424197484 0.035556263098222927 0.0030958497810215802 0.044718834744327474 -0.03881007077984263
leaf_weight=2.0436402449558946 1.8722508139035188 20.59947461576667 1.381607794552109 7.6484878401970482 3.5822213757201196 7.2870049338089293 1.2515113537665445 5.2836964468006027 1.2844403499038879 2.6824225733289486 4.6571262166835359 19.692157519981265 4.9958249168703333 1.403133012820035
leaf_count=963 810 408 218 325 150 179 37 91 27 139 69 312 68 44
internal_value=-0.000280507 0.00069659 0.00163952 0.0022776 0.00387098 0.000138785 0.00382668 0.019403 -0.00356899 -0.00609686 0.0108845 -0.0021124 0.0255963 0.0113096
internal_weight=85.665 83.6214 81.7491 80.3675 72.719 47.4624 40.1754 12.9342 27.2412 25.9568 25.2566 23.2744 11.6827 6.68683
internal_count=3840 2877 2067 1849 1524 1047 868 240 628 601 477 462 203 135
is_linear=0
shrinkage=0.05


Tree=414
num_leaves=15
num_cat=0
split_feature=16 16 12 5 5 7 15 4 15 7 4 12 5 2
split_gain=3.57187 0.629214 0.72134 0.592486 0.854296 0.596244 0.559775 1.29024 0.904001 0.713875 0.914929 0.84702 0.773082 0.755541
threshold=1.0000000180025095e-35 8.5000000000000018 20.244350546088853 1.1886417238943825 1.2689484061319853 1.0424679487179491 1.5505050505050508 0.12184447496947547 1.4202037351443126 1.0241841491841495 -0.085918257389162853 1.6443589731579307 0.83525240718572868 1.9984992907108539
decision_type=2 2 2 2 2 2 2 2 2 2 2 2 2 2
left_child=3 6 -3 -1 5 -5 7 8 9 11 -11 -2 -12 -13
right_child=1 2 -4 4 -6 -7 -8 -9 -10 10 12 13 -14 -15
leaf_value=-0.040228252822438373 -0.028844563904315237 0.040959403806054229 -0.053845917077066208 -0.040264702279236626 -0.040293860309766553 0.043044470583397665 0.018854282045670401 -0.033062278600919329 -0.029530691422483043 -0.0094088004828153937 0.0010722965495318143 -0.0031141370461582477 0.044468358097387341 0.012781695294785275
leaf_weight=5.6153061711811452 2.0424669208005062 1.9308701232075685 0.22390484809875477 0.29070155048975743 1.140295948309358 0.82227346382569522 5.2872671647928646 2.5251290118321768 1.9410510552115727 1.8896349067799745 1.4618395105935622 15.744559606071563 3.4444040097296238 14.233035298064349
leaf_count=2185 29 191 1 97 699 37 71 33 16 25 18 173 58 207
internal_value=-0.000192981 0.00466926 0.0311081 -0.031537 -0.00987791 0.0212847 0.0034963 0.0016202 0.00376898 0.00543418 0.0201527 0.00231035 0.0315383 0.00443303
internal_weight=58.5927 50.7242 2.15477 7.86858 2.25327 1.11298 48.5694 43.2821 40.757 38.8159 6.79588 32.0201 4.90624 29.9776
internal_count=3840 822 192 3018 833 134 630 559 526 510 101 409 76 380
is_linear=0
shrinkage=0.05


Tree=415
num_leaves=15
num_cat=0
split_feature=6 6 7 3 3 2 3 2 13 5 18 4 18 19
split_gain=1.9261 1.41196 0.594171 0.669171 1.85245 2.10977 1.22577 1.07246 1.99712 1.81039 1.4283 1.0372 1.07023 1.3526
threshold=2.5000000000000004 1.0000000180025095e-35 1.3620507399577171 1.2702152267927187 1.3954592287312337 2.009945681415727 1.9769353128313896 2.0160511266724401 4.5000000000000009 0.89833693924243085 1.691964285714286 0.0044713706325416698 1.0613139992839244 1.5000000000000002
decision_type=2 2 2 2 2 2 2 2 2 2 2 2 2 2
left_child=1 -1 3 7 -5 6 -6 8 -2 10 -9 12 13 -11
right_child=2 -3 -4 4 5 -7 -8 9 -10 11 -12 -13 -14 -15
leaf_value=0.0030595013952182046 -0.021682771533383126 -0.040262268151894494 -0.023017243564272438 0.048313524760236135 0.037102430219564018 -0.021787678929516316 -0.0023060220800363712 -0.0083023165360467544 0.0035053710368401236 0.048460994031577553 0.043652852248046652 0.046754876419221464 -0.0039125536112532581 -0.016803753902639006
leaf_weight=3.1930377017706624 10.568942996906115 4.5766740377584938 2.0523643363267174 3.0724147030850864 4.6786402566358429 4.6476967921480528 3.4123327807756141 11.823329567210751 30.812234350247309 3.1736144192982447 1.4894726746715594 3.6040320198517284 4.0098017833661288 1.0587045243009923
leaf_count=48 145 2029 120 112 104 63 51 168 582 69 56 152 120 21
internal_value=0.00136358 -0.0224588 0.00355653 0.0042188 0.013465 0.00505999 0.0204821 0.00202174 -0.0029278 0.0101627 -0.00248943 0.0243812 0.0145979 0.0321352
internal_weight=92.1733 7.76971 84.4036 82.3512 15.8111 12.7387 8.09097 66.5401 41.3812 25.159 13.3128 11.8462 8.24212 4.23232
internal_count=3840 2077 1763 1643 330 218 155 1313 727 586 224 362 210 90
is_linear=0
shrinkage=0.05


Tree=416
num_leaves=15
num_cat=0
split_feature=10 11 13 1 10 1 12 11 11 13 5 1 11 13
split_gain=4.648 0.885185 0.493258 0.71003 0.82838 1.27292 1.10029 1.15158 0.77472 0.763614 0.675043 0.584171 0.555163 0.751666
threshold=1.5000000000000002 0.19000905873514459 28.500000000000004 12.500000000000002 3.5000000000000004 17.500000000000004 2.169157341998281 0.072438221252411714 0.044538304309147937 3.5000000000000004 1.0496366737918306 4.5000000000000009 0.15061696831342566 16.500000000000004
decision_type=2 2 2 2 2 2 2 2 2 2 2 2 2 2
left_child=-1 2 3 8 6 -6 -5 -8 9 11 -10 -2 13 -7
right_child=1 -3 -4 4 5 12 7 -9 10 -11 -12 -13 -14 -15
leaf_value=-0.04023326639614478 0.027333507357867177 0.040657860903619891 0.030864987894668017 -0.039450570363503974 -0.0666483903143089 -0.0029588335945344491 -0.014786305563268338 0.023580557485897005 0.039575681960030591 -0.011556858701581664 0.00074339313633616779 -0.0052949733740381925 0.018544771195463928 -0.042052527376804066
leaf_weight=6.3584959096624507 3.7092523910105211 1.7531118462793518 1.6643272372893978 1.1859385147690797 1.0544371185824255 3.9705572631210089 2.8296215380541963 6.3330938511062413 3.4215253801085046 4.8309499793685973 1.6631340389139948 2.1768437857972458 1.5624098721891639 1.7811265495838595
leaf_count=3034 40 247 31 16 26 72 40 122 57 46 21 33 29 26
internal_value=-0.000671391 0.00595956 0.0042784 0.00299652 -0.00359236 -0.0152896 0.00586668 0.0117321 0.0108011 0.00317531 0.0268741 0.0152666 -0.0078854 -0.015065
internal_weight=44.2948 37.9363 36.1832 34.5189 18.7172 8.36853 10.3487 9.16272 15.8017 10.717 5.08466 5.8861 7.31409 5.75168
internal_count=3840 806 559 528 331 153 178 162 197 119 78 73 127 98
is_linear=0
shrinkage=0.05


Tree=417
num_leaves=15
num_cat=0
split_feature=5 12 6 12 12 19 12 5 4 18 11 15 11 2
split_gain=2.78883 1.26743 1.05309 0.920099 0.99422 0.991053 0.888983 0.848637 0.871551 0.814204 0.651172 0.986878 0.966709 0.787561
threshold=0.95776068230679401 23.853941230049966 8.5000000000000018 3.4897484138723192 1.9362899466125274 1.5000000000000002 3.566374088803721 1.2570494572073074 0.45605432303545612 3.4694055944055946 -0.01585853893052774 1.4950980392156865 -0.0019710909896554769 1.2717141107038283
decision_type=2 2 2 2 2 2 2 2 2 2 2 2 2 2
left_child=-1 2 3 4 5 7 -5 8 -2 10 -8 12 -12 -13
right_child=1 -3 -4 6 -6 -7 9 -9 -10 -11 11 13 -14 -15
leaf_value=-0.037538300185624734 -0.041499562197833711 0.041170804366894381 -0.07794058002197557 0.061303093529216771 -0.030360783199657973 0.067173654379032374 -0.016893235256056863 0.051844730432000274 0.028943150668328782 0.029543422886833422 0.027697437901361893 0.053318837382041108 -0.0067120770031074209 0.011537168175719707
leaf_weight=4.7800207324617068 1.4548493442707697 2.0519133246270931 0.41980162588879366 0.70035508339060726 4.1268800090765581 0.56117589870700602 4.0642894028569634 0.50781527266371984 0.62891376856714476 2.8715643640607587 2.4037760493811318 1.5315505628241215 13.531109379662658 4.2788632008014247
leaf_count=1627 215 479 7 22 724 14 126 10 7 87 75 27 332 88
internal_value=-0.00148533 0.00291849 0.000801756 0.00170342 -0.0142101 0.00693074 0.0056462 -0.00611416 -0.0202388 0.00428713 0.00147713 0.00491063 -0.0015214 0.0225503
internal_weight=43.9129 39.1329 37.0809 36.6611 7.27963 3.15275 29.3815 2.59158 2.08376 28.6812 25.8096 21.7453 15.9349 5.81041
internal_count=3840 2213 1734 1727 970 246 757 232 222 735 648 522 407 115
is_linear=0
shrinkage=0.05


Tree=418
num_leaves=15
num_cat=0
split_feature=0 14 1 1 17 15 5 13 11 14 15 3 5 4
split_gain=1.27273 1.23511 0.761906 0.806199 1.40267 1.20967 1.22027 2.54809 1.20616 1.17134 1.78255 1.56676 1.14911 1.11929
threshold=6.5000000000000009 1.5000000000000002 42.500000000000007 34.500000000000007 0.072751322751322761 0.74744897959183687 0.78923268581479311 8.5000000000000018 0.01982746253207918 3.5000000000000004 0.94504830917874405 0.99863013698630143 0.64584087887659691 0.058543795385900314
decision_type=2 2 2 2 2 2 2 2 2 2 2 2 2 2
left_child=-1 -2 3 4 13 6 -5 -8 -7 -6 11 12 -11 -3
right_child=1 2 -4 5 9 8 7 -9 -10 10 -12 -13 -14 -15
leaf_value=-0.04025258531921394 -0.040459310190888692 0.0077382674507973153 -0.046537797016801045 0.05129349661643165 -0.036360558464837586 0.010946920032787178 0.046901763089508525 -0.045421867278421457 -0.03367095413762284 0.03635966430843645 -0.035777111070710986 0.034358359676051838 -0.030875655915495737 -0.0094215066574636769
leaf_weight=1.9471547089924559 1.787829733773832 38.648473404347897 0.81512318912427772 3.1448035079520187 4.2161171115585594 6.3198345644632337 1.7240713897626849 1.3192244636593384 1.9921841371105982 0.84718226641416405 3.1644871793687344 3.2901796426158398 2.543180626234971 12.601438575657083
leaf_count=963 810 846 35 48 119 158 14 54 59 5 75 30 74 550
internal_value=-0.000297968 0.000646019 0.0015575 0.0020487 -0.000319132 0.0127138 0.0294514 0.00688081 0.000253125 -0.0143083 -0.0048644 0.00977856 -0.0140749 0.00351899
internal_weight=84.3613 82.4141 80.6263 79.8112 65.3111 14.5001 6.1881 3.0433 8.31202 14.0611 9.84503 6.68054 3.39036 51.2499
internal_count=3840 2877 2067 2032 1699 333 116 68 217 303 184 109 79 1396
is_linear=0
shrinkage=0.05


Tree=419
num_leaves=15
num_cat=0
split_feature=16 16 12 5 13 4 18 4 11 2 18 19 17 1
split_gain=3.43336 0.602825 0.667872 0.559733 0.794897 0.760133 0.53324 1.22662 0.812073 0.919822 1.52413 1.0974 1.0115 1.61001
threshold=1.0000000180025095e-35 8.5000000000000018 20.244350546088853 1.1886417238943825 3.5000000000000004 -0.0091996803109132795 1.7884868421052633 0.012203652828652987 0.11886497104474349 1.9984992907108539 1.3013157894736844 1.0000000180025095e-35 0.20942982456140355 26.500000000000004
decision_type=2 2 2 2 2 2 2 2 2 2 2 2 2 2
left_child=3 6 -3 -1 -5 -6 8 -8 9 10 11 -2 13 -11
right_child=1 2 -4 4 5 -7 7 -9 -10 12 -12 -13 -14 -15
leaf_value=-0.040221037577609892 -0.010310037420030092 0.040924484936705273 -0.052565205443569844 -0.040287209144566294 -0.040453458882313421 0.049278590977962576 0.038306835064798067 -0.0094951175447948056 -0.033043252926375249 0.016113141006952998 -0.034426219503826148 0.01332402806342398 0.02398791679495535 -0.026938001157902097
leaf_weight=5.3682583205809342 9.6203005965799147 1.8360147743951523 0.21321621537208546 1.0871461157512388 0.34865344583522528 0.73051664361264534 3.1826953091658643 2.3204657514579594 1.6259881127625693 5.8501495718956011 3.4163462021388105 10.035009921994059 8.5048637669533473 3.4538427791558206
leaf_count=2185 109 191 1 713 87 33 24 34 27 57 40 127 184 28
internal_value=-9.69626e-05 0.00463926 0.0311972 -0.0315639 -0.0101109 0.0202884 0.00350566 0.0181506 0.00160963 0.00298792 -0.00360142 0.00175632 0.0115245 0.000131628
internal_weight=57.5935 50.0589 2.04923 7.53457 2.16632 1.07917 48.0097 5.50316 42.5065 40.8805 23.0717 19.6553 17.8089 9.30399
internal_count=3840 822 192 3018 833 120 630 58 572 545 276 236 269 85
is_linear=0
shrinkage=0.05


Tree=420
num_leaves=15
num_cat=0
split_feature=6 6 1 16 11 4 11 2 2 2 1 12 19 18
split_gain=1.79263 1.38095 0.575028 1.49764 0.789714 1.31003 0.685315 0.63762 1.47476 2.32344 1.38042 1.51908 0.985157 1.44631
threshold=2.5000000000000004 1.0000000180025095e-35 39.500000000000007 3.5000000000000004 -0.03118581763115685 -0.077075501253132436 0.10961072239829177 2.1862324689850494 2.6474543930774388 2.6747428265612183 19.500000000000004 2.2981206542858983 1.0000000180025095e-35 3.4694055944055946
decision_type=2 2 2 2 2 2 2 2 2 2 2 2 2 2
left_child=1 -1 4 6 5 -2 -4 -6 12 -10 -11 -12 13 -9
right_child=2 -3 3 -5 7 -7 -8 8 9 10 11 -13 -14 -15
leaf_value=0.0031886544841803867 -0.019363300634829536 -0.040250999387854952 0.04284895737456372 -0.045459015400986083 -0.001417141787619847 0.036012979148426778 -0.016074174590615047 0.037062463583547915 -0.067318764112970803 0.046943786942772597 -0.046865699584862142 0.026041906219794166 -0.00082901036605276604 -0.038670759435597279
leaf_weight=3.1541395485401145 1.4663733025081453 4.3565670654352289 3.155206823488697 0.71253896784037341 56.364363964181393 3.9312630755593991 0.58495277469046403 6.9809185445774364 1.3940056301653374 1.4373956525232641 1.5414445979986342 1.3316878778859971 3.8285177014768124 0.69300212757661928
leaf_count=48 27 2029 113 13 1047 134 15 238 14 45 17 32 61 7
internal_value=0.0013883 -0.0220084 0.00349477 0.0209768 0.00250904 0.0209689 0.0336335 0.00115471 0.00957926 -0.0112064 0.00694013 -0.0130733 0.0198877 0.0302233
internal_weight=90.9324 7.51071 83.4217 4.4527 78.969 5.39764 3.74016 73.5713 17.207 5.70453 4.31053 2.87313 11.5024 7.67392
internal_count=3840 2077 1763 141 1622 161 128 1461 414 108 94 49 306 245
is_linear=0
shrinkage=0.05


Tree=421
num_leaves=15
num_cat=0
split_feature=10 11 11 5 5 5 11 5 2 12 17 6 2 12
split_gain=4.41938 0.841301 0.614485 0.506463 0.485894 0.627637 0.862646 0.79613 1.03848 1.43309 1.03967 0.853239 0.832384 1.69145
threshold=1.5000000000000002 0.19000905873514459 -0.0041455337260741789 0.66659847376831338 0.71567345084872613 0.78923268581479311 0.15061696831342566 1.1798472407031921 2.0160511266724401 4.8045639978882413 0.63961038961038974 4.5000000000000009 2.3211184432307324 3.4452676938324687
decision_type=2 2 2 2 2 2 2 2 2 2 2 2 2 2
left_child=-1 2 -2 -4 -5 -6 7 8 9 10 -7 12 -10 -14
right_child=1 -3 3 4 5 6 -8 -9 11 -11 -12 -13 13 -15
leaf_value=-0.040224470475697216 -0.037201454987914009 0.040616242221940831 -0.024515879594183585 0.041350776160244268 -0.022521211560648648 0.034023056359468083 0.043141782705473898 -0.012009532416017037 -0.023202520587489662 -0.01697026910580629 -0.012104374855593666 0.027959759724380154 -0.017215782875191637 0.044506443565385634
leaf_weight=6.0595996449992517 0.87442870112135906 1.6594687427859742 1.3736853261943895 0.96901018521748383 1.8925056480802585 8.5309254582971423 1.5788841168396164 5.4590408698422825 4.6063610911369288 2.2246277751401058 1.4257188066840161 1.9901689002290375 2.8589005172252655 1.8144445971120147
leaf_count=3034 40 247 22 14 37 135 53 84 57 24 10 16 50 17
internal_value=-0.000623459 0.00581718 0.00419498 0.00523743 0.00646295 0.00541894 0.00715323 0.00518777 0.00919102 0.0193115 0.0274179 -0.00174787 -0.00811911 0.00674811
internal_weight=43.3178 37.2582 35.5987 34.7243 33.3506 32.3816 30.4891 28.9102 23.4511 12.1813 9.95664 11.2699 9.27971 4.67335
internal_count=3840 806 559 519 497 483 446 393 309 169 145 140 124 67
is_linear=0
shrinkage=0.05


Tree=422
num_leaves=15
num_cat=0
split_feature=5 12 1 0 13 19 12 11 7 17 18 15 2 4
split_gain=2.63041 1.20991 0.770765 0.932496 0.987871 1.00355 1.16529 1.19411 0.892833 1.00749 0.806361 0.77774 1.35426 1.76762
threshold=0.95776068230679401 23.853941230049966 37.500000000000007 8.5000000000000018 3.5000000000000004 1.0000000180025095e-35 5.4977810734224573 0.03600888317643184 1.6366459627329195 0.35504201680672276 3.7565789473684217 0.84292763157894746 1.2056939764214227 0.089285714285714621
decision_type=2 2 2 2 2 2 2 2 2 2 2 2 2 2
left_child=-1 2 3 8 5 10 -7 -8 9 11 -5 -2 -13 -14
right_child=1 -3 -4 4 -6 6 7 -9 -10 -11 -12 12 13 -15
leaf_value=-0.037333142249991923 0.025524621321167503 0.041156092482235146 -0.039144531051429669 -0.011723838485121934 -0.040610036722719504 -0.021971704287658208 0.044234259488766296 -0.013165836024094858 0.037589164447698442 -0.033786578143791338 0.040637427873894558 0.047223706297416929 -0.050136112221110002 0.019399350934903678
leaf_weight=4.5813119186204849 4.9026004123152216 1.9464308790629719 1.174780327186453 12.999989978037778 1.7380845285661042 1.5381195619702328 3.2828582422807813 1.2514727944508193 2.7644245485425918 1.4021210704231624 0.77935377159155983 1.047341185971163 1.9320791139907671 1.7343268918921237
leaf_count=1627 165 479 165 333 494 70 71 9 87 78 25 20 187 30
internal_value=-0.00151779 0.00274473 0.000699035 0.0020223 -0.00446411 -0.00129942 0.015635 0.0283919 0.0121828 0.00580855 -0.00876231 0.0115818 -0.00291971 -0.0172436
internal_weight=43.0753 38.494 36.5476 35.3728 21.5899 19.8518 6.07245 4.53433 13.7829 11.0185 13.7793 9.61635 4.71375 3.66641
internal_count=3840 2213 1734 1569 1002 508 150 80 567 480 358 402 237 217
is_linear=0
shrinkage=0.05


Tree=423
num_leaves=15
num_cat=0
split_feature=0 14 13 16 2 0 5 2 0 4 11 3 11 6
split_gain=1.20807 1.17149 0.7416 1.21105 1.1596 1.30327 1.45152 1.07557 2.10531 2.2361 1.48243 1.125 1.42902 1.26936
threshold=6.5000000000000009 1.5000000000000002 30.500000000000004 5.5000000000000009 1.4477586136961855 8.5000000000000018 0.73332965540434614 1.7356503737165674 10.500000000000002 0.056669794354523483 -0.015088001167778973 1.4728571428571431 0.0045454751952952463 3.5000000000000004
decision_type=2 2 2 2 2 2 2 2 2 2 2 2 2 2
left_child=-1 -2 3 4 5 -3 -7 8 9 10 -6 13 -13 -9
right_child=1 2 -4 -5 7 6 -8 11 -10 -11 -12 12 -14 -15
leaf_value=-0.040243940490713205 -0.040440139796212367 -0.033798708704724852 -0.023427624075545023 -0.040791062996646893 -0.0028818658819398288 0.038820635908015259 -0.010489869648614201 0.0048412705886560822 -0.015373977051521243 -0.019058901163036823 0.043379046533366744 0.048468647644838089 -0.012465359362209888 -0.015059853191894557
leaf_weight=1.8525019066000812 1.7031131410330989 4.0666681415750636 2.8824047029484055 1.5888507249765087 2.1250967970117918 1.9237082372419516 6.6563829403603449 29.38289200066356 4.0116333449259391 2.3141959117492652 9.3559375623008254 2.6866206183331078 1.4990605684579348 11.01674891123548
leaf_count=963 810 126 105 164 38 25 224 676 92 90 114 62 42 309
internal_value=-0.000319518 0.000591171 0.00147006 0.00240661 0.00332126 -0.0104844 0.000565843 0.00611963 0.0165075 0.0257786 0.0348163 0.00197084 0.0266457 -0.000585651
internal_weight=83.0658 81.2133 79.5102 76.6278 75.0389 12.6468 8.58009 62.3922 17.8069 13.7952 11.481 44.5853 4.18568 40.3996
internal_count=3840 2877 2067 1962 1798 375 249 1423 334 242 152 1089 104 985
is_linear=0
shrinkage=0.05


Tree=424
num_leaves=15
num_cat=0
split_feature=16 16 12 15 4 15 7 4 12 5 12 0 2 4
split_gain=3.27421 0.574636 0.633135 0.534076 1.18166 0.831309 0.668288 0.839124 0.770639 0.738386 0.706984 0.820337 1.61001 1.24223
threshold=1.0000000180025095e-35 8.5000000000000018 20.244350546088853 1.5505050505050508 0.12184447496947547 1.4202037351443126 1.0241841491841495 -0.085918257389162853 1.6443589731579307 0.83525240718572868 5.2350065864462803 6.5000000000000009 1.9984992907108539 0.017318260095586114
decision_type=2 2 2 2 2 2 2 2 2 2 2 2 2 2
left_child=-1 3 -3 4 5 6 8 -8 -2 -9 11 13 -13 -10
right_child=1 2 -4 -5 -6 -7 7 9 10 -11 -12 12 -14 -15
leaf_value=-0.031623481238625177 -0.027770731114290015 0.040892642810851532 -0.051787168780621909 0.018573820048270743 -0.032332502606455434 -0.028711608318137061 -0.008702470657423151 0.0009307582399644145 0.0029739068412652551 0.0441863375874103 -0.020748288909484464 -0.0020703030341857314 0.025433705237220272 -0.053035202327702813
leaf_weight=7.1988231850264119 2.0097273248247829 1.7423799824900914 0.20606893301010121 5.1545004742220035 2.4287268682382992 1.8958722022362042 1.8520822017453609 1.4159172996878613 3.9845756846480134 3.2538284370675683 2.5808455841615787 11.166930872946979 10.163491199258713 1.3172509213909505
leaf_count=3018 29 191 1 71 33 16 25 18 77 58 30 113 139 21
internal_value=-0.000129748 0.00448094 0.0310908 0.00338302 0.00152178 0.00359599 0.00521877 0.0197759 0.00217808 0.0310708 0.00423842 0.0066598 0.0110348 -0.0109417
internal_weight=56.371 49.1722 1.94845 47.2237 42.0692 39.6405 37.7446 6.52183 31.2228 4.66975 29.2131 26.6322 21.3304 5.30183
internal_count=3840 822 192 630 559 526 510 101 409 76 380 350 252 98
is_linear=0
shrinkage=0.05


Tree=425
num_leaves=15
num_cat=0
split_feature=6 1 17 6 2 4 4 0 1 0 3 15 13 11
split_gain=1.67906 1.36488 0.604923 0.608615 0.63325 0.563314 1.23247 1.17195 1.9154 1.53195 1.25338 1.23634 1.28641 1.20738
threshold=2.5000000000000004 4.5000000000000009 0.26969696969696971 -1.0000000180025095e-35 1.5524822972179015 0.056669794354523483 0.054054054054053939 10.500000000000002 7.5000000000000009 9.5000000000000018 1.4894725177304966 0.29217479674796754 15.500000000000002 0.0038613187204970538
decision_type=2 2 2 2 2 2 2 2 2 2 2 2 2 2
left_child=1 2 3 4 -1 6 7 8 -2 13 11 -9 -13 -10
right_child=5 -3 -4 -5 -6 -7 -8 10 9 -11 -12 12 -14 -15
leaf_value=-0.0062359036466350607 -0.035630600622724454 -0.041714373332935539 -0.050665668265465549 -0.040526273061975086 0.045266095163979815 0.010383784935305158 -0.051724892883764466 0.0018074736035684968 0.016287605548599676 -0.021657596542196622 -0.041612532674826931 0.038690972561986683 -0.0032581842730644685 -0.0038769316284883457
leaf_weight=1.1398166697472345 4.0366741876350707 3.9146186179714277 0.47285697871120635 0.48818047603708592 1.2529416698962448 21.42489123204723 1.0902893769089121 9.1029282738454693 13.768066476332026 6.3329597362317136 1.0341305304318655 6.9408480774145556 2.4807666973210871 16.109217530698515
leaf_count=14 44 1879 41 113 30 546 12 275 309 74 16 124 49 314
internal_value=0.00137674 -0.0216594 0.00174913 0.0103521 0.0207326 0.00341069 0.000957363 0.00191779 -0.0029615 0.00068041 0.0119582 0.0149487 0.0276455 0.0054153
internal_weight=89.5892 7.26841 3.3538 2.88094 2.39276 82.3208 60.8959 59.8056 40.2469 36.2102 19.5587 18.5245 9.42161 29.8773
internal_count=3840 2077 198 157 44 1763 1217 1205 741 697 464 448 173 623
is_linear=0
shrinkage=0.05


Tree=426
num_leaves=15
num_cat=0
split_feature=10 11 11 1 4 10 12 11 1 11 15 11 5 6
split_gain=4.21264 0.804473 0.584592 0.493487 0.815957 0.980999 1.02571 0.795541 1.06143 0.776363 0.631405 0.603707 0.631537 0.630643
threshold=1.5000000000000002 0.19000905873514459 -0.0041455337260741789 12.500000000000002 -0.14250723581357902 3.5000000000000004 2.169157341998281 0.11400737744892402 21.500000000000004 0.072438221252411714 0.80099009900990115 0.044538304309147937 1.0496366737918306 1.5000000000000002
decision_type=2 2 2 2 2 2 2 2 2 2 2 2 2 2
left_child=-1 2 -2 11 -5 6 -6 -7 -9 -8 -10 13 -13 -4
right_child=1 -3 3 4 5 7 9 8 10 -11 -12 12 -14 -15
leaf_value=-0.040219461954761192 -0.036809311090669164 0.040598275710077993 0.018101874163493823 0.03308563294371928 -0.03768765757385642 -0.038049912548167836 -0.0086066924189259798 -0.036215431650381956 -0.010362186842165944 0.022541900083454393 0.036416767000205567 0.03903577255875712 0.0010484604967230047 -0.0070764159476316467
leaf_weight=5.7816924155631559 0.85072868887800623 1.5806537144817401 4.750638459576292 1.6876986999995995 1.1545425094664157 2.8258914483012623 2.9740254203788918 1.6534583009779451 1.3843645527958872 6.1108800035435706 1.5061733196489511 3.2716160053387275 1.6438602902926502 5.2192877875640988
leaf_count=3034 40 247 54 33 16 74 39 16 19 115 23 57 21 52
internal_value=-0.000556759 0.00570638 0.0041321 0.00515105 -0.000125398 -0.00330838 0.00670371 -0.0172188 -0.00426404 0.0123451 0.0140129 0.0119913 0.0263318 0.00492096
internal_weight=42.3955 36.6138 35.0332 34.1824 19.297 17.6093 10.2394 7.36989 4.544 9.08491 2.89054 14.8854 4.91548 9.96993
internal_count=3840 806 559 519 335 302 170 132 58 154 42 184 78 106
is_linear=0
shrinkage=0.05


Tree=427
num_leaves=15
num_cat=0
split_feature=5 12 6 12 5 11 11 2 7 7 8 19 4 19
split_gain=2.49549 1.15355 0.974482 0.842282 0.813556 1.24118 1.18166 1.07516 0.779092 1.01788 1.25884 0.748165 0.635549 0.610514
threshold=0.95776068230679401 23.853941230049966 8.5000000000000018 4.8045639978882413 1.184266038418049 0.017352156323273919 0.044538304309147937 1.4477586136961855 0.96578947368421064 0.56342821782178232 1.0000000180025095e-35 1.0000000180025095e-35 0.19614048150905927 1.5000000000000002
decision_type=2 2 2 2 2 2 2 2 2 2 2 2 2 2
left_child=-1 2 3 4 7 -6 -7 13 9 10 -5 12 -12 -2
right_child=1 -3 -4 8 5 6 -8 -9 -10 -11 11 -13 -14 -15
leaf_value=-0.037187901468217148 -0.013143883163687135 0.041129654356994283 -0.075769416238733553 0.026822932603484978 -0.018970338684352429 0.059143734041814992 -0.022627260819153727 -0.04064292152555013 -0.00088978238474738194 0.041044464436951318 -0.061469310324896442 0.019425755996633719 -0.0082402110378567706 0.033503901227908771
leaf_weight=4.3985973622475276 2.8862552808714086 1.8483319143997494 0.41264477954246004 3.704490181757139 2.1717201344436035 1.4865942283067854 0.62863330222899083 3.3464230824320111 13.812712020706384 3.1344280432676896 1.0011313087306923 1.0465072372462598 1.2749127056449649 0.9265917955781332
leaf_count=1627 134 479 7 41 139 34 75 834 295 70 35 31 17 22
internal_value=-0.00154964 0.00261046 0.000623572 0.00151354 -0.00964514 0.0075812 0.0348419 -0.0199602 0.00684114 0.01735 0.00678096 -0.0155649 -0.0316533 -0.00180762
internal_weight=42.08 37.6814 35.833 35.4204 11.4462 4.28695 2.11523 7.15927 23.9742 10.1615 7.02704 3.32255 2.27604 3.81285
internal_count=3840 2213 1734 1727 1238 248 109 990 489 194 124 83 52 156
is_linear=0
shrinkage=0.05


Tree=428
num_leaves=15
num_cat=0
split_feature=0 14 18 4 5 15 13 13 15 7 13 19 12 5
split_gain=1.15104 1.11773 0.721973 1.54639 0.81639 1.85472 1.39877 1.45897 1.33965 1.63379 1.49132 1.29082 1.2523 1.62467
threshold=6.5000000000000009 1.5000000000000002 2.8660714285714293 -0.034674981103552258 0.6934139121153946 0.59870129870129885 26.500000000000004 25.500000000000004 0.61200716845878145 0.55640906269397905 13.500000000000002 1.5000000000000002 4.6295460129172588 1.0561267437827933
decision_type=2 2 2 2 2 2 2 2 2 2 2 2 2 2
left_child=-1 -2 4 -4 5 -3 7 8 9 -6 12 -11 -10 -14
right_child=1 2 3 -5 6 -7 -8 -9 10 11 -12 -13 13 -15
leaf_value=-0.040238176074257455 -0.040435130640995298 0.044475158806255584 0.035520095380331608 -0.048306106192074823 -0.036127314206211028 0.0027856621714596234 -0.038984318917483961 0.064722121739959879 0.015127475044809421 0.0049000553401437668 -0.013596196833513109 -0.036675817755353994 -0.045977782261560005 0.0085838314490211728
leaf_weight=1.7651915841852304 1.6272767302289128 3.5410347706638268 0.77375666471198234 1.9039900962961827 4.7528014503186595 10.819342015776781 2.2373921661637715 0.89283464383333822 25.79619106894825 11.210323132458141 8.1911637447774392 2.2399272248148909 2.077420904650352 3.9749832861125469
leaf_count=963 810 53 11 226 171 238 115 7 472 223 253 72 71 155
internal_value=-0.000300544 0.000580253 0.00143145 -0.0240838 0.00233361 0.0130656 -0.000177521 0.00129073 0.000318357 -0.0109282 0.0054313 -0.00202375 0.010325 -0.0101438
internal_weight=81.8036 80.0384 78.4112 2.67775 75.7334 14.3604 61.373 59.1356 58.2428 18.2031 40.0398 13.4503 31.8486 6.0524
internal_count=3840 2877 2067 237 1830 291 1539 1424 1417 466 951 295 698 226
is_linear=0
shrinkage=0.05


Tree=429
num_leaves=15
num_cat=0
split_feature=16 5 5 16 12 18 8 18 11 11 12 12 11 18
split_gain=3.07377 0.540218 0.735318 0.540162 0.61052 0.528139 1.1608 0.732355 1.08387 0.80605 0.667612 1.11176 0.881051 0.873652
threshold=1.0000000180025095e-35 1.1886417238943825 1.2689484061319853 8.5000000000000018 20.244350546088853 1.7884868421052633 1.5000000000000002 1.332482993197279 -0.00030406150335676724 0.11886497104474349 2.3358467037005357 1.6857990635853819 0.00024920361063779378 0.55618686868686884
decision_type=2 2 2 2 2 2 2 2 2 2 2 2 2 2
left_child=1 -1 -3 5 -5 7 -7 9 -9 10 11 -2 -13 -12
right_child=3 2 -4 4 -6 6 -8 8 -10 -11 13 12 -14 -15
leaf_value=-0.040207674543731663 -0.0069653264707709066 0.020127876307278095 -0.04029079776352474 0.040867121716530737 -0.05132543553203317 -0.0036554006311672969 0.043205132263956426 0.0043332396073798999 -0.047605692281697386 -0.032265684866437376 0.018020923939464903 0.0056933419215380171 0.048459348664200853 -0.0033740193557855111
leaf_weight=4.928009712311904 2.8881280086934558 1.0276663517579439 0.98747665327391576 1.6454197582788754 0.20157513022422779 2.8507111244834951 2.4636810580268502 2.2526134587824345 1.8128095217980433 1.5090422248467792 6.1307968511246171 1.9657718054950235 3.1091161561198533 21.521060631144792
leaf_count=2185 43 134 699 191 1 37 21 28 25 26 147 25 45 233
internal_value=-0.000179816 -0.0312891 -0.00947897 0.00428748 0.0308055 0.00323425 0.0180685 0.00132029 -0.0188268 0.00352659 0.00504314 0.0177999 0.0318938 0.00136953
internal_weight=55.2939 6.94315 2.01514 48.3507 1.84699 46.5037 5.31439 41.1893 4.06542 37.1239 35.6149 7.96302 5.07489 27.6519
internal_count=3840 3018 833 822 192 630 58 572 53 519 493 113 70 380
is_linear=0
shrinkage=0.05


Tree=430
num_leaves=15
num_cat=0
split_feature=6 1 17 6 2 5 6 13 2 15 12 2 11 15
split_gain=1.58529 1.31383 0.575439 0.578022 0.685704 0.547419 0.712319 0.798411 1.4127 1.61079 1.09557 1.03749 1.18021 1.04856
threshold=2.5000000000000004 4.5000000000000009 0.26969696969696971 -1.0000000180025095e-35 1.3745919176847217 0.55840840345674903 7.5000000000000009 4.5000000000000009 2.1107740529011898 1.4950980392156865 1.5410141963035755 1.4477586136961855 -0.02126928654793955 0.6198686371100165
decision_type=2 2 2 2 2 2 2 2 2 2 2 2 2 2
left_child=1 2 3 4 -1 -2 7 8 11 -10 -9 -7 -13 -14
right_child=5 -3 -4 -5 -6 6 -8 10 9 -11 -12 12 13 -15
leaf_value=-0.0097999529908368299 -0.019183332200622127 -0.041712448190001666 -0.050314083121034296 -0.040519261661309737 0.044700941539032882 0.0053594412010587594 0.048834667980379658 0.053173745040673716 0.029877387028984199 -0.030500266641660896 0.0059099763943075605 0.033558793127241103 -0.0027799930619431677 -0.035241813280757844
leaf_weight=1.0427432451397192 2.6149320164695373 3.7373585171590094 0.45686774363275606 0.46795542861218464 1.2924568569287656 6.4323644303949612 0.87877548718824883 1.2558212506119151 4.9633530239807433 1.4208861262304706 51.80352100986056 0.96331756561994808 3.7797067378414742 7.2771270028315485
leaf_count=12 22 1879 41 113 32 143 16 34 149 23 1148 27 94 107
internal_value=0.00135979 -0.0214776 0.00171996 0.0102006 0.0203645 0.00332321 0.00407032 0.00356531 -0.00383345 0.0164396 0.00702863 -0.0108476 -0.0195205 -0.024145
internal_weight=88.3872 6.99738 3.26002 2.80316 2.3352 81.3898 78.7749 77.8961 24.8368 6.38424 53.0593 18.4525 12.0202 11.0568
internal_count=3840 2077 198 157 44 1763 1741 1725 543 172 1182 371 228 201
is_linear=0
shrinkage=0.05


Tree=431
num_leaves=15
num_cat=0
split_feature=10 11 11 1 4 10 12 11 1 11 15 16 4 5
split_gain=4.00668 0.764643 0.547161 0.459834 0.762884 0.922833 0.958534 0.763647 0.95227 0.720928 0.597264 0.574792 0.701132 0.824726
threshold=1.5000000000000002 0.19000905873514459 -0.0041455337260741789 12.500000000000002 -0.14250723581357902 3.5000000000000004 2.169157341998281 0.11400737744892402 21.500000000000004 0.072438221252411714 0.80099009900990115 2.5000000000000004 -0.51868131868131828 1.0174740476838822
decision_type=2 2 2 2 2 2 2 2 2 2 2 2 2 2
left_child=-1 2 -2 11 -5 6 -6 -7 -9 -8 -10 12 -4 -14
right_child=1 -3 3 4 5 7 9 8 10 -11 -12 -13 13 -15
leaf_value=-0.040212403791020125 -0.03626976210469892 0.040561323071524429 -0.021308504234088636 0.032404747898880641 -0.036707846531218759 -0.037717252680248656 -0.0082371373180517137 -0.034495248022545229 -0.010185707504545512 0.021943930633360066 0.035777177528288677 -0.01423789893753977 0.028142932789491811 -0.00056915989386515839
leaf_weight=5.5223547302884972 0.82281675474950944 1.493166638421825 1.1793970279395569 1.6436866151634593 1.1381457042880416 2.7355283680371931 2.950096999993546 1.6394436964765189 1.3775744102895262 6.0085144634358585 1.4515296812169252 1.8718575127422798 7.9859147667884809 3.6414801273494959
leaf_count=3034 40 247 9 33 16 74 39 16 19 115 23 14 108 53
internal_value=-0.000560734 0.00553208 0.00401363 0.00499944 -0.000147543 -0.00324021 0.00651409 -0.0169112 -0.00417428 0.0120052 0.0133965 0.0116422 0.0154249 0.0191508
internal_weight=41.4615 35.9392 34.446 33.6232 18.9445 17.3008 10.0968 7.20408 4.46855 8.95861 2.8291 14.6786 12.8068 11.6274
internal_count=3840 806 559 519 335 302 170 132 58 154 42 184 170 161
is_linear=0
shrinkage=0.05


Tree=432
num_leaves=15
num_cat=0
split_feature=5 12 6 12 5 11 11 2 7 7 8 19 5 5
split_gain=2.37442 1.0994 0.900426 0.784712 0.77838 1.15101 1.09668 1.02657 0.743836 0.951722 1.15895 0.690404 0.602559 0.782383
threshold=0.95776068230679401 23.853941230049966 8.5000000000000018 4.8045639978882413 1.184266038418049 0.017352156323273919 0.044538304309147937 1.4477586136961855 0.96578947368421064 0.56342821782178232 1.0000000180025095e-35 1.0000000180025095e-35 1.9632013168378839 1.3647622714441174
decision_type=2 2 2 2 2 2 2 2 2 2 2 2 2 2
left_child=-1 2 3 4 7 -6 -7 -2 9 10 -5 -12 13 -10
right_child=1 -3 -4 8 5 6 -8 -9 12 -11 11 -13 -14 -15
leaf_value=-0.037064360472310133 -0.0020727723745669288 0.041121070544764007 -0.073297893668804709 0.026025299639704111 -0.018411955604348367 0.057063457420235289 -0.022416293072027096 -0.040615970410844415 0.0067027389811350688 0.040197321288304139 -0.030253950958526479 0.019006225452665448 0.03477366835619352 -0.018462707868618481
leaf_weight=4.2208093939116216 3.7681049015372974 1.7566162606235582 0.40752523689297859 3.6849867054261285 2.1310335966409184 1.4813450808869677 0.6138748601078986 3.1901182514557149 7.2282065151957777 3.0582471602247097 2.2628071762155746 1.0373963862657545 1.0853561806725327 5.3927814308553934
leaf_count=1627 156 479 7 41 139 34 75 834 133 70 52 31 63 99
internal_value=-0.00152969 0.00251321 0.000594256 0.00145624 -0.00946372 0.00746131 0.0337768 -0.0197436 0.00659878 0.0169359 0.00675157 -0.0147694 -0.000975807 -0.00405012
internal_weight=41.3192 37.0984 35.3418 34.9343 11.1845 4.22625 2.09522 6.95822 23.7498 10.0434 6.98519 3.3002 13.7063 12.621
internal_count=3840 2213 1734 1727 1238 248 109 990 489 194 124 83 295 232
is_linear=0
shrinkage=0.05


Tree=433
num_leaves=15
num_cat=0
split_feature=0 14 18 4 5 15 13 13 15 7 11 2 13 15
split_gain=1.0948 1.0659 0.687558 1.45273 0.75688 1.74662 1.31289 1.34171 1.23755 1.55083 1.38091 2.32168 1.48869 1.37075
threshold=6.5000000000000009 1.5000000000000002 2.8660714285714293 -0.034674981103552258 0.6934139121153946 0.59870129870129885 26.500000000000004 25.500000000000004 0.61200716845878145 0.29217479674796759 0.021105456736179921 2.1827686312405121 17.500000000000004 0.68660714285714297
decision_type=2 2 2 2 2 2 2 2 2 2 2 2 2 2
left_child=-1 -2 4 -4 5 -3 7 8 9 -6 12 -12 13 -10
right_child=1 2 3 -5 6 -7 -8 -9 10 -11 11 -13 -14 -15
leaf_value=-0.040230027151267868 -0.040425535227941019 0.043509970069882206 0.034620456111542734 -0.047943856108015284 -0.045198891080066202 0.0026656353589408631 -0.038518359601717858 0.06280338420955385 0.045293850085083485 -0.0043662837969310492 -0.026817875629520729 0.020899346915617158 -0.02521739440432566 0.010311908115814455
leaf_weight=1.6823986513190892 1.557160962576744 3.4614524063654235 0.75055471621453795 1.8361161651555438 2.7487176728318472 10.734479971230028 2.156082655186764 0.87103215605020423 3.1924464982003036 15.097608941548968 7.1339734298526292 3.9664197978563607 2.5793117413995779 22.799365825776476
leaf_count=963 810 53 11 226 103 238 115 7 43 363 208 88 90 522
internal_value=-0.000319278 0.000531911 0.00135668 -0.0239868 0.00223378 0.0126249 -0.000202614 0.00121224 0.000279527 -0.0106554 0.00519862 -0.00976744 0.0110132 0.0146086
internal_weight=80.5671 78.8847 77.3276 2.58667 74.7409 14.1959 60.545 58.3889 57.5178 17.8463 39.6715 11.1004 28.5711 25.9918
internal_count=3840 2877 2067 237 1830 291 1539 1424 1417 466 951 296 655 565
is_linear=0
shrinkage=0.05


Tree=434
num_leaves=15
num_cat=0
split_feature=16 16 12 5 13 7 15 4 15 11 15 5 3 7
split_gain=2.93136 0.524072 0.566737 0.519632 0.694681 0.662248 0.503609 1.09436 0.752825 0.628854 0.978455 0.672728 0.681587 0.860029
threshold=1.0000000180025095e-35 8.5000000000000018 20.244350546088853 1.1886417238943825 3.5000000000000004 1.0424679487179491 1.5505050505050508 0.12184447496947547 1.4202037351443126 -0.055156251659889459 1.2540322580645162 0.63943244029381485 0.51341960220464911 0.81455026455026458
decision_type=2 2 2 2 2 2 2 2 2 2 2 2 2 2
left_child=3 6 -3 -1 -5 -6 7 8 9 -2 11 -11 -13 -14
right_child=1 2 -4 4 5 -7 -8 -9 -10 10 -12 12 13 -15
leaf_value=-0.040200864362227695 -0.033439660380008694 0.040847945936330732 -0.050327926210931941 -0.040284063725316316 -0.040250175151516097 0.046889856057204173 0.018099693446719533 -0.031755149681808419 -0.027790282815245593 -0.029341428680781358 0.038043793476093317 0.038661800898394903 -0.0034685337222377338 0.01350207476283305
leaf_weight=4.7098797682265277 1.038069576025008 1.5707782565150399 0.19117993116378773 0.94746309873880807 0.31883398140780606 0.68965434492565691 5.0284090824425212 2.355217892676591 1.847336861770599 1.4561087638139714 2.2381810420192769 1.4701703840401048 17.416082027368251 13.066508444026111
leaf_count=2185 14 191 1 713 111 9 71 33 16 11 28 46 217 194
internal_value=-0.000147403 0.00419467 0.030955 -0.0312045 -0.00954165 0.0193405 0.00316779 0.00133145 0.0033538 0.00492211 0.00603923 0.00389513 0.00540974 0.003806
internal_weight=54.3439 47.678 1.76196 6.66583 1.95595 1.00849 45.9161 40.8877 38.5325 36.6851 35.6471 33.4089 31.9528 30.4826
internal_count=3840 822 192 3018 833 120 630 559 526 510 496 468 457 411
is_linear=0
shrinkage=0.05


Tree=435
num_leaves=15
num_cat=0
split_feature=6 1 17 6 2 3 3 2 2 13 5 18 4 2
split_gain=1.48479 1.27365 0.551698 0.551844 0.563612 0.548459 1.7331 1.25886 1.03967 1.65079 1.5665 1.26563 0.986086 0.953052
threshold=2.5000000000000004 4.5000000000000009 0.26969696969696971 -1.0000000180025095e-35 1.5524822972179015 1.2702152267927187 1.3954592287312337 2.0774845920192679 2.0160511266724401 4.5000000000000009 0.89833693924243085 1.691964285714286 0.0044713706325416698 2.0549243743790337
decision_type=2 2 2 2 2 2 2 2 2 2 2 2 2 2
left_child=1 2 3 4 -1 8 -7 -8 9 -2 11 -10 13 -12
right_child=5 -3 -4 -5 -6 6 7 -9 10 -11 12 -13 -14 -15
leaf_value=-0.0052842252311692478 -0.020781645128312883 -0.041688385828558168 -0.049973858073817129 -0.040506323076605122 0.044501970718851161 0.046265489427761354 0.013829508535669938 -0.020032291710100975 -0.0079501574911356784 0.0022508757385789335 0.059868311913334721 0.043339107702532437 0.046070003268675649 0.0070082714202639789
leaf_weight=1.1077327318489563 10.503345641889608 3.5702845156774856 0.4413773342675994 0.44693266914691676 1.1677020285278557 2.9293031111592454 9.1992775175021944 3.9118589430581769 11.432270650984721 29.997360912733711 0.9720609502401184 1.3442318383604277 3.2890545418485999 6.9449524481315166
leaf_count=14 152 1879 41 113 30 116 255 57 169 595 17 56 152 194
internal_value=0.00133515 -0.0212189 0.00188087 0.0102881 0.0202649 0.0032213 0.0114949 0.00372645 0.00116321 -0.00372232 0.00941367 -0.00255395 0.0230584 0.0134985
internal_weight=87.2577 6.73403 3.16374 2.72237 2.27543 80.5237 16.0404 13.1111 64.4833 40.5007 23.9826 12.7765 11.2061 7.91701
internal_count=3840 2077 198 157 44 1763 428 312 1335 747 588 225 363 211
is_linear=0
shrinkage=0.05


Tree=436
num_leaves=15
num_cat=0
split_feature=10 11 10 1 17 12 4 11 2 3 3 11 18 18
split_gain=3.82713 0.730126 0.475687 0.693832 0.838742 1.01366 0.994503 0.64971 0.868108 0.754653 0.88649 0.64638 0.591 0.579366
threshold=1.5000000000000002 0.19000905873514459 2.5000000000000004 9.5000000000000018 0.15587044534412958 4.4216367364106945 0.025686136523575261 0.11400737744892402 1.9893784585645766 0.61385701676963833 0.65918680475642522 0.047880829527813397 1.4947916666666667 1.1790293040293043
decision_type=2 2 2 2 2 2 2 2 2 2 2 2 2 2
left_child=-1 2 11 4 5 6 -4 8 -5 -9 -11 -2 -12 -13
right_child=1 -3 3 7 -6 -7 -8 9 -10 10 12 13 -14 -15
leaf_value=-0.040204638747063842 -0.0034702854555883852 0.040544299826461336 0.041608866348196355 -0.001445931119295512 -0.024289891593799729 -0.0087228224647140206 -0.006101710057384413 0.042021775308737574 -0.034914824087427306 -0.044733333388329174 0.017455291164919156 0.042870129915220712 -0.019542630042087415 0.010587826425208701
leaf_weight=5.2747105758462558 3.4192049128469062 1.4227266883244727 4.1279857822228241 4.3716326846624707 1.4451898457482446 2.6114175911061466 1.4852143600583074 1.1300930459983645 3.4795437135617249 1.0307408841326831 3.5240574544295669 2.3786041373386979 1.5559435235336421 3.3434333694167435
leaf_count=3034 38 247 78 89 12 20 17 40 75 10 62 64 14 40
internal_value=-0.000477474 0.00545443 0.0039819 0.000383395 0.0108395 0.0170123 0.028985 -0.00631609 -0.0162789 0.00448654 -0.00245506 0.0137295 0.00612327 0.0240073
internal_weight=40.6005 35.3258 33.9031 24.7618 9.66981 8.22462 5.6132 15.092 7.85118 7.24083 6.11074 9.14124 5.08 5.72204
internal_count=3840 806 559 417 127 115 95 290 164 126 86 142 76 104
is_linear=0
shrinkage=0.05


Tree=437
num_leaves=15
num_cat=0
split_feature=5 12 6 4 15 0 2 3 5 5 12 15 15 12
split_gain=2.2633 1.05001 0.804842 0.747241 1.04062 0.931414 0.944425 0.902838 0.867002 1.56021 1.30639 1.43782 0.700312 0.792227
threshold=0.95776068230679401 23.853941230049966 8.5000000000000018 -0.018844657917505659 0.043717152412804598 13.500000000000002 1.256508304359947 1.9407374890254612 1.2689484061319853 1.1736343809363914 4.8045639978882413 0.82875939849624081 1.4950980392156865 1.4164958192100749
decision_type=2 2 2 2 2 2 2 2 2 2 2 2 2 2
left_child=-1 2 3 4 -2 6 -5 -7 9 10 -8 -12 13 -6
right_child=1 -3 -4 5 12 7 8 -9 -10 -11 11 -13 -14 -15
leaf_value=-0.03694472079947142 0.013901184038801438 0.04113119477611174 -0.070049180652918361 0.029180187696867282 0.047833761917539033 -0.031107226376882759 -0.033379015076453952 0.02722281624265966 -0.0068902016961786567 0.048424674322402793 0.057156948333626473 -0.0015121269209877404 0.01456460554657576 -0.041151810694738444
leaf_weight=4.0561908344971007 2.4190270271501459 1.6720097996294487 0.39887092672870395 4.6158706175629147 0.26824213087093118 2.9174020849750373 1.8656260056886838 0.85862676694523532 9.3123002022621204 2.5059531186125241 1.473284925043117 3.5865561831742525 0.86259239050559688 3.7025114890129771
leaf_count=1627 216 479 7 142 15 141 332 26 160 77 32 53 60 473
internal_value=-0.00151436 0.00242741 0.000567131 0.00138622 -0.0128707 0.00519659 0.00892099 -0.0178436 0.00393192 0.0146173 0.0023843 0.0155707 -0.0262697 -0.0351404
internal_weight=40.5151 36.4589 34.7869 34.388 7.25237 27.1356 23.3596 3.77603 18.7437 9.43142 6.92547 5.05984 4.83335 3.97075
internal_count=3840 2213 1734 1727 764 963 796 167 654 494 417 85 548 488
is_linear=0
shrinkage=0.05


Tree=438
num_leaves=15
num_cat=0
split_feature=0 14 4 13 16 13 11 3 13 18 5 2 11 14
split_gain=1.04086 1.01064 0.672024 0.682391 1.12273 0.992543 0.939029 0.935828 0.787693 1.25923 0.977518 1.50549 1.16575 1.05339
threshold=6.5000000000000009 1.5000000000000002 0.40000000000000008 30.500000000000004 5.5000000000000009 23.500000000000004 0.095345011758259116 0.48701681663465107 13.500000000000002 0.53708791208791218 0.94858435586584655 2.3423710973324705 -0.033068503228803357 5.5000000000000009
decision_type=2 2 2 2 2 2 2 2 2 2 2 2 2 2
left_child=-1 -2 3 4 5 6 8 -5 10 -10 12 13 -3 -12
right_child=1 2 -4 7 -6 -7 -8 -9 9 -11 11 -13 -14 -15
leaf_value=-0.040223142603759192 -0.040409063151054816 -0.030687677790270585 -0.035198693037108257 0.044690120277803363 -0.040754927021703115 0.02465095934956571 -0.04059720512206301 -0.035699518825658756 0.028817601474855282 -0.016171596443750959 0.0087663208426351485 -0.0339471591187714 0.014719258113850442 -0.016750998061404298
leaf_weight=1.6058440127526399 1.4848946805577714 1.4977732589468384 1.2446652840590093 0.43087787390686516 1.4522206996334706 5.215452773612923 1.2694014819571737 2.2654462804784998 1.8512602027039964 9.7305585399735701 17.835980863776065 3.135255461849737 25.127127558691427 5.2304817075491874
leaf_count=963 810 46 218 7 164 104 176 98 31 253 323 116 405 126
internal_value=-0.000377839 0.000444897 0.00124011 0.00184449 0.00276497 0.00365646 0.0019893 -0.0228531 0.00282862 -0.00898044 0.00541766 -0.00143856 0.0121649 0.00298009
internal_weight=79.3772 77.7714 76.2865 75.0418 72.3455 70.8933 65.6778 2.69632 64.4084 11.5818 52.8266 26.2017 26.6249 23.0665
internal_count=3840 2877 2067 1849 1744 1580 1476 105 1300 284 1016 565 451 449
is_linear=0
shrinkage=0.05


Tree=439
num_leaves=15
num_cat=0
split_feature=16 11 11 1 12 4 7 2 17 13 5 12 0 3
split_gain=2.80964 0.522784 0.837829 0.79523 0.666425 0.959622 0.970148 1.18957 1.24223 1.03634 1.03061 0.81334 0.792169 0.758571
threshold=1.0000000180025095e-35 -0.015088001167778973 -0.047782934153973382 16.500000000000004 3.3653468183733675 -0.26675651392632543 1.083835341365462 1.9984992907108539 0.45804195804195807 7.5000000000000009 0.94253974272674812 3.7161314744684057 6.5000000000000009 0.99863013698630143
decision_type=2 2 2 2 2 2 2 2 2 2 2 2 2 2
left_child=-1 2 -2 -4 5 -3 7 8 -7 10 -9 -6 -11 -12
right_child=1 4 3 -5 11 6 -8 9 -10 12 13 -13 -14 -15
leaf_value=-0.031242739188931157 -0.018181305425788788 0.048608903024972339 -0.0028620337662708622 0.032746073719583678 -0.024276851181060294 -0.034485782230502519 0.033478016361792103 -0.030135412210168799 0.0085018647410514698 -0.0085220942855080591 0.041685236826289704 0.00060948504851013959 0.038727007774866956 -0.011424465611951455
leaf_weight=6.3807339856284662 1.5746435793116687 1.3371686674654473 2.2484017215901968 5.1810506241163239 4.3808518107980516 3.8326204647310176 2.5574009120464316 2.2039473595796135 2.992925024125725 1.1582521796226499 1.3888260903768244 13.102784650283864 3.7892662039957941 1.3032511407509444
leaf_count=3018 36 19 48 124 50 42 62 22 78 32 25 194 73 17
internal_value=-0.000107996 0.00411425 0.0149482 0.0219699 0.00155034 0.00765202 0.00480354 0.00040425 -0.0156362 0.0115267 -0.00478189 -0.00562625 0.0276656 0.0159745
internal_weight=53.4321 47.0514 9.0041 7.42945 38.0473 20.5637 19.2265 16.6691 6.82555 9.84354 4.89602 17.4836 4.94752 2.69208
internal_count=3840 822 208 172 614 370 351 289 120 169 64 244 105 42
is_linear=0
shrinkage=0.05


Tree=440
num_leaves=15
num_cat=0
split_feature=6 1 6 2 10 2 2 7 5 2 7 18 15 7
split_gain=1.41622 1.21504 0.607018 0.591043 1.46397 1.32391 1.31393 1.78995 1.31063 1.00086 0.921083 1.20713 1.03413 1.11786
threshold=2.5000000000000004 4.5000000000000009 7.5000000000000009 1.7187187333386496 5.5000000000000009 1.7135435631864651 1.8614463033524307 0.099050632911392419 1.0127299848420441 1.9155348978270246 0.19810191518467854 0.57368421052631591 1.1682389937106921 0.20782520325203255
decision_type=2 2 2 2 2 2 2 2 2 2 2 2 2 2
left_child=1 -1 3 4 5 -2 -5 8 -8 -10 -9 -12 13 -13
right_child=2 -3 -4 6 -6 -7 7 10 9 -11 11 12 -14 -15
leaf_value=0.0017179207189722092 -0.00273757219560441 -0.0416191821365706 0.04515868198220338 0.027175539560989049 0.045483341575293969 -0.058145142561080193 -0.018901040336942711 0.038334498881037883 -0.04175469490519057 0.026913525750075131 -0.026483756699110517 -0.045426836702677366 -0.0065438360785692526 0.022366017970737583
leaf_weight=3.0723637395130927 30.135449576366231 3.4152655090583721 0.85267155384644766 6.5296718950266941 1.5229038689285506 1.1181018822826434 11.445595035795121 2.8037488497793701 0.64004219695925657 3.104583668988198 2.2858838622923967 0.63757113041356461 5.4232172530610105 13.14526770589873
leaf_count=198 597 1879 16 195 32 8 225 82 10 120 30 8 101 339
internal_value=0.00136814 -0.0210959 0.003198 0.00274391 -0.00238718 -0.00471979 0.00639874 0.00296294 -0.0105004 0.0151766 0.0113805 0.0078642 0.0119523 0.01923
internal_weight=86.1323 6.48763 79.6447 78.792 32.7765 31.2536 46.0156 39.4859 15.1902 3.74463 24.2957 21.4919 19.2061 13.7828
internal_count=3840 2077 1763 1747 637 605 1110 915 355 130 560 478 448 347
is_linear=0
shrinkage=0.05


Tree=441
num_leaves=15
num_cat=0
split_feature=10 11 10 1 2 12 17 4 11 0 8 16 7 2
split_gain=3.64497 0.694457 0.452737 0.666044 0.785697 1.24213 1.31708 0.894292 0.629916 0.634593 0.600958 0.594136 0.737241 0.678735
threshold=1.5000000000000002 0.19000905873514459 2.5000000000000004 9.5000000000000018 2.2780208646550419 4.4481558612518102 0.17028985507246377 -0.0018982178714860613 0.091371893954874342 6.5000000000000009 1.5000000000000002 6.5000000000000009 1.0977379323822554 2.7093306115330473
decision_type=2 2 2 2 2 2 2 2 2 2 2 2 2 2
left_child=-1 2 8 4 5 6 7 -4 9 -2 -11 12 13 -5
right_child=1 -3 3 11 -6 -7 -8 -9 -10 10 -12 -13 -14 -15
leaf_value=-0.040199734277610054 0.031383033941248306 0.040514055442135606 0.040992765001125808 -0.019195566220846921 0.038343766073833906 -0.035484841230399432 -0.03124683853945558 -0.0075368658821020305 0.043357865876082848 -0.01557417624300424 0.018025315496041101 0.029952564520202521 0.012500404886849219 0.024656421136376637
leaf_weight=5.0408779965509884 2.0412659589201194 1.3462633255403478 3.1904000269714738 9.7444048945908399 2.0230978850740939 1.6221100548282263 1.2587667331099508 1.3514194134622832 1.47469718568027 3.1335481149144471 2.3132593655027449 1.0524831362999965 3.0890381420031181 0.97025227127596814
leaf_count=3034 26 247 60 201 25 12 11 19 62 31 23 9 59 21
internal_value=-0.000476979 0.00530839 0.00388358 0.00034115 0.010722 0.00319359 0.0140099 0.0265528 0.0134886 0.00760622 -0.00130447 -0.00625919 -0.00902021 -0.0152246
internal_weight=39.6519 34.611 33.2647 24.302 9.44579 7.4227 5.80059 4.54182 8.96277 7.48807 5.44681 14.8562 13.8037 10.7147
internal_count=3840 806 559 417 127 102 90 79 142 80 54 290 281 222
is_linear=0
shrinkage=0.05


Tree=442
num_leaves=15
num_cat=0
split_feature=5 12 6 12 12 12 4 5 4 4 3 11 18 0
split_gain=2.14135 1.00697 0.74272 0.727222 0.86582 0.79736 0.763331 0.698191 0.754949 0.624784 1.8832 1.27225 0.930566 0.646991
threshold=0.95776068230679401 23.853941230049966 8.5000000000000018 3.4897484138723192 1.9362899466125274 1.9178891252644228 -0.062542517006803064 1.2570494572073074 0.98529942279942007 0.029240140048792804 1.2776251526251527 -1.0000000180025095e-35 3.313197767145136 10.500000000000002
decision_type=2 2 2 2 2 2 2 2 2 2 2 2 2 2
left_child=-1 2 3 4 5 7 -5 8 -2 10 11 -8 13 -11
right_child=1 -3 -4 6 -6 -7 9 -9 -10 12 -12 -13 -14 -15
leaf_value=-0.036784214220655684 -0.032511573925974126 0.041119561887610123 -0.067928153797955304 -0.023322220763717517 -0.030072761784416202 0.06194283765160169 -0.010002024295403101 0.04899450913246392 0.059586543269906402 0.0079752085221486118 -0.035792025557339645 0.052452372862967181 0.029812230277843056 -0.011585409648652656
leaf_weight=3.893397195468423 1.5927343575749544 1.5927214350085694 0.39257214457029377 2.2190404090506517 3.6188387071888428 0.53261148603633035 1.0840828373911788 0.46316513197962184 0.25864779949188221 8.9224950895295532 1.1159487021504899 3.2904702640371424 2.8018988840049124 8.033693681471048
leaf_count=1627 226 479 7 162 724 10 46 9 1 195 27 89 89 149
internal_value=-0.00156319 0.00225456 0.000451241 0.00124231 -0.0138439 0.00678348 0.00479368 -0.0059095 -0.019645 0.00726472 0.0221852 0.0369752 0.00311852 -0.00129244
internal_weight=39.8123 35.9189 34.3262 33.9336 6.466 2.84716 27.4676 2.31455 1.85138 25.2486 5.4905 4.37455 19.7581 16.9562
internal_count=3840 2213 1734 1727 970 246 757 236 227 595 162 135 433 344
is_linear=0
shrinkage=0.05


Tree=443
num_leaves=15
num_cat=0
split_feature=0 14 10 10 2 18 4 17 1 15 0 3 13 18
split_gain=0.992427 0.962038 0.670895 1.09838 0.731226 0.677467 1.35754 0.820617 1.37346 1.42217 1.70913 1.41632 1.217 1.16377
threshold=6.5000000000000009 1.5000000000000002 14.500000000000002 3.5000000000000004 1.7135435631864651 2.8660714285714293 -0.034674981103552258 0.072751322751322761 34.500000000000007 0.94504830917874405 10.500000000000002 0.99863013698630143 30.500000000000004 0.62701612903225812
decision_type=2 2 2 2 2 2 2 2 2 2 2 2 2 2
left_child=-1 -2 3 5 -5 7 -7 12 9 10 11 -9 13 -3
right_child=1 2 -4 4 -6 6 -8 8 -10 -11 -12 -13 -14 -15
leaf_value=-0.040217768694762686 -0.040403202969578861 0.030495043670915822 0.041745638933132601 -0.046029287353308662 -0.0061844163644892841 0.033753829230313698 -0.048122091979200456 -0.013739851987518387 0.019507761269928051 -0.044694749643557553 -0.034837312957620013 0.034355414153772565 -0.032909901607914523 0.0051754155743236538
leaf_weight=1.5340239361976262 1.4178932683134906 5.061578835360705 1.0050650227931317 1.9618793189292763 2.787440866464749 0.72064563259482417 1.70184654847253 3.0608511606697011 3.8227499002823597 3.0069784999941467 3.1871094005182385 3.0620367277879268 1.9080095813842479 43.896952732640784
leaf_count=963 810 140 11 80 154 11 217 75 72 89 90 28 70 1030
internal_value=-0.000398099 0.000399336 0.00116884 0.000619049 -0.0226438 0.00221036 -0.0237656 0.00314947 -0.00667368 -0.0147995 -0.00514376 0.0103124 0.00626631 0.00779309
internal_weight=78.1351 76.601 75.1831 74.1781 4.74932 69.4288 2.42249 67.0063 16.1397 12.317 9.31 6.12289 50.8665 48.9585
internal_count=3840 2877 2067 2056 234 1822 228 1594 354 282 193 103 1240 1170
is_linear=0
shrinkage=0.05


Tree=444
num_leaves=15
num_cat=0
split_feature=16 11 18 11 8 6 11 12 4 7 2 17 1 13
split_gain=2.64814 0.506042 0.530588 0.492106 0.811904 0.987958 0.875381 0.615476 0.916917 0.91377 1.11478 1.18551 1.09514 0.953029
threshold=1.0000000180025095e-35 0.12299854486245139 1.4947916666666667 -0.015088001167778973 1.0000000180025095e-35 2.5000000000000004 -0.055156251659889459 3.3653468183733675 -0.26675651392632543 1.083835341365462 1.9984992907108539 0.36602870813397131 20.500000000000004 7.5000000000000009
decision_type=2 2 2 2 2 2 2 2 2 2 2 2 2 2
left_child=1 -1 -3 4 5 6 -2 8 -5 10 11 -10 -13 -12
right_child=3 2 -4 7 -6 -7 -8 -9 9 -11 13 12 -14 -15
leaf_value=-0.03590304212084295 -0.030599037459141734 -0.040057332571069582 0.049496567388947227 0.048294573235936791 0.027049007369039875 -0.033882160368814994 0.041180360667457588 -0.0054088164975837332 -0.044959773852815604 0.032911190284636509 -0.0045001437879660352 -0.015502631623297979 0.040115448081210987 0.026930698114455975
leaf_weight=5.4926735360349985 0.61101519060321186 0.29538764184690069 0.37584602599963546 1.2855612069834013 5.2773200842784718 1.5475410618819294 1.3933708684053256 17.362674542586319 2.2413009204901853 2.4835874328855416 4.8119985242374224 3.2623815374681726 1.2145837600110096 4.8350917907664552
leaf_count=2658 7 336 24 19 115 19 67 244 28 62 64 59 33 105
internal_value=-0.000106466 -0.0308949 0.0100869 0.00399005 0.01461 -0.00387142 0.0192992 0.00148943 0.00743802 0.00465147 0.000362803 -0.0152748 -0.000413657 0.0112529
internal_weight=52.4903 6.16391 0.671234 46.3264 8.82925 3.55193 2.00439 37.4972 20.1345 18.8489 16.3654 6.71827 4.47697 9.64709
internal_count=3840 3018 360 822 208 93 74 614 370 351 289 120 92 169
is_linear=0
shrinkage=0.05


Tree=445
num_leaves=15
num_cat=0
split_feature=6 1 19 5 10 5 4 4 4 1 11 14 2 1
split_gain=1.32485 1.16645 0.552745 0.634297 0.771044 1.01965 0.80193 0.992616 0.695897 0.852961 0.828014 0.79462 0.708123 0.677602
threshold=2.5000000000000004 4.5000000000000009 1.5000000000000002 0.53424989806261303 3.5000000000000004 0.78300959802062642 0.019075851684547434 -0.17917486143393532 -0.20953122682094777 39.500000000000007 -0.03118581763115685 7.5000000000000009 1.4770042150912959 25.500000000000004
decision_type=2 2 2 2 2 2 2 2 2 2 2 2 2 2
left_child=1 -1 3 -2 8 -6 7 -7 -5 10 12 -11 -10 -9
right_child=2 -3 -4 4 5 6 -8 13 9 11 -12 -13 -14 -15
leaf_value=0.0015518271676499514 -0.031785290444753221 -0.041499533534245847 -0.010056405216115808 -0.023394198922457761 0.074796945628147302 0.045858624028656508 0.046152527705241198 -0.032342665947682335 -0.014278116988789398 0.04987856734533884 0.0015775730071313082 -0.00490286203040558 0.036411175422071188 0.017293833576367924
leaf_weight=3.0446917948429464 1.187147308140992 3.255880520446226 7.2193887825123957 2.3246370400302103 0.79758192249573667 0.97410216834396113 1.4262694464996455 1.7251108947675682 0.88549131329636255 1.905761904548853 55.180540776345886 1.0142635896336285 3.1049003473017365 1.1431982400827108
leaf_count=198 10 1879 226 31 14 12 33 26 30 58 1129 56 111 27
internal_value=0.0013683 -0.0206954 0.00313045 0.0044588 0.00506927 0.0221107 0.0141349 0.0022503 0.00346441 0.00446998 0.00316813 0.0308504 0.0251629 -0.0125595
internal_weight=85.189 6.30057 78.8884 71.669 70.4819 6.06626 5.26868 3.84241 64.4156 62.091 59.1709 2.92003 3.99039 2.86831
internal_count=3840 2077 1763 1537 1527 112 98 65 1415 1384 1270 114 141 53
is_linear=0
shrinkage=0.05


Tree=446
num_leaves=15
num_cat=0
split_feature=10 11 10 1 2 12 17 4 11 1 11 2 3 3
split_gain=3.47593 0.663174 0.437824 0.612442 0.735411 1.16335 1.25916 0.732373 0.604631 0.739877 0.600772 0.792722 0.722422 0.798858
threshold=1.5000000000000002 0.19000905873514459 2.5000000000000004 9.5000000000000018 2.2780208646550419 4.4216367364106945 0.17028985507246377 -0.0018982178714860613 0.075618717266973903 19.500000000000004 0.11400737744892402 1.9893784585645766 0.61385701676963833 0.65918680475642522
decision_type=2 2 2 2 2 2 2 2 2 2 2 2 2 2
left_child=-1 2 8 4 5 6 7 -4 9 -2 11 -5 -12 -14
right_child=1 -3 3 10 -6 -7 -8 -9 -10 -11 12 -13 13 -15
leaf_value=-0.04019563776031862 0.020135810542094831 0.040481936297489585 0.040729342469385511 -0.0015265937133764609 0.037468216413585033 -0.032285797457694158 -0.030352567369958641 -0.0048879574611566043 0.03220089219779227 -0.015348277997854126 0.041984429063785883 -0.034002186914069595 -0.042476307672181329 0.0059497661929281461
leaf_weight=4.8142914444906628 3.2802282788325083 1.2814525698777277 2.9927610547747454 4.2907634894363564 1.9750747801735995 1.7620827839709816 1.2185621708631513 1.2462517274543667 2.8675945017021149 2.6605520236771554 1.0862448578700421 3.3432006929651834 1.0270513668656347 4.9860919904895127
leaf_count=3034 32 247 59 89 25 14 11 18 82 28 40 75 10 76
internal_value=-0.000430995 0.00519659 0.00381536 0.000307048 0.0104329 0.00303682 0.0144414 0.0273181 0.0133457 0.00424442 -0.00601223 -0.0157489 0.00445758 -0.00232146
internal_weight=38.8322 34.0179 32.7365 23.9281 9.19473 7.21966 5.45757 4.23901 8.80837 5.94078 14.7334 7.63396 7.09939 6.01314
internal_count=3840 806 559 417 127 102 88 77 142 60 290 164 126 86
is_linear=0
shrinkage=0.05


Tree=447
num_leaves=15
num_cat=0
split_feature=5 12 1 0 13 19 12 11 7 17 15 11 11 6
split_gain=2.04991 0.954429 0.682175 0.735399 0.846681 0.872164 1.00676 1.07774 0.821373 0.882204 0.652804 0.775649 0.984476 0.854339
threshold=0.95776068230679401 23.853941230049966 37.500000000000007 8.5000000000000018 3.5000000000000004 1.0000000180025095e-35 5.4977810734224573 0.03600888317643184 1.6366459627329195 0.35504201680672276 1.9372549019607845 -0.0048253004924332368 0.0040012715752230652 5.5000000000000009
decision_type=2 2 2 2 2 2 2 2 2 2 2 2 2 2
left_child=-1 2 3 8 5 -5 -7 -8 9 10 11 -2 -13 -14
right_child=1 -3 -4 4 -6 6 7 -9 -10 -11 -12 12 13 -15
leaf_value=-0.036654245153756954 -0.013321130367672004 0.041096608516482183 -0.039260934005831027 -0.0084333827243197965 -0.040581029441620398 -0.021400323781265905 0.04305587480817346 -0.013463205583114372 0.036639439871674395 -0.033522956538905295 -0.046178186272461688 0.046995828856329164 0.014448029722814257 -0.063090892832286985
leaf_weight=3.7384135531319762 2.0287956976972028 1.515527288429438 1.0434292484133028 12.919097575708298 1.4797348532301828 1.4106898838654149 3.0454441105248407 1.1665413826704023 2.5357919044326982 1.3063343143148802 0.48164135526167307 2.4626577220624304 3.6210180833004415 0.39389090193435539
leaf_count=1627 126 479 165 358 494 70 71 9 87 78 21 49 195 11
internal_value=-0.00144147 0.00227606 0.000540306 0.00180447 -0.00418406 -0.00127938 0.0151582 0.0274025 0.0111496 0.00487073 0.0104509 0.0136574 0.0221071 0.00684091
internal_weight=39.149 35.4106 33.8951 32.8516 20.0215 18.5418 5.62268 4.21199 12.8301 10.2943 8.988 8.50636 6.47757 4.01491
internal_count=3840 2213 1734 1569 1002 508 150 80 567 480 402 381 255 206
is_linear=0
shrinkage=0.05


Tree=448
num_leaves=15
num_cat=0
split_feature=0 14 1 2 5 13 16 13 13 15 5 19 7 1
split_gain=0.943252 0.917065 0.649857 0.67011 1.34733 1.14561 1.01643 0.952684 0.958126 1.39005 0.995098 1.51634 0.986581 0.89067
threshold=6.5000000000000009 1.5000000000000002 42.500000000000007 1.4477586136961855 0.73332965540434614 30.500000000000004 5.5000000000000009 24.500000000000004 13.500000000000002 0.967204301075269 0.63943244029381485 1.0000000180025095e-35 0.33419243986254304 34.500000000000007
decision_type=2 2 2 2 2 2 2 2 2 2 2 2 2 2
left_child=-1 -2 3 4 -3 6 7 8 13 10 -10 -12 -13 -5
right_child=1 2 -4 5 -6 -7 -8 -9 9 -11 11 12 -14 -15
leaf_value=-0.040209241230343418 -0.040402266527047939 0.019337210398732745 -0.045722049818664554 0.0047997179544617945 -0.018752906328101206 -0.034167947265479046 -0.040773013370961834 0.029159187145726202 0.049500846927283654 -0.031357178447434922 -0.038763519453576367 -0.042449517595140401 0.032750826955851735 0.027579382583180458
leaf_weight=1.4627380635647558 1.3570584273693374 3.1081876978278151 0.73450651287566771 38.929267902916763 9.1740112341358309 1.9354999271454278 1.1923691800329823 4.0797922218916929 1.0776640754193048 4.2920661045936868 1.8734471562784163 0.53441186924465034 2.3719865393359214 4.8226187450345597
leaf_count=963 810 44 35 925 359 88 141 70 20 138 79 25 55 88
internal_value=-0.00044132 0.000329319 0.00107501 0.00154336 -0.00911365 0.00368529 0.00492343 0.00586316 0.00409989 -0.00974072 0.00609865 -0.00368682 0.0189234 0.00731064
internal_weight=76.9456 75.4829 74.1258 73.3913 12.2822 61.1091 59.1736 57.9813 53.9015 10.1496 5.85751 4.77985 2.9064 43.7519
internal_count=3840 2877 2067 2032 403 1629 1541 1400 1330 317 179 159 80 1013
is_linear=0
shrinkage=0.05


Tree=449
num_leaves=15
num_cat=0
split_feature=16 5 13 4 16 12 18 4 18 11 11 12 12 11
split_gain=2.49728 0.499249 0.631459 0.582272 0.467997 0.527673 0.496371 1.00131 0.599746 0.9294 0.644647 0.533983 0.988785 0.819956
threshold=1.0000000180025095e-35 1.1886417238943825 3.5000000000000004 -0.0091996803109132795 8.5000000000000018 20.244350546088853 1.7884868421052633 0.012203652828652987 1.332482993197279 -0.00030406150335676724 0.11886497104474349 2.3358467037005357 1.6857990635853819 0.00024920361063779378
decision_type=2 2 2 2 2 2 2 2 2 2 2 2 2 2
left_child=1 -1 -3 -4 6 -6 8 -8 10 -10 11 12 -2 -14
right_child=4 2 3 -5 5 -7 7 -9 9 -11 -12 -13 13 -15
leaf_value=-0.040183656442459831 -0.0079932861130240888 -0.040281764528825731 -0.040405533079915401 0.045464800487981703 0.040770235838813042 -0.04956737743027026 0.036125637959156437 -0.0088165955999175358 0.003815536626729977 -0.045867424955514026 -0.030575868799874152 0.00097255509094277832 0.0041474946756347537 0.046765460206851552
leaf_weight=4.1575027594517442 2.6968076808843753 0.82791899613221154 0.2823860045755282 0.65607074933359399 1.4100361334858451 0.1825779229402541 2.9873466365970662 2.1181131666526198 2.1536501483060424 1.6721470742486406 1.3774556592106808 26.234860158525407 1.8640047160442916 2.860707652522251
leaf_count=2185 43 713 87 33 191 1 24 34 28 25 26 380 25 45
internal_value=-0.00018332 -0.0307224 -0.00845339 0.019626 0.00378768 0.0304139 0.00282316 0.0174804 0.000897463 -0.0178995 0.00295014 0.00432226 0.0161634 0.0299517
internal_weight=51.4816 5.92388 1.76638 0.938457 45.5577 1.59261 43.9651 5.10546 38.8596 3.8258 35.0338 33.6564 7.42152 4.72471
internal_count=3840 3018 833 120 822 192 630 58 572 53 519 493 113 70
is_linear=0
shrinkage=0.05


Tree=450
num_leaves=15
num_cat=0
split_feature=6 6 7 3 3 2 11 3 2 13 5 18 12 5
split_gain=1.24142 1.1438 0.530337 0.616079 1.49838 1.39244 1.07695 1.06056 0.897103 1.56872 1.46503 1.15965 0.88884 1.36087
threshold=2.5000000000000004 1.0000000180025095e-35 1.4335016835016836 1.2702152267927187 1.3954592287312337 2.009945681415727 0.0030879244024133727 1.9769353128313896 2.0160511266724401 4.5000000000000009 0.89833693924243085 1.691964285714286 5.3269823953851425 0.71567345084872613
decision_type=2 2 2 2 2 2 2 2 2 2 2 2 2 2
left_child=1 -1 3 8 -5 7 -7 -6 9 -2 11 -10 13 -11
right_child=2 -3 -4 4 5 6 -8 -9 10 12 -12 -13 -14 -15
leaf_value=0.0031120234423778568 -0.020068100442316515 -0.040230568937418915 -0.028044690690721515 0.047039231468207335 0.034646393823655246 -0.035986001655842252 0.014618202963922451 -0.0032985238156757277 -0.0075650838056484163 -0.023595024056637517 0.022759281653389075 0.043113054221772924 0.03143519335112329 0.0055546773713791063
leaf_weight=2.8166780266910783 10.185828918358309 3.3120116088248324 1.3467504978761997 2.6271877016406497 4.3186833970248681 2.7697254255181178 1.6946948703844098 3.2103774035349488 11.191758462460713 4.9317536398302826 10.726852148538454 1.2554486566223193 2.4718616704922161 21.283302771276794
leaf_count=48 147 2029 107 113 106 34 32 52 169 61 362 56 51 473
internal_value=0.00135743 -0.0203108 0.00305965 0.00360603 0.0128394 0.00534785 -0.0167766 0.0184668 0.0014303 -0.00321176 0.00921699 -0.00245359 0.00277341 7.08385e-05
internal_weight=84.1429 6.12869 78.0142 76.6675 14.6207 11.9935 4.46442 7.52906 62.0468 38.8727 23.1741 12.4472 28.6869 26.2151
internal_count=3840 2077 1763 1656 337 224 66 158 1319 732 587 225 585 534
is_linear=0
shrinkage=0.05


Tree=451
num_leaves=15
num_cat=0
split_feature=10 11 5 5 18 16 19 12 4 12 3 4 3 2
split_gain=3.32578 0.630364 0.425324 0.511071 0.479627 0.641408 0.731581 0.69362 0.741244 1.19514 1.27691 0.768822 0.909959 0.5963
threshold=1.5000000000000002 0.19000905873514459 0.66659847376831338 0.69877470826996146 0.29217479674796759 4.5000000000000009 1.5000000000000002 1.906708571395874 -0.39999999999999897 3.3542239315120468 0.66866084834834849 -0.044838494838494905 0.99863013698630143 2.326696647994329
decision_type=2 2 2 2 2 2 2 2 2 2 2 2 2 2
left_child=-1 2 -2 -4 -5 6 7 -6 -9 10 -10 12 -12 -11
right_child=1 -3 3 4 5 -7 -8 8 9 13 11 -13 -14 -15
leaf_value=-0.040188814373686321 -0.024694471719785803 0.040452567487275368 0.046548116126834495 0.031918409020720677 0.024207285263155728 -0.024656095433186361 0.026855168452207902 -0.040832657708679915 -0.072437933218054959 0.0075694781293309064 -0.007883575554600326 -0.021234915847833685 0.042001870515901582 0.042600987185333658
leaf_weight=4.6073694548249469 1.2590393640566606 1.2169211647706095 0.72122709429823117 1.4596627349965299 2.9449516264721849 2.0161472340114406 3.2417712273308998 1.144990329630686 0.80822050175628746 8.6916394059080613 2.7144668328110253 4.3735785669996261 1.3783145742490885 1.4121074175927777
leaf_count=3034 25 247 9 34 51 23 73 9 17 143 43 90 20 22
internal_value=-0.000367468 0.00512849 0.00379209 0.00495253 0.00395869 0.00253797 0.00459066 0.00151517 -0.00174099 0.000568782 -0.0123915 -0.00665935 0.00891621 0.0124655
internal_weight=37.9904 33.383 32.1661 30.9071 30.1859 28.7262 26.71 23.4683 20.5233 19.3783 9.27458 8.46636 4.09278 10.1037
internal_count=3840 806 559 534 525 491 468 395 344 335 170 153 63 165
is_linear=0
shrinkage=0.05


Tree=452
num_leaves=15
num_cat=0
split_feature=5 12 6 12 7 7 8 5 11 19 2 19 4 5
split_gain=1.93932 0.909754 0.644269 0.686565 0.667958 0.864559 1.01803 0.642946 1.00046 0.955377 0.913245 0.604065 0.603652 0.550225
threshold=0.95776068230679401 23.853941230049966 8.5000000000000018 4.8045639978882413 0.96578947368421064 0.56342821782178232 1.0000000180025095e-35 1.184266038418049 0.017352156323273919 1.0000000180025095e-35 1.4477586136961855 1.0000000180025095e-35 0.19614048150905927 0.99864598340474686
decision_type=2 2 2 2 2 2 2 2 2 2 2 2 2 2
left_child=-1 2 3 7 5 6 -5 10 -9 -10 -2 12 -8 -6
right_child=1 -3 -4 4 13 -7 11 8 9 -11 -12 -13 -14 -15
leaf_value=-0.036343132922711865 -0.0024718390696472597 0.041075039237523925 -0.064201080604294594 0.024793843028871759 0.036649623663863033 0.039125382384458812 -0.058352217722855773 -0.018725805121115859 0.047363882255131988 -0.041231068073548122 -0.040588189902712228 0.018400848083174902 -0.0055735217105839759 -0.0040271996060056037
leaf_weight=3.6047246189700664 3.5677224748360441 1.4413050296134304 0.38033905532210965 3.5404167782980966 0.89256738941185076 2.8699818482855335 0.9654293574276388 2.0130548785673454 1.6523065832734576 0.37298772620852094 2.8085309323796537 0.98361403634771694 1.234543257858604 12.122196114505639
leaf_count=1627 156 479 7 41 9 70 35 139 57 52 834 31 17 286
internal_value=-0.00143053 0.00218119 0.000502991 0.00124821 0.0061413 0.0161511 0.00634506 -0.00937406 0.00623643 0.0310478 -0.0192608 -0.0141716 -0.0287348 -0.00123754
internal_weight=38.4497 34.845 33.4037 33.0234 22.6087 9.59399 6.724 10.4146 4.03835 2.02529 6.37625 3.18359 2.19997 13.0148
internal_count=3840 2213 1734 1727 489 194 124 1238 248 109 990 83 52 295
is_linear=0
shrinkage=0.05


Tree=453
num_leaves=15
num_cat=0
split_feature=0 14 18 4 5 0 1 13 2 7 2 2 2 4
split_gain=0.898728 0.874994 0.643323 1.27697 0.65495 1.38026 1.01515 1.63838 1.63533 1.31803 1.83843 1.80468 1.54589 1.08219
threshold=6.5000000000000009 1.5000000000000002 2.8660714285714293 -0.034674981103552258 0.8228925857103776 7.5000000000000009 27.500000000000004 17.500000000000004 2.3489364618986874 0.88631947143412371 1.7232363018620716 1.6823119775013222 1.7286413835443344 -0.45674603174603151
decision_type=2 2 2 2 2 2 2 2 2 2 2 2 2 2
left_child=-1 -2 4 -4 -3 -6 8 -8 9 10 11 -7 13 -11
right_child=1 2 3 -5 5 6 7 -9 -10 12 -12 -13 -14 -15
leaf_value=-0.040202254457958109 -0.040387749370730384 0.0081182094046454711 0.03290754398585273 -0.0478384545131572 -0.032338186977467535 -0.012772052422494393 0.024673598042581329 -0.022246797825494172 -0.034620813756013322 0.046773749393560042 -0.035907025063662092 0.048943864355959821 0.021596098780079131 -0.017776097506299833
leaf_weight=1.3955401405692089 1.2985407848755119 26.385393257020041 0.68838174873963032 1.6960118462447997 3.4212104121688744 3.8537000392098033 8.2047431915416364 2.4061106147128148 3.7978400346473782 0.73627653811126936 4.8544998976867646 1.7101959863211957 9.961968166404402 5.4973226602887761
leaf_count=963 810 605 11 226 171 94 159 134 167 6 177 15 164 138
internal_value=-0.000447989 0.000296569 0.00101816 -0.0245268 0.0018781 -0.00182651 0.0007181 0.014034 -0.00392788 0.000452034 -0.0134211 0.0061978 0.00937646 -0.0101518
internal_weight=75.9077 74.5122 73.2137 2.38439 70.8293 44.4439 41.0227 10.6109 30.4118 26.614 10.4184 5.5639 16.1956 6.2336
internal_count=3840 2877 2067 237 1830 1225 1054 293 761 594 286 109 308 144
is_linear=0
shrinkage=0.05


Tree=454
num_leaves=15
num_cat=0
split_feature=16 5 5 11 11 17 1 4 18 8 5 15 15 16
split_gain=2.37512 0.478793 0.594603 0.44616 0.749599 0.783215 0.737149 0.601654 0.775896 0.760312 0.681294 1.0107 0.980526 0.680408
threshold=1.0000000180025095e-35 1.1886417238943825 1.2689484061319853 -0.016569704534639292 -0.047782934153973382 0.15587044534412958 18.500000000000004 0.11759581881533189 1.7884868421052633 1.0000000180025095e-35 0.77076657891217015 0.86996779388083745 0.63693181818181832 4.5000000000000009
decision_type=2 2 2 2 2 2 2 2 2 2 2 2 2 2
left_child=1 -1 -3 4 -2 -6 -7 8 10 -9 11 12 -5 -12
right_child=3 2 -4 7 5 6 -8 9 -10 -11 13 -13 -14 -15
leaf_value=-0.040178758087260735 -0.016996676778132176 0.01906421827518192 -0.040281538931314809 -0.026698942168141483 -0.014953872573341187 0.0059397496258566263 0.045804020111892163 0.004936696527346485 0.028541987588870311 -0.044661145590372493 -0.0019668330525269787 -0.047652541389494832 0.033038687690127987 0.014530886302765715
leaf_weight=3.9797727292170739 1.5010029784170908 0.91002421925077193 0.78716278844512999 1.4537186645902722 1.1391258677467693 1.8437619201140476 3.1254078797064722 1.5524271193426094 2.7926383977755895 1.5384047096595168 17.211015125038106 1.6823194606695322 1.3022646132158113 9.8131187962135282
leaf_count=2185 36 134 699 28 17 42 94 19 24 28 177 35 15 307
internal_value=-0.000222154 -0.0306963 -0.0084606 0.00362613 0.0146612 0.0224405 0.0310128 0.00137772 0.00328404 -0.0197497 0.00104212 -0.0171134 0.00152844 0.00402389
internal_weight=50.6322 5.67696 1.69719 44.9552 7.6093 6.1083 4.96917 37.3459 34.2551 3.09083 31.4624 4.4383 2.75598 27.0241
internal_count=3840 3018 833 822 189 153 136 633 586 47 562 78 43 484
is_linear=0
shrinkage=0.05


Tree=455
num_leaves=15
num_cat=0
split_feature=6 1 17 3 3 5 13 2 2 12 4 2 3 13
split_gain=1.17197 1.10948 0.527963 0.517555 0.852651 0.593271 0.628178 1.0507 1.49498 1.1553 1.02441 1.42626 1.69402 1.47483
threshold=2.5000000000000004 4.5000000000000009 0.26969696969696971 0.52548701298701317 0.50125628140703526 0.53424989806261303 4.5000000000000009 2.6474543930774388 2.6640392068544338 2.2981206542858983 -0.11381616692333171 1.157981609470111 0.73360215053763456 19.500000000000004
decision_type=2 2 2 2 2 2 2 2 2 2 2 2 2 2
left_child=1 2 -1 4 -2 -5 -7 10 -9 -10 -8 -12 -13 -14
right_child=3 -3 -4 5 -6 6 7 8 9 -11 11 12 13 -15
leaf_value=0.010263231858056276 0.0019049428923019686 -0.041545912959462319 -0.049990251906385466 -0.031016733482967393 -0.046967393744375738 -0.0020328064850842218 -0.0054707894309818095 -0.068714503962363269 -0.029489176157798582 0.02642496384480636 -0.022011056005951671 0.044822272102372274 0.019588694485732965 -0.0060153752569685115
leaf_weight=2.5386207489646035 2.6538327368907626 2.9876325499935774 0.42433204207918596 1.1936140805482853 1.3446396524086592 24.208149807876907 8.2875400797929597 1.0029393096920092 1.7461526675615462 1.9616950503550468 2.5343451977241775 4.6601539666298768 19.531888702418659 7.8986979390028855
leaf_count=157 81 1879 41 11 8 552 151 7 31 53 32 126 506 205
internal_value=0.00133369 -0.0200454 0.00163418 0.00298536 -0.0145303 0.00394443 0.00452537 0.00785905 -0.0145562 9.30775e-05 0.0103197 0.0140992 0.016951 0.0122159
internal_weight=82.9742 5.95059 2.96295 77.0236 3.99847 73.0252 71.8316 47.6234 4.71079 3.70785 42.9126 34.6251 32.0907 27.4306
internal_count=3840 2077 198 1763 89 1674 1663 1111 91 84 1020 869 837 711
is_linear=0
shrinkage=0.05


Tree=456
num_leaves=15
num_cat=0
split_feature=10 11 5 5 5 2 11 5 2 12 6 7 17 2
split_gain=3.18796 0.600965 0.403895 0.486923 0.460785 0.897846 0.783546 0.708436 0.782366 0.978856 0.714172 0.709723 0.663058 0.662692
threshold=1.5000000000000002 0.19000905873514459 0.66659847376831338 0.69877470826996146 0.78923268581479311 1.9439220748654937 0.15061696831342566 1.1736343809363914 2.0160511266724401 4.8045639978882413 4.5000000000000009 0.26931366047745364 0.63961038961038974 2.3211184432307324
decision_type=2 2 2 2 2 2 2 2 2 2 2 2 2 2
left_child=-1 2 -2 -4 5 -5 7 8 9 12 11 -10 -6 -13
right_child=1 -3 3 4 6 -7 -8 -9 10 -11 -12 13 -14 -15
leaf_value=-0.040182890837700186 -0.024170215578093387 0.040443599894230783 0.046297906389740823 -0.059497664540651723 0.029193516361543229 0.0092710984892880356 0.042878325169428501 -0.013062434882847352 -0.044852871866589539 -0.014510299678077838 0.026181384277269376 -0.018694789522864977 -0.0097921228825757958 0.011631756705995061
leaf_weight=4.4047050916415165 1.2383569322992141 1.1612512370338652 0.69606711925007658 0.81604052439797925 7.903153640218088 1.134489086223766 1.3443499288987357 5.0670281019411041 1.154144094209183 2.0362264155410221 1.8110237774671993 3.400745001854375 1.2652460755780337 3.8303067305823788
leaf_count=3034 25 247 9 20 147 24 53 98 14 24 17 52 11 65
internal_value=-0.000238889 0.00511564 0.00382138 0.00495942 0.00399263 -0.0194996 0.00564019 0.0037488 0.00772916 0.0168489 -0.00229248 -0.00844222 0.0238135 -0.00263074
internal_weight=37.2631 32.8584 31.6972 30.4588 29.7628 1.95053 27.8122 26.4679 21.4008 11.2046 10.1962 8.3852 9.1684 7.23105
internal_count=3840 806 559 534 525 44 481 428 330 182 148 131 158 117
is_linear=0
shrinkage=0.05


Tree=457
num_leaves=15
num_cat=0
split_feature=5 12 1 14 5 7 17 1 13 19 12 4 15 2
split_gain=1.84965 0.864994 0.628688 0.657686 0.810655 0.769897 0.814771 0.662148 0.683755 1.04846 0.974739 0.835532 0.640126 1.07279
threshold=0.95776068230679401 23.853941230049966 37.500000000000007 5.5000000000000009 1.6944647804652007 1.6366459627329195 0.35504201680672276 28.500000000000004 2.5000000000000004 1.0000000180025095e-35 6.8788467189344802 0.032839230207651102 0.84292763157894746 1.2056939764214227
decision_type=2 2 2 2 2 2 2 2 2 2 2 2 2 2
left_child=-1 2 3 4 7 6 12 8 9 11 -10 -2 -5 -14
right_child=1 -3 -4 5 -6 -7 -8 -9 10 -11 -12 -13 13 -15
leaf_value=-0.036215470995621717 0.032233072485534323 0.041060926685119729 -0.038898724572589721 0.023034197520252507 0.021760835334509745 0.035960135400701497 -0.032904871860538004 -0.042918309620927284 -0.037312563093776584 0.034432818307702819 0.0092179011896372023 -0.012044406002884894 0.043118470252626349 -0.017346710977208996
leaf_weight=3.4681872897926942 1.2438856058288452 1.3678169565391716 0.98319771562819269 4.535561142198274 2.6312714560190207 2.4221890177577725 1.2682364958454844 1.2617959810013406 3.1549986764439373 2.0042030639015129 1.7497198779601602 7.4277989996480756 0.94211375666782249 3.3140934310795274
leaf_count=1627 38 479 165 165 72 87 78 135 494 60 34 169 20 217
internal_value=-0.00141765 0.00210016 0.000482291 0.00169394 -0.00404888 0.0106534 0.00456021 -0.00808111 -0.00525982 0.00183977 -0.0207132 -0.00569315 0.00996465 -0.00396271
internal_weight=37.7751 34.3069 32.9391 31.9559 19.4737 12.4822 10.06 16.8424 15.5806 10.6759 4.90472 8.67168 8.79177 4.25621
internal_count=3840 2213 1734 1569 1002 567 480 930 795 267 528 207 402 237
is_linear=0
shrinkage=0.05


Tree=458
num_leaves=15
num_cat=0
split_feature=0 14 18 4 5 15 13 13 15 7 13 5 14 2
split_gain=0.853325 0.831427 0.609818 1.19833 0.607603 1.53987 1.13121 1.16009 1.12942 1.42065 1.15974 1.04683 1.22061 1.12924
threshold=6.5000000000000009 1.5000000000000002 2.8660714285714293 -0.034674981103552258 0.6934139121153946 0.59870129870129885 26.500000000000004 25.500000000000004 0.61200716845878145 0.55640906269397905 13.500000000000002 0.8228925857103776 6.5000000000000009 2.3520550669214981
decision_type=2 2 2 2 2 2 2 2 2 2 2 2 2 2
left_child=-1 -2 4 -4 5 -3 7 8 9 -6 11 -10 13 -13
right_child=1 2 3 -5 6 -7 -8 -9 10 -11 -12 12 -14 -15
leaf_value=-0.040194590312548094 -0.040375380676277189 0.041492485089071662 0.032163109369889357 -0.047525295191337587 -0.035913109125402902 0.0017121872358398281 -0.038033399631882091 0.059933739312060363 0.025972703874735339 -0.0023548146855423809 -0.012855637339758488 0.012164457115825436 -0.037299394979268811 -0.019667813619260274
leaf_weight=1.3312759855616594 1.2412996298080532 3.2135779566597185 0.66383868688717518 1.6304819902870793 4.2436192832537953 10.011360518867148 1.9412099507753726 0.81718933559022744 7.0566738180350539 12.279675227298865 7.4940474872710174 17.800634598010227 1.6638524025911454 3.3030486167990594
leaf_count=963 810 53 11 226 171 238 115 7 120 295 253 397 78 103
internal_value=-0.000522228 0.000197708 0.000896043 -0.0244683 0.00172947 0.0113786 -0.000525102 0.000807008 -9.03978e-05 -0.0109735 0.00472827 0.00914665 0.0039315 0.00718222
internal_weight=74.6918 73.3605 72.1192 2.29432 69.8249 13.2249 56.6 54.6587 53.8416 16.5233 37.3183 29.8242 22.7675 21.1037
internal_count=3840 2877 2067 237 1830 291 1539 1424 1417 466 951 698 578 500
is_linear=0
shrinkage=0.05


Tree=459
num_leaves=15
num_cat=0
split_feature=16 11 1 16 15 4 15 7 4 12 5 12 14 2
split_gain=2.26396 0.46998 0.446995 0.440396 0.518789 0.967824 0.676482 0.5373 0.755015 0.703149 0.665376 0.580969 0.667067 1.28486
threshold=1.0000000180025095e-35 0.12299854486245139 14.500000000000002 8.5000000000000018 1.5505050505050508 0.12184447496947547 1.4202037351443126 1.0241841491841495 -0.085918257389162853 1.6443589731579307 0.83525240718572868 5.2350065864462803 7.5000000000000009 1.9984992907108539
decision_type=2 2 2 2 2 2 2 2 2 2 2 2 2 2
left_child=1 -1 -3 4 5 6 7 9 -9 -2 -10 12 13 -11
right_child=3 2 -4 -5 -6 -7 -8 8 10 11 -12 -13 -14 -15
leaf_value=-0.035754762160996059 -0.028399655893108611 0.047264533863500331 -0.040060447820072342 0.030479385476374632 0.018259034535379033 -0.031648377011557274 -0.027526993273931058 -0.0098081898226978267 -0.00017823204544603925 -0.0022483449260402837 0.043529502613555864 -0.020193037085973746 -0.010858551210997699 0.023522148517095064
leaf_weight=4.8520188506518016 1.8511691284365976 0.35314785077935074 0.25048497028183192 1.468434156035072 4.7258974919095627 2.1805200814269474 1.7651230106130231 1.7012718997430054 1.2661984050646413 10.247959843836734 2.7880151018034667 2.3633422846905878 4.8255131607875219 9.1599273208994401
leaf_count=2658 29 43 317 192 71 33 16 25 18 113 58 30 98 139
internal_value=-0.000184778 -0.0305786 0.0110279 0.00355463 0.00263248 0.00069666 0.00265751 0.00421523 0.0181477 0.00139647 0.0298788 0.00347032 0.00577806 0.00991454
internal_weight=49.799 5.45565 0.603633 44.3434 42.8749 38.149 35.9685 34.2034 5.75549 28.4479 4.05421 26.5967 24.2334 19.4079
internal_count=3840 3018 360 822 630 559 526 510 101 409 76 380 350 252
is_linear=0
shrinkage=0.05


Tree=460
num_leaves=15
num_cat=0
split_feature=6 6 2 19 13 3 7 1 16 11 4 18 7 3
split_gain=1.09885 1.08018 0.565679 0.501462 0.588102 0.898376 0.707623 0.543534 1.27973 0.761072 0.7358 0.647162 1.8448 1.50136
threshold=2.5000000000000004 1.0000000180025095e-35 1.3169579650574204 1.5000000000000002 4.5000000000000009 0.6359784283513098 0.66599462365591411 39.500000000000007 3.5000000000000004 -0.03118581763115685 -0.1036197655655787 0.96291208791208793 0.41123949579831937 0.75560481847080485
decision_type=2 2 2 2 2 2 2 2 2 2 2 2 2 2
left_child=1 2 -1 7 -5 -6 -7 9 -9 10 -2 12 13 -11
right_child=3 -3 -4 4 5 6 -8 8 -10 11 -12 -13 -14 -15
leaf_value=-0.024309836461747291 -0.014596894665234129 -0.040221850520940829 0.021981388914015493 -0.037604995428280191 -0.022182585655716167 0.038885050960930624 -0.014109760226169173 0.037681265473734606 -0.045690143628958235 0.0064584487691521676 0.035761010184071552 -0.00099574546630814588 -0.010649576342268525 0.048668485696220648
leaf_weight=1.1149009335786098 0.94383519678376604 3.0421654086821945 1.6172876982018349 1.5028170773293812 2.7724083613138646 1.6367117837071421 1.0240030975546686 2.7807347471825774 0.55158149730414141 4.5495837577618641 3.133963103638961 47.576056150370277 5.7712649070890611 3.923330360557884
leaf_count=12 17 2029 36 94 77 29 26 119 7 80 131 1020 82 81
internal_value=0.00130137 -0.0197276 0.00309172 0.00289563 -0.00992186 -0.00226463 0.0184895 0.00417977 0.0238812 0.00318351 0.0241053 0.00180347 0.0111529 0.0260035
internal_weight=81.9406 5.77435 2.73219 76.1663 6.93594 5.43312 2.66071 69.2303 3.33232 65.898 4.0778 61.8202 14.2442 8.47291
internal_count=3840 2077 48 1763 226 132 55 1537 126 1411 148 1263 243 161
is_linear=0
shrinkage=0.05


Tree=461
num_leaves=15
num_cat=0
split_feature=10 11 11 5 18 16 19 12 4 12 15 7 14 1
split_gain=3.0509 0.576211 0.408444 0.382808 0.391938 0.549172 0.636434 0.629205 0.739117 1.0039 0.936894 0.75555 0.861991 0.891358
threshold=1.5000000000000002 0.19000905873514459 -1.0000000180025095e-35 0.66659847376831338 0.34062261268143629 4.5000000000000009 1.5000000000000002 1.906708571395874 -0.39999999999999897 2.5180399572362266 0.56594202898550738 0.74511541257724467 3.5000000000000004 29.500000000000004
decision_type=2 2 2 2 2 2 2 2 2 2 2 2 2 2
left_child=-1 2 -2 -4 -5 6 7 -6 -9 10 -10 12 -11 -14
right_child=1 -3 3 4 5 -7 -8 8 9 11 -12 -13 13 -15
leaf_value=-0.040178935889133287 -0.028619742350766676 0.040431798123544041 -0.022793145894379346 0.028739927807591565 0.025933781017054833 -0.022278416721306916 0.028182823431034384 -0.039115042174584495 0.011725785411395875 -0.038131501219394404 -0.031375305116328571 0.021239009963377187 0.027333925556893065 -0.015588808202237717
leaf_weight=4.2145966279495033 0.9428235770319614 1.1110367793589819 1.2070783372037137 1.7705776276998246 2.743493180722008 1.793589979643001 2.9505226940382263 1.1174827022478151 2.0017645787447576 1.3406994147226194 3.4062989057274535 7.1165528493002057 2.5732300749514252 2.2823279688600451
leaf_count=3034 47 247 21 42 49 20 69 9 35 33 45 113 40 36
internal_value=-0.000164348 0.00504759 0.00378943 0.00479776 0.00594238 0.00446522 0.0063439 0.00349045 0.000386704 0.00274463 -0.0154217 0.0101243 -0.00264114 0.00715833
internal_weight=36.5721 32.3575 31.2464 30.3036 29.0965 27.326 25.5324 22.5818 19.8384 18.7209 5.40806 13.3128 6.19626 4.85556
internal_count=3840 806 559 512 491 449 429 360 311 302 80 222 109 76
is_linear=0
shrinkage=0.05


Tree=462
num_leaves=15
num_cat=0
split_feature=5 12 6 12 7 7 8 5 11 2 11 19 4 5
split_gain=1.75807 0.824458 0.603871 0.639086 0.607807 0.803527 0.922086 0.576152 0.91744 0.868873 0.854246 0.544704 0.564011 0.521635
threshold=0.95776068230679401 23.853941230049966 8.5000000000000018 4.8045639978882413 0.96578947368421064 0.56342821782178232 1.0000000180025095e-35 1.184266038418049 0.017352156323273919 1.4477586136961855 0.044538304309147937 1.0000000180025095e-35 0.19614048150905927 1.9632013168378839
decision_type=2 2 2 2 2 2 2 2 2 2 2 2 2 2
left_child=-1 2 3 7 5 6 -5 9 -9 -2 -10 12 -8 -6
right_child=1 -3 -4 4 13 -7 11 8 10 -11 -12 -13 -14 -15
leaf_value=-0.036082208814917305 -0.0025507701589717927 0.041037348637871195 -0.063050416306169824 0.023784793649799959 -0.0041430459561525527 0.038181794402388253 -0.056576214848002716 -0.01868507611365491 0.050188500119463901 -0.040582282633882402 -0.022954445346864957 0.01760366180107872 -0.0051230524752992742 0.034656683953675806
leaf_weight=3.338885755481896 3.4929729247232881 1.2973818865139026 0.37082208377250836 3.4826041097985598 11.688304066192355 2.7632322832359932 0.94335077999858263 1.9519775238295554 1.421126526314765 2.6344704956572969 0.55511898605618615 0.96702565258601669 1.2232089005410669 0.93560240080114532
leaf_count=1627 156 479 7 41 232 70 35 139 34 834 75 31 17 63
internal_value=-0.00147316 0.00195303 0.000389429 0.00112323 0.00589562 0.0155365 0.00607879 -0.00931949 0.00562822 -0.0189023 0.029643 -0.0135993 -0.0275265 -0.00126746
internal_weight=37.0661 33.7272 32.4298 32.059 22.0033 9.37942 6.61619 10.0557 3.92822 6.12744 1.97625 3.13359 2.16656 12.6239
internal_count=3840 2213 1734 1727 489 194 124 1238 248 990 109 83 52 295
is_linear=0
shrinkage=0.05


Tree=463
num_leaves=15
num_cat=0
split_feature=0 14 4 4 3 11 11 4 18 3 18 5 15 2
split_gain=0.815115 0.792624 0.600913 0.58892 0.908464 1.17215 1.2146 1.19972 1.14829 1.4488 0.928996 1.7122 1.67338 1.47015
threshold=6.5000000000000009 1.5000000000000002 0.40000000000000008 0.3244949494949505 1.1736231884057975 -0.012715118215907399 0.0087236753739503587 -0.032738095238095587 1.2480769230769233 1.4894725177304966 1.1645833333333335 0.6934139121153946 -1.0000000180025095e-35 1.9480065881853315
decision_type=2 2 2 2 2 2 2 2 2 2 2 2 2 2
left_child=-1 -2 3 4 10 -6 8 -8 -7 -10 11 -3 -13 -12
right_child=1 2 -4 -5 5 6 7 -9 9 -11 13 12 -14 -15
leaf_value=-0.040189113267631082 -0.040368435234348493 0.022164679498064374 -0.035195068444131207 0.030875429592033585 -0.042439730922868436 0.044711710784645614 0.010285755451571933 -0.038782957702405016 -0.040418641598793235 0.029723134278130593 0.021161486152275383 0.021124017003168169 -0.012113109028769628 -0.0066185574925461347
leaf_weight=1.2726783494726976 1.1856416326336319 6.2153152404353014 1.1376092277350824 1.6588073035236437 2.4502533266204418 1.8852461807546168 1.9922076241346065 3.3243422584491791 1.4688870821846651 1.4759163201379122 13.985291725373829 4.504388373199613 23.775524318334654 7.2218037922866634
leaf_count=963 810 168 218 45 116 32 29 129 61 43 197 64 742 223
internal_value=-0.000522043 0.000176387 0.000852542 0.00143872 0.000723784 -0.0114023 -0.00390726 -0.020396 0.0142423 -0.00526404 0.00346606 -0.00159687 -0.00681914 0.0117013
internal_weight=73.5539 72.2812 71.0956 69.958 68.2992 12.5969 10.1466 5.31655 4.83005 2.9448 55.7023 34.4952 28.2799 21.2071
internal_count=3840 2877 2067 1849 1804 410 294 158 136 104 1394 974 806 420
is_linear=0
shrinkage=0.05


Tree=464
num_leaves=15
num_cat=0
split_feature=16 5 13 4 11 11 17 1 5 3 3 4 7 7
split_gain=2.157 0.456326 0.548278 0.507182 0.436137 0.696661 0.733276 0.693886 0.552101 0.698356 0.658832 0.68486 0.639168 0.694957
threshold=1.0000000180025095e-35 1.1886417238943825 3.5000000000000004 -0.0091996803109132795 -0.016569704534639292 -0.047782934153973382 0.15587044534412958 18.500000000000004 0.6101196609334637 0.51341960220464911 0.55712530712530728 -0.26675651392632543 0.075657894736842118 0.81455026455026458
decision_type=2 2 2 2 2 2 2 2 2 2 2 2 2 2
left_child=1 -1 -3 -4 5 -2 -7 -8 -6 -10 -11 -12 -13 -14
right_child=4 2 3 -5 8 6 7 -9 9 10 11 12 13 -15
leaf_value=-0.040167780312256214 -0.016111893760845514 -0.040273832751908011 -0.040392918389071955 0.043271849090271902 -0.038755965097234231 -0.014445417893389646 0.006182539341422667 0.045530712889406577 0.038590926918112667 -0.040667059469126549 0.034760589727756433 0.016807420355023667 -0.012054679170600706 0.0042536646271425079
leaf_weight=3.6563472905254448 1.4776926896302027 0.72401173636899308 0.25688529794570059 0.61434454435948282 0.84304942935705085 1.1036570612341154 1.7929599522612987 2.9869568187277764 1.2700770909432311 0.9303438545903181 1.5217137893196149 5.0136789316311541 11.322366062900985 15.441558649879878
leaf_count=2185 36 713 87 33 6 17 42 94 58 18 25 47 206 273
internal_value=-0.000155696 -0.0304324 -0.00811868 0.018603 0.00348243 0.0145807 0.0222893 0.0307711 0.00123448 0.00218417 0.000833314 0.00199279 0.000423655 -0.00264551
internal_weight=48.9556 5.25159 1.59524 0.87123 43.7041 7.36127 5.88357 4.77992 36.3428 35.4997 34.2297 33.2993 31.7776 26.7639
internal_count=3840 3018 833 120 822 189 153 136 633 627 569 551 526 479
is_linear=0
shrinkage=0.05


Tree=465
num_leaves=15
num_cat=0
split_feature=6 1 17 6 2 4 4 0 1 12 0 5 3 15
split_gain=1.02524 1.06319 0.498118 0.489949 0.538596 0.482449 0.977033 0.968126 1.51608 1.2893 1.21642 1.04012 1.02446 1.08006
threshold=2.5000000000000004 4.5000000000000009 0.26969696969696971 -1.0000000180025095e-35 1.3745919176847217 0.056669794354523483 0.054054054054053939 10.500000000000002 7.5000000000000009 5.2350065864462803 9.5000000000000018 0.55840840345674903 1.4894725177304966 0.29217479674796754
decision_type=2 2 2 2 2 2 2 2 2 2 2 2 2 2
left_child=1 2 3 4 -1 6 7 8 -2 10 11 -10 13 -9
right_child=5 -3 -4 -5 -6 -7 -8 12 9 -11 -12 -13 -14 -15
leaf_value=-0.0076907734932132252 -0.033398879537913005 -0.0415550471777087 -0.049519007306076127 -0.040520346612061713 0.043669990605495507 0.0095929866923988166 -0.047106719751238112 0.00078643203531255669 -0.043810212701330314 0.038137720115878772 -0.023331882850977727 0.0044985733049847697 -0.040823780813799483 0.026170193811217171
leaf_weight=0.93761300854385021 3.7407165535259983 2.7461860858893488 0.40273173560854036 0.39508604866568831 1.1203514290973542 19.525244421442039 1.059058604761957 8.1737790936604195 1.1677747434005201 2.0956497261067843 5.666135733947157 24.296491348533891 0.90464198496192594 8.5994360571494308
leaf_count=12 44 1879 41 113 32 546 12 275 11 50 71 565 16 173
internal_value=0.00129323 -0.0193423 0.00201796 0.0104791 0.0202699 0.00282987 0.000459258 0.00138113 -0.00322114 0.000176391 -0.00237911 0.00228316 0.0110051 0.0138004
internal_weight=80.8309 5.60197 2.85578 2.45305 2.05796 75.2289 55.7037 54.6446 36.9668 33.2261 31.1304 25.4643 17.6779 16.7732
internal_count=3840 2077 198 157 44 1763 1217 1205 741 697 647 576 464 448
is_linear=0
shrinkage=0.05


Tree=466
num_leaves=15
num_cat=0
split_feature=10 11 11 1 1 11 5 15 5 11 2 13 11 5
split_gain=2.91003 0.554013 0.525081 0.399649 0.529897 0.686679 0.600294 0.960082 0.671764 0.523276 0.54054 0.52758 0.481588 0.495055
threshold=1.5000000000000002 -0.0080263752823453421 0.19000905873514459 12.500000000000002 16.500000000000004 0.053817714911885091 0.96249625697581154 1.1438923395445137 0.91069664939475603 0.044538304309147937 2.0331595646116862 3.5000000000000004 0.14116070146414791 1.1798472407031921
decision_type=2 2 2 2 2 2 2 2 2 2 2 2 2 2
left_child=-1 -2 3 9 -5 -6 7 8 -7 11 -11 -3 13 -8
right_child=1 2 -4 4 5 6 12 -9 -10 10 -12 -13 -14 -15
leaf_value=-0.040173052979147132 -0.043716711096939607 0.015125788436194155 0.040414696380413728 -0.026408285036781859 -0.023293800378100724 -0.0025220358614643436 0.026240667863080675 0.032790507747971841 -0.042596371971056562 0.043954716541577454 0.0083909735026503063 -0.0095500467094577247 0.043441392231478547 -0.0046976644953858641
leaf_weight=4.0315585473144884 0.57503834826639177 4.8919935426674837 1.0590825791005034 1.7603083983995045 2.2023429638356893 3.7417649617418629 2.5394105290761217 1.4108736324124036 1.4513657828792927 2.0615636287257066 2.2179353081155568 3.8874627689365298 1.4110550787299869 2.6343420546036214
leaf_count=3034 34 65 247 45 57 61 38 30 25 44 34 43 39 44
internal_value=-0.000151238 0.00491557 0.00580991 0.00459677 -0.000421271 0.0025509 0.0068666 -0.00378505 -0.0137219 0.0111874 0.0255231 0.00419955 0.0175493 0.0104877
internal_weight=35.8761 31.8445 31.2695 30.2104 17.1515 15.3912 13.1888 6.604 5.19313 13.059 4.2795 8.77946 6.58481 5.17375
internal_count=3840 806 772 525 339 294 237 116 86 186 78 108 121 82
is_linear=0
shrinkage=0.05


Tree=467
num_leaves=15
num_cat=0
split_feature=5 12 1 12 12 19 4 5 4 14 4 12 15 1
split_gain=1.68381 0.784565 0.585322 0.608566 0.726817 0.705722 0.624204 0.600488 0.651732 0.49543 0.950027 1.26872 1.43409 0.70015
threshold=0.95776068230679401 23.853941230049966 37.500000000000007 3.4897484138723192 1.9362899466125274 1.5000000000000002 -0.09069006390434993 1.2570494572073074 0.98529942279942007 3.5000000000000004 0.23714251381879406 7.6288113517412599 0.74744897959183687 6.5000000000000009
decision_type=2 2 2 2 2 2 2 2 2 2 2 2 2 2
left_child=-1 2 3 4 5 7 -5 8 -2 10 11 12 13 -8
right_child=1 -3 -4 6 -6 -7 9 -9 -10 -11 -12 -13 -14 -15
leaf_value=-0.035909763493053574 -0.032493005910851323 0.04103930979184181 -0.038671227296440625 -0.026896503935260205 -0.029349055050370061 0.05967521346441286 0.062268723957291883 0.046865082857734698 0.05631980321444309 0.013396986827551419 -0.015274368630546735 0.046653280413653062 -0.046131278472398951 -0.0006070417728502171
leaf_weight=3.2170100974471998 1.4373215142404729 1.2374583240016352 0.92772462478023854 1.4492290651833197 3.1231982313911431 0.50214664396480646 0.7010549157857916 0.42401988152414549 0.24123479425907124 13.158295403234659 5.6125632999464869 1.91817672830075 1.2650108609232118 1.2016925281495785
leaf_count=1627 220 479 165 102 636 14 5 10 1 330 98 48 20 85
internal_value=-0.00137096 0.00197587 0.000463449 0.00163334 -0.0130836 0.00641943 0.00496447 -0.00629935 -0.0197292 0.00689993 -0.00109094 0.0145611 -0.00487166 0.0225591
internal_weight=36.4161 33.1991 31.9617 31.0339 5.72792 2.60472 25.306 2.10258 1.67856 23.8568 10.6985 5.08594 3.16776 1.90275
internal_count=3840 2213 1734 1569 881 245 688 231 221 586 256 158 110 90
is_linear=0
shrinkage=0.05


Tree=468
num_leaves=15
num_cat=0
split_feature=0 14 12 7 3 16 18 18 12 11 11 12 5 5
split_gain=0.774384 0.754076 0.591398 0.911401 0.813075 0.935394 0.912784 1.37956 0.731876 0.639199 0.846365 0.619713 0.631402 0.77747
threshold=6.5000000000000009 1.5000000000000002 4.4923343301018823 0.11112409831685814 0.55712530712530728 1.0000000180025095e-35 1.9508064516129033 1.8672955974842769 8.5772155017046448 0.021710739180298425 0.0040012715752230652 4.4216367364106945 1.4225787027595016 1.1061624952534677
decision_type=2 2 2 2 2 2 2 2 2 2 2 2 2 2
left_child=-1 -2 11 -4 -5 6 7 8 9 10 -6 12 13 -3
right_child=1 2 3 4 5 -7 -8 -9 -10 -11 -12 -13 -14 -15
leaf_value=-0.040184360670781932 -0.040355777901786266 0.0030050629709006461 -0.040451768407876149 0.035863525027032959 -0.0060945208839878751 -0.038205152412190954 -0.044905680724558118 0.048301879258024823 -0.041780611497608693 -0.02744698496791613 0.045598244236072366 0.034925225636272775 0.040514705775271879 -0.020389999382725638
leaf_weight=1.2146270051598538 1.1347272138664255 50.448617473710328 1.9381025998736721 1.1838907985948015 1.9400222958065554 2.0382696892775121 1.0059952014707958 1.5153959110612047 1.1122527522966263 1.2155530065647324 1.337933524046093 1.4763233580160875 1.0494387811049808 3.820105009712278
leaf_count=963 810 1267 71 32 39 64 240 9 117 40 12 16 9 151
internal_value=-0.000597198 7.79762e-05 0.000732657 -0.00876333 -0.00335195 -0.00791908 -0.000323407 0.00597466 -0.00546758 0.00352078 0.0150044 0.0029543 0.00210106 0.00135823
internal_weight=72.4313 71.2166 70.0819 13.2874 11.3493 10.1654 8.12715 7.12116 5.60576 4.49351 3.27796 56.7945 55.3182 54.2687
internal_count=3840 2877 2067 624 553 521 457 217 208 91 51 1443 1427 1418
is_linear=0
shrinkage=0.05


Tree=469
num_leaves=15
num_cat=0
split_feature=16 5 13 7 12 16 15 4 15 7 11 4 12 2
split_gain=2.07187 0.430457 0.510519 0.478763 0.419507 0.668006 0.5929 0.612576 0.645123 0.484347 0.71509 0.899896 0.669377 0.49094
threshold=1.0000000180025095e-35 1.1886417238943825 3.5000000000000004 1.0424679487179491 13.38548501164019 8.5000000000000018 1.5505050505050508 0.12184447496947547 1.4202037351443126 1.0241841491841495 1.0000000180025095e-35 -0.085918257389162853 1.6443589731579307 2.7816611859785825
decision_type=2 2 2 2 2 2 2 2 2 2 2 2 2 2
left_child=1 -1 -3 -4 5 6 7 8 9 12 -11 -12 -2 -14
right_child=4 2 3 -5 -6 -7 -8 -9 -10 10 11 -13 13 -15
leaf_value=-0.040163109465105484 -0.027858635046076947 -0.040272357031483491 -0.040209405357638978 0.042354629388819905 -0.023108035869485177 0.040699710069697033 0.021928371582262445 -0.028110741656678241 -0.027086123630991485 0.03948691186955508 -0.032898592013028118 0.021985695607189926 0.0019631688252793461 0.032566255453246554
leaf_weight=3.499853776942472 1.8089656832162315 0.68877671827794962 0.24991752175264992 0.59030274237738922 1.440548164770006 1.2258257978828613 3.838921788847073 1.6916375788860012 1.7281307806260873 2.2472415054216972 1.1449511833488943 2.1480045947246253 24.454376491950828 1.3847098140977312
leaf_count=2185 29 713 111 9 28 191 57 21 16 41 12 48 359 20
internal_value=-0.000123096 -0.0304942 -0.00836211 0.0177965 0.00341947 0.00433647 0.00323441 0.00127406 0.0026977 0.00424856 0.0177421 0.00290259 0.00154469 0.00360318
internal_weight=48.1422 5.02885 1.529 0.84022 43.1133 41.6728 40.4469 36.608 34.9164 33.1882 5.5402 3.29296 27.6481 25.8391
internal_count=3840 3018 833 120 822 794 603 546 525 509 101 60 408 379
is_linear=0
shrinkage=0.05


Tree=470
num_leaves=15
num_cat=0
split_feature=6 6 2 7 3 3 2 3 2 5 13 11 3 18
split_gain=0.965852 1.01332 0.488979 0.479924 0.499079 1.41437 1.3928 0.981406 0.793197 1.28355 1.24245 1.11599 1.29183 0.967272
threshold=2.5000000000000004 1.0000000180025095e-35 1.3169579650574204 1.3620507399577171 1.2702152267927187 1.3954592287312337 2.009945681415727 1.9769353128313896 2.0160511266724401 0.88593641322611116 4.5000000000000009 0.03600888317643184 0.86815951430472393 0.72792207792207808
decision_type=2 2 2 2 2 2 2 2 2 2 2 2 2 2
left_child=1 2 -1 4 8 -6 7 -7 10 11 -2 12 13 -10
right_child=3 -3 -4 -5 5 6 -8 -9 9 -11 -12 -13 -14 -15
leaf_value=-0.022790565090665741 -0.018528213026659003 -0.040210088204099999 0.021129383378811296 -0.023361500867594514 0.046960759036829239 0.033986726160821212 -0.018599982106307519 -0.0034587816907957372 -0.044444163210190943 0.020956128634651884 0.002335282280288693 -0.029126574767526642 0.027979984921543778 0.0051073333271390905
leaf_weight=1.0733787808567279 9.6506848243297991 2.7760501628217753 1.5472353873774407 1.7197202275856387 2.3849312572856425 4.0783405121183005 4.1143627986311913 3.0647092537255958 1.5050647528842107 11.019331164774483 27.383454224676825 3.0091737243346861 3.7628263562219217 2.8494268514914438
leaf_count=12 145 2029 36 120 112 104 63 51 11 379 582 38 102 56
internal_value=0.00126683 -0.0191592 0.00314019 0.00274562 0.00336215 0.0119833 0.00457318 0.0179208 0.00137478 0.00886041 -0.00310151 -0.00311882 0.00652253 -0.0120194
internal_weight=79.9387 5.39666 2.62061 74.542 72.8223 13.6423 11.2574 7.14305 59.18 22.1458 37.0341 11.1265 8.11732 4.35449
internal_count=3840 2077 48 1763 1643 330 218 155 1313 586 727 207 169 67
is_linear=0
shrinkage=0.05


Tree=471
num_leaves=15
num_cat=0
split_feature=10 11 2 15 12 12 7 2 15 11 12 11 4 7
split_gain=2.77209 0.531078 0.381893 0.505242 1.05989 1.06931 0.816212 0.795224 0.748914 0.738831 0.693546 0.565357 0.521252 0.663368
threshold=1.5000000000000002 0.19000905873514459 2.7093306115330473 0.40967365967365971 3.3542239315120468 3.7683994115294941 0.31423745173745182 1.3366431043329352 0.020339216767788198 0.098268573595365574 2.8364377046369138 0.057614456276032323 -0.35182926829268324 0.70049019607843155
decision_type=2 2 2 2 2 2 2 2 2 2 2 2 2 2
left_child=-1 2 3 7 6 -6 -5 -2 10 -8 -9 -7 -12 -14
right_child=1 -3 -4 4 5 11 9 8 -10 -11 12 -13 13 -15
leaf_value=-0.04016727626155378 0.037743099984869383 0.040402142856344157 0.026393871785691077 -0.046633902164724912 0.035117418095151662 -0.029157572394860422 -0.019119336771073428 0.011175828787002587 0.021265871119684771 0.016624408049074339 -0.056801665923827419 0.005960108231100953 -0.039019172437024817 0.019557576399489868
leaf_weight=3.8519546167226499 2.1622635915409871 1.012478905613533 1.7312754604499776 1.713074741477614 2.7069824651116488 1.50844422733644 4.6402954176301137 2.4910111261124239 3.6940105921821669 2.0999950461555272 0.88556860294193063 4.7707160689169541 0.99225832067895658 0.94234943191986531
leaf_count=3034 35 247 40 33 37 38 67 54 64 56 5 88 23 19
internal_value=-0.000138792 0.00477937 0.00359053 0.00221049 -0.00310685 0.00884847 -0.0158157 0.0105142 0.00397622 -0.00798307 -0.00804899 -0.00247622 -0.0250299 -0.0104864
internal_weight=35.2027 31.3507 30.3382 28.607 17.4395 8.98614 8.45337 11.1675 9.0052 6.74029 5.31119 6.27916 2.82018 1.93461
internal_count=3840 806 559 519 319 163 156 200 165 123 101 126 47 42
is_linear=0
shrinkage=0.05


Tree=472
num_leaves=15
num_cat=0
split_feature=5 12 6 12 2 5 4 15 4 2 3 12 11 11
split_gain=1.60949 0.739127 0.574266 0.586943 0.581971 0.680862 0.936112 1.15856 0.834363 0.853837 0.683004 0.769358 0.645282 1.16369
threshold=0.95776068230679401 23.853941230049966 8.5000000000000018 4.8045639978882413 1.2447699313547445 1.2689484061319853 0.79923391374898534 0.80099009900990115 0.09482758620689638 1.9439220748654937 1.2445906432748541 9.1781814677969695 -0.017392842633955515 0.0048083617035885604
decision_type=2 2 2 2 2 2 2 2 2 2 2 2 2 2
left_child=-1 2 3 -2 -5 6 7 -6 -9 -10 -7 -12 -13 -14
right_child=1 -3 -4 4 5 10 -8 8 9 -11 11 12 13 -15
leaf_value=-0.035745643169486245 -0.0089876438845892317 0.041015601135414068 -0.062011717177391838 0.02652013262436427 0.040260222022751618 0.017266980634028362 -0.033652481969247264 -0.032718280847570391 -0.015454353422127321 0.040459348916096607 -0.039549445557282133 -0.034120829896016225 0.045982631484292928 -0.011395712594431773
leaf_weight=3.0946266533865119 9.6241199840878888 1.1696099002147082 0.36275083081272796 2.9452743243891772 3.4479855762037932 2.3561638480750826 0.95296599995344866 1.2717661331407724 1.2069271941436457 1.5721838191384447 2.0700877183116972 1.3355486928485332 1.2605748104397205 2.9552874565124512
leaf_count=1627 1238 479 7 120 101 35 9 44 22 20 19 28 34 57
internal_value=-0.00128858 0.00198924 0.000533782 0.00126569 0.00588232 0.00258413 0.0130261 0.0189581 0.000826303 0.0161768 -0.00626099 -0.0135346 -0.00383382 0.00576085
internal_weight=35.6259 32.5312 31.3616 30.9989 21.3748 18.4295 8.45183 7.49886 4.05088 2.77911 9.97766 7.6215 5.55141 4.21586
internal_count=3840 2213 1734 1727 489 369 196 187 86 42 173 138 119 91
is_linear=0
shrinkage=0.05


Tree=473
num_leaves=15
num_cat=0
split_feature=0 14 1 1 17 7 3 6 2 15 5 12 15 5
split_gain=0.73556 0.718968 0.580055 0.604202 0.936667 0.944405 1.52675 1.51935 1.48079 1.43061 1.14952 1.1136 1.0219 1.092
threshold=6.5000000000000009 1.5000000000000002 42.500000000000007 34.500000000000007 0.072751322751322761 0.075657894736842118 1.186970338983051 5.5000000000000009 1.7135435631864651 0.56594202898550738 0.62736794278549823 5.3269823953851425 0.74744897959183687 0.8228925857103776
decision_type=2 2 2 2 2 2 2 2 2 2 2 2 2 2
left_child=-1 -2 3 4 5 7 9 10 -9 -7 -3 -8 -11 -14
right_child=1 2 -4 -5 -6 6 11 8 -10 12 -12 -13 13 -15
leaf_value=-0.040177152636018593 -0.040347331190471222 0.011840001104000818 -0.04576843444214402 0.011101720612129523 -0.013563720419846603 -0.0054890080261337558 -0.028366354372843294 -0.019360008495530504 0.051395006065707072 0.039777695930301567 -0.042824520906449393 0.010037656145674451 0.02704902616584394 -0.0001470157738004915
leaf_weight=1.1578776138776437 1.0869642259494856 1.2741563282906989 0.66694886155892064 12.347221250791334 11.905945442413211 8.8320143068558554 4.9103459980105972 1.5022958594490776 1.4562939568422733 4.4649834688752916 3.9218698484473862 3.0664053153013811 6.8971302970312518 7.9404689215589315
leaf_count=963 810 9 35 333 303 225 128 35 15 109 193 320 179 183
internal_value=-0.000649684 1.60395e-06 0.000635515 0.0010872 -0.0011141 0.00223439 0.00570491 -0.0131342 0.0154674 0.0111792 -0.0294198 -0.0136032 0.0188058 0.0124948
internal_weight=71.4309 70.273 69.1861 68.5191 56.1719 44.266 36.1113 8.15462 2.95859 28.1346 5.19603 7.97675 19.3026 14.8376
internal_count=3840 2877 2067 2032 1699 1396 1144 252 50 696 202 448 471 362
is_linear=0
shrinkage=0.05


Tree=474
num_leaves=15
num_cat=0
split_feature=16 0 11 18 18 13 1 13 5 6 17 1 13 11
split_gain=1.98552 0.414659 0.662354 0.782803 1.35841 0.866536 0.798504 0.937028 1.26451 0.662924 0.910753 0.85968 0.774606 1.16852
threshold=1.0000000180025095e-35 10.500000000000002 0.013638456532426292 0.60172413793103463 0.70722996515679459 27.500000000000004 27.500000000000004 5.5000000000000009 1.0150313056905056 3.5000000000000004 0.18898809523809526 17.500000000000004 8.5000000000000018 0.11400737744892402
decision_type=2 2 2 2 2 2 2 2 2 2 2 2 2 2
left_child=-1 2 3 -2 -5 6 7 8 -6 10 -4 -12 -13 -14
right_child=1 -3 9 4 5 -7 -8 -9 -10 -11 11 12 13 -15
leaf_value=-0.030526211478879413 0.027231124823251237 0.0094786377598109362 -0.036963454604122356 -0.041782658465683048 -0.031122375164556383 0.039164905884843774 -0.021211444130457478 0.028264170620983922 0.023049960058822157 -0.039316737843315512 0.037684303723116631 -0.048375720706631833 0.028019135060064111 -0.044756947006736693
leaf_weight=4.813491850742138 3.2116433056071463 16.756785106030293 1.6595648927614073 1.7184671991271887 2.3747724839486164 1.668941631913184 3.0540599138475955 3.4808769240044057 1.9715562961064277 1.7723459461703894 1.4842578129610045 0.87794254510663483 1.8164680174086245 0.79207959678024042
leaf_count=3018 134 330 22 30 28 24 40 46 28 22 30 15 60 13
internal_value=-8.57282e-05 0.00335062 -0.000616695 0.00492882 -9.10648e-05 0.00561766 0.000472262 0.00893292 -0.00654904 -0.0121532 -0.00489213 0.00581541 -0.00775172 0.00592084
internal_weight=47.4533 42.6398 25.883 17.4803 14.2687 12.5502 10.8813 7.82721 4.34633 8.40266 6.63031 4.97075 3.48649 2.60855
internal_count=3840 822 492 330 196 166 142 102 56 162 140 118 88 73
is_linear=0
shrinkage=0.05


Tree=475
num_leaves=15
num_cat=0
split_feature=6 1 17 19 12 7 18 1 16 11 4 11 18 18
split_gain=0.908922 0.984768 0.476565 0.473706 0.529902 0.506882 0.606943 0.501411 1.17299 0.692394 0.653403 0.600942 0.585512 1.6818
threshold=2.5000000000000004 4.5000000000000009 0.26969696969696971 1.5000000000000002 2.3358467037005357 0.30025252525252527 1.198684210526316 39.500000000000007 3.5000000000000004 -0.03118581763115685 -0.15876757600763722 0.11886497104474349 0.96291208791208793 0.83503401360544227
decision_type=2 2 2 2 2 2 2 2 2 2 2 2 2 2
left_child=1 2 -1 7 -5 6 -6 9 11 10 -2 -9 13 -11
right_child=3 -3 -4 4 5 -7 -8 8 -10 12 -12 -13 -14 -15
leaf_value=0.01058587349157873 -0.036514113090849377 -0.041458766042249337 -0.049328908246455055 0.026348921789502384 0.018625239611412197 -0.029220709027433147 -0.031191938865260789 0.047727702535989555 -0.045297291920551049 0.0014985077850866923 0.030479910121117892 -0.016067238475185389 -0.0010156930924337644 0.043830839036171722
leaf_weight=2.321129446936538 0.40650449274107847 2.5088132750097429 0.38726342099835154 0.86897228402085502 1.6853428336326035 3.1110320673906244 0.9594881199300288 2.1895648378413171 0.51858581136912096 10.748340821126474 3.4772240527090608 0.44400411006063212 46.1525236669695 3.0013834030833086
leaf_count=157 7 1879 41 23 42 148 13 111 7 168 141 8 1020 75
internal_value=0.00127838 -0.0188883 0.00201887 0.00270863 -0.0100453 -0.0155398 0.000552632 0.00397088 0.0234374 0.00300889 0.0234677 0.0369723 0.00168245 0.0107391
internal_weight=78.7802 5.21721 2.70839 73.563 6.62484 5.75586 2.64483 66.9381 3.15215 63.786 3.88373 2.63357 59.9022 13.7497
internal_count=3840 2077 198 1763 226 203 55 1537 126 1411 148 119 1263 243
is_linear=0
shrinkage=0.05


Tree=476
num_leaves=15
num_cat=0
split_feature=10 11 10 11 1 11 11 2 3 3 3 0 5 5
split_gain=2.63115 0.513664 0.374155 0.566074 0.55441 0.640783 0.57925 0.656229 0.626935 0.628552 0.750603 0.653399 0.539273 0.494135
threshold=1.5000000000000002 0.19000905873514459 2.5000000000000004 0.091371893954874342 9.5000000000000018 0.057614456276032323 0.11400737744892402 2.0713358281140652 0.61385701676963833 0.65918680475642522 0.82790353289612872 10.500000000000002 1.0630119595584329 0.86316290377633187
decision_type=2 2 2 2 2 2 2 2 2 2 2 2 2 2
left_child=-1 2 3 12 5 -4 7 13 -8 -10 -11 -12 -2 -6
right_child=1 -3 4 -5 6 -7 8 -9 9 10 11 -13 -14 -15
leaf_value=-0.040163619734303171 0.017975554893124943 0.040391551342781558 0.0031899869303563949 0.043037640553995719 -0.040527363358625314 0.037782683845711651 0.041820429230188312 -0.036438492270913836 -0.038098826000487328 0.044046348766686123 0.01226908196495269 -0.031665536292793013 -0.011024992559515442 0.0033206406088088676
leaf_weight=3.6776356437185305 4.1780892014503532 0.96987011621240427 6.6782984987366962 1.2855203031795097 0.78312618593917971 1.6743213549489153 0.95641828561201681 2.5609419355751015 0.99107054201886047 1.0025089757982639 2.1597885303199296 1.391481557395309 2.6009001771453768 3.5785867442027666
leaf_count=3034 47 247 92 62 28 35 40 61 10 24 36 16 33 75
internal_value=-0.000190013 0.00458129 0.00341742 0.0126175 1.03326e-05 0.0101243 -0.00628274 -0.016348 0.00443493 -0.00201361 0.00583987 -0.00494566 0.00684889 -0.00455207
internal_weight=34.4886 30.8109 29.8411 8.06451 21.7765 8.35262 13.4239 6.92265 6.50127 5.54485 4.55378 3.55127 6.77899 4.36171
internal_count=3840 806 559 142 417 127 290 164 126 86 76 52 80 103
is_linear=0
shrinkage=0.05


Tree=477
num_leaves=15
num_cat=0
split_feature=5 12 1 12 12 19 4 5 4 4 3 11 18 7
split_gain=1.51555 0.7109 0.546207 0.553584 0.684159 0.658516 0.597439 0.581584 0.59841 0.564775 1.37884 1.02555 0.746546 0.543451
threshold=0.95776068230679401 23.853941230049966 37.500000000000007 3.4897484138723192 1.9362899466125274 1.5000000000000002 -0.062542517006803064 1.2570494572073074 0.45605432303545612 0.029240140048792804 1.2776251526251527 -1.0000000180025095e-35 3.313197767145136 0.29217479674796759
decision_type=2 2 2 2 2 2 2 2 2 2 2 2 2 2
left_child=-1 2 3 4 5 7 -5 8 -2 10 11 -8 13 -11
right_child=1 -3 -4 6 -6 -7 9 -9 -10 12 -12 -13 -14 -15
leaf_value=-0.035385613251887091 -0.04146986104297716 0.041006933226168156 -0.038351452344859975 -0.02246955677720516 -0.028907386364449977 0.058328296339235225 -0.010579259745836449 0.046330513056988133 0.023348040901977927 -0.020832715704282804 -0.033982224533749307 0.048443795374737184 0.028505594346615499 0.0033210728991206633
leaf_weight=2.9767975858558193 1.0675581152900191 1.1220608447911207 0.87925802695099164 1.8510792634624547 2.9825786550645716 0.49279077176470298 0.96567535185022269 0.41874420590465877 0.53429350489750493 2.8672513826750246 0.9006410619476809 3.0937526277557508 2.4522967824595971 12.400554298423229
leaf_count=1627 214 479 165 137 636 14 39 10 7 68 26 79 85 254
internal_value=-0.00125988 0.00191184 0.000492489 0.00162992 -0.0127132 0.00650417 0.00484333 -0.0061349 -0.01985 0.00707252 0.0219858 0.0344031 0.0028981 -0.00121494
internal_weight=35.0053 32.0285 30.9065 30.0272 5.49597 2.51339 24.5313 2.0206 1.60185 22.6802 4.96007 4.05943 17.7201 15.2678
internal_count=3840 2213 1734 1569 881 245 688 231 221 551 144 118 407 322
is_linear=0
shrinkage=0.05


Tree=478
num_leaves=15
num_cat=0
split_feature=0 14 18 4 5 17 5 13 18 15 7 15 5 1
split_gain=0.700916 0.685081 0.56649 1.05866 0.531897 0.803058 1.75094 1.05294 0.789369 0.788519 1.16508 1.48891 1.14481 1.01911
threshold=6.5000000000000009 1.5000000000000002 2.8660714285714293 -0.034674981103552258 0.87454355411967166 0.18898809523809526 0.64584087887659691 30.500000000000004 0.6755681818181819 0.66915422885572151 0.57735042735042741 1.5303308823529413 0.55840840345674903 26.500000000000004
decision_type=2 2 2 2 2 2 2 2 2 2 2 2 2 2
left_child=-1 -2 4 -4 5 7 -7 8 -3 13 11 12 -11 -10
right_child=1 2 3 -5 -6 6 -8 -9 9 10 -12 -13 -14 -15
leaf_value=-0.040173137012418807 -0.040341395542037695 0.033923162137127448 0.031198968203822699 -0.04714687480192143 -0.0027442183870587575 0.023538390313358443 -0.042291734052627775 -0.032034128844547337 -0.00090212563517905523 0.03125995986733205 0.01708911501917533 0.030504119431836042 -0.031188675220043167 0.039055000826870287
leaf_weight=1.1057642870000552 1.0390679253323458 3.5007222724380069 0.6024116040207449 1.5170061468670599 35.767286967748078 1.7608466316014517 2.3691283952794038 1.4415328456670966 2.708138563786636 0.85098323062993397 6.7229276750585996 1.6784618045203386 5.333315169904381 3.8850690815597773
leaf_count=963 810 135 11 226 1090 10 99 50 57 11 192 17 126 43
internal_value=-0.000679401 -4.81094e-05 0.000566343 -0.0248783 0.0013832 0.00626324 -0.0142246 0.00950254 0.0119287 0.00829315 0.00180667 -0.0112603 -0.0225955 0.0226427
internal_weight=70.2827 69.1769 68.1378 2.11942 66.0184 30.2511 4.12998 26.1212 24.6796 21.1789 14.5857 7.86276 6.1843 6.59321
internal_count=3840 2877 2067 237 1830 740 109 631 581 446 346 154 137 100
is_linear=0
shrinkage=0.05


Tree=479
num_leaves=15
num_cat=0
split_feature=16 11 12 16 15 4 15 11 15 7 15 15 4 15
split_gain=1.86389 0.433709 0.397539 0.629386 0.562202 0.557109 0.56564 0.446842 0.798718 0.457266 0.878461 1.26342 1.04841 2.19755
threshold=1.0000000180025095e-35 0.12299854486245139 13.38548501164019 8.5000000000000018 1.5505050505050508 0.12184447496947547 1.4202037351443126 -0.055156251659889459 1.2540322580645162 0.81455026455026458 0.26365441906653431 0.40967365967365971 -0.051221223101055931 0.93513323983169716
decision_type=2 2 2 2 2 2 2 2 2 2 2 2 2 2
left_child=1 -1 3 4 5 6 7 -2 9 10 -9 -12 13 -13
right_child=2 -3 -4 -5 -6 -7 -8 8 -10 -11 11 12 -14 -15
leaf_value=-0.035492891366833292 -0.030090096008169004 0.012710221652997939 -0.022967478747385528 0.040677501618289154 0.021615547012144062 -0.027167669009457652 -0.025667781748966695 0.015997514532559137 0.036174753090799608 0.010782428178892771 -0.040873506313497357 0.04569196558075464 -0.015548053817537728 -0.022530452685275173
leaf_weight=4.1339106103114309 0.93170643225311778 0.52602625629515376 1.394933623028918 1.1477853992255393 3.7205488970503202 1.6516043592710037 1.68618081556633 4.9394432988483592 1.9339672187343229 11.532154934247954 2.4806169974617651 2.7157458928413662 5.7970503733959058 2.0878755941521376
leaf_count=2658 14 360 28 191 57 21 16 90 28 197 28 41 82 29
internal_value=-4.93779e-05 -0.0300516 0.00327784 0.00417903 0.00311784 0.0011931 0.00256654 0.00403509 0.00504486 0.00300769 -0.00196765 -0.00875123 -0.00123444 0.0160394
internal_weight=46.6796 4.65994 42.0196 40.6247 39.4769 35.7563 34.1047 32.4186 31.4869 29.5529 18.0207 13.0813 10.6007 4.80362
internal_count=3840 3018 822 794 603 546 525 509 495 467 270 180 152 70
is_linear=0
shrinkage=0.05


Tree=480
num_leaves=15
num_cat=0
split_feature=6 6 10 11 4 5 5 4 1 3 11 1 11 18
split_gain=0.85441 0.958699 0.458165 0.990055 0.810926 0.687748 1.05922 0.777613 0.615189 0.716391 0.63662 0.591318 0.686449 0.556702
threshold=2.5000000000000004 1.0000000180025095e-35 3.5000000000000004 -1.0000000180025095e-35 -0.20039889829805868 0.72849595197769956 0.77810787933675118 0.019075851684547434 39.500000000000007 0.78812840505007675 0.072438221252411714 33.500000000000007 0.095345011758259116 1.3352059925093636
decision_type=2 2 2 2 2 2 2 2 2 2 2 2 2 2
left_child=1 -1 4 -4 13 -5 -7 11 10 -10 -6 12 -8 -2
right_child=2 -3 3 5 8 6 7 -9 9 -11 -12 -13 -14 -15
leaf_value=0.0032857040000416615 -0.0075289403321863058 -0.040206689959868563 0.063092959078740504 -0.050365842069012151 0.0026060890308348089 0.084870043915348733 0.0058759211295591005 0.043080880553649795 -0.017735576103185387 0.0395956622644799 -0.023250113970620725 0.031939176569750254 -0.043384107393270893 -0.052289907126290142
leaf_weight=2.5226526316255322 1.8806990819284686 2.5456736366613768 0.9281908074626698 0.472430061083286 57.619835989375133 0.46251292782835651 1.5901281102560467 1.0731449795421211 0.72841834928840343 2.162627370795235 2.4832222261466077 0.82811004272662092 1.2737348185619337 1.1014881287701426
leaf_count=48 52 2029 22 7 1374 13 24 22 27 94 42 28 48 10
internal_value=0.0012888 -0.0185593 0.00267433 0.0152056 0.0014154 0.00740763 0.0126287 0.00561682 0.0026215 0.0251507 0.00153781 -0.00527285 -0.016033 -0.0240617
internal_weight=77.6729 5.06833 72.6045 6.62825 65.9763 5.70006 5.22763 4.76512 62.9941 2.89105 60.1031 3.69197 2.86386 2.98219
internal_count=3840 2077 1763 164 1599 142 135 122 1537 121 1416 100 72 62
is_linear=0
shrinkage=0.05


Tree=481
num_leaves=15
num_cat=0
split_feature=10 11 11 5 5 5 11 5 2 12 17 6 7 2
split_gain=2.516 0.493391 0.463154 0.337106 0.367198 0.443701 0.6447 0.586957 0.733206 0.939652 0.730996 0.618548 0.590039 0.549052
threshold=1.5000000000000002 0.19000905873514459 -0.0041455337260741789 0.66659847376831338 0.71567345084872613 0.78923268581479311 0.15061696831342566 1.1798472407031921 2.0160511266724401 4.8045639978882413 0.63961038961038974 4.5000000000000009 0.26931366047745364 2.3211184432307324
decision_type=2 2 2 2 2 2 2 2 2 2 2 2 2 2
left_child=-1 2 -2 -4 -5 -6 7 8 9 10 -7 12 -10 -14
right_child=1 -3 3 4 5 6 -8 -9 11 -11 -12 -13 13 -15
leaf_value=-0.040160243613337976 -0.036573745332785422 0.040382104238055411 -0.022105228687526665 0.039452905274075419 -0.020314301851011435 0.031574272975275083 0.042531461651661273 -0.01186672474068827 -0.041542805906512381 -0.01387058158394215 -0.010900248545353793 0.025467697793497664 -0.017308527866710107 0.011359156627269017
leaf_weight=3.5154679315164676 0.70756073857774637 0.92987493996042658 1.1535450876690472 0.77325081871822732 1.6874564981553728 6.7927064090035945 1.1627121395431448 4.4991426747874348 1.1052225905004869 1.9015219875145701 1.1905091758817432 1.7150368201546369 3.1511076987953857 3.5538877631770447
leaf_count=3034 40 247 22 14 37 135 53 84 13 24 10 16 50 61
internal_value=-0.00011836 0.00452378 0.00338939 0.00437511 0.00548456 0.004503 0.00617332 0.00440521 0.00817696 0.0177165 0.0252402 -0.00172257 -0.00769324 -0.00211363
internal_weight=33.839 30.3235 29.3937 28.6861 27.5326 26.7593 25.0718 23.9091 19.41 9.88474 7.98322 9.52525 7.81022 6.705
internal_count=3840 806 559 519 497 483 446 393 309 169 145 140 124 111
is_linear=0
shrinkage=0.05


Tree=482
num_leaves=15
num_cat=0
split_feature=13 2 12 0 5 1 5 6 5 14 1 15 1 6
split_gain=1.44956 0.795639 0.77319 0.555684 0.508373 0.425896 0.457784 0.504252 0.376248 0.502435 0.672752 1.14387 0.641314 0.716993
threshold=3.5000000000000004 0.85039384551116426 23.853941230049966 3.5000000000000004 1.2570494572073074 37.500000000000007 1.9632013168378839 4.5000000000000009 1.8539532060947088 5.5000000000000009 18.500000000000004 1.1438923395445137 29.500000000000004 1.5000000000000002
decision_type=2 2 2 2 2 2 2 2 2 2 2 2 2 2
left_child=2 -2 5 4 -3 6 8 -8 9 12 -11 -12 13 -1
right_child=1 3 -4 -5 -6 -7 7 -9 -10 10 11 -13 -14 -15
leaf_value=-0.012528546808174158 0.025979966095824869 -0.04021431592375313 0.041937773402043098 -0.0393841243522721 0.055642056249686649 -0.03752307123244028 0.043158821961230096 -0.010766588033617458 -0.027715554973257051 0.025801390298069934 -0.025628893838648661 0.025964554807505431 -0.046316209633889993 0.0095209847797409035
leaf_weight=7.1117483974667408 0.65643563400953908 0.24595213966676954 1.2250538485241111 4.0219078960217303 0.31606966070830822 0.68714304809691285 1.3270914031891141 0.64382653031498183 1.1268895199755196 4.2166730674798583 2.3707087569637224 1.9645728414179755 0.82807995559414926 7.6557171586318873
leaf_count=192 10 160 480 2317 9 30 84 9 22 123 61 45 24 274
internal_value=-0.00129258 -0.0255038 0.0030588 -0.0328765 0.0136934 0.00135366 0.00233415 0.0255434 0.000524279 0.00184215 0.0115818 -0.00224885 -0.00349865 -0.00109768
internal_weight=34.3979 5.24037 29.1575 4.58393 0.562022 27.9325 27.2453 1.97092 25.2744 24.1475 8.55195 4.33528 15.5955 14.7675
internal_count=3840 2496 1344 2486 169 864 834 93 741 719 229 106 490 466
is_linear=0
shrinkage=0.05


Tree=483
num_leaves=15
num_cat=0
split_feature=0 14 2 0 5 13 16 2 0 4 3 18 3 7
split_gain=0.667862 0.655281 0.547141 1.4483 1.3154 1.05105 0.828135 0.849395 1.58172 2.00666 0.925214 0.999016 0.879581 0.996122
threshold=6.5000000000000009 1.5000000000000002 1.4184415364725895 9.5000000000000018 0.73332965540434614 30.500000000000004 5.5000000000000009 1.7356503737165674 10.500000000000002 0.056669794354523483 0.75560481847080485 1.3962940212940216 1.4728571428571431 0.69208407871198585
decision_type=2 2 2 2 2 2 2 2 2 2 2 2 2 2
left_child=-1 -2 3 -3 -5 6 7 8 9 10 11 -4 13 -9
right_child=1 2 5 4 -6 -7 -8 12 -10 -11 -12 -13 -14 -15
leaf_value=-0.040167144136212078 -0.040338294145364273 -0.032757738550379112 -0.024537738430587156 0.042893188004084835 -0.0092419184819645915 -0.034334642808605743 -0.040728198928986464 -0.011420063610295137 -0.015423626921860292 -0.021452925887732566 0.038775830896958477 0.044140955044131527 0.023865049892410038 0.0057125020883769728
leaf_weight=1.0541018339572463 0.99513199912325845 4.1725498667801713 1.3460192001657589 1.6964737535454331 4.217955114407232 1.8800130200106639 1.0301743730378792 15.544659094273809 3.5638763364695469 2.1808713566861107 8.4108326656278205 0.87288077408447851 3.6147026718535917 18.678950002533384
leaf_count=963 810 181 50 18 176 98 142 537 99 101 108 5 104 448
internal_value=-0.000672183 -6.17929e-05 0.000534554 -0.0102011 0.00571233 0.00243029 0.00368146 0.00452536 0.0140392 0.0222357 0.0311991 0.00247939 0.000408253 -0.00206926
internal_weight=69.2592 68.2051 67.21 10.087 5.91443 57.123 55.243 54.2128 16.3745 12.8106 10.6297 2.2189 37.8383 34.2236
internal_count=3840 2877 2067 375 194 1692 1594 1452 363 264 163 55 1089 985
is_linear=0
shrinkage=0.05


Tree=484
num_leaves=15
num_cat=0
split_feature=16 5 13 4 11 8 18 12 4 13 7 7 14 19
split_gain=1.74783 0.433677 0.483147 0.438263 0.40219 0.633967 0.871331 0.478316 0.798117 0.808219 0.934465 1.16556 0.889808 0.840533
threshold=1.0000000180025095e-35 1.1886417238943825 3.5000000000000004 -0.0091996803109132795 -0.016569704534639292 1.0000000180025095e-35 0.70080645161290334 3.3653468183733675 -0.26675651392632543 12.500000000000002 1.0977379323822554 0.075657894736842118 5.5000000000000009 1.5000000000000002
decision_type=2 2 2 2 2 2 2 2 2 2 2 2 2 2
left_child=1 -1 -3 -4 5 6 -2 8 -6 10 11 -10 -11 -13
right_child=4 2 3 -5 7 -7 -8 -9 9 12 -12 13 -14 -15
leaf_value=-0.040148345249301221 0.045923270467792765 -0.040276833342996886 -0.040374263576339178 0.042036250759393982 0.047234116378169051 0.02553434622029694 -0.023426157150900975 -0.0054084637747506747 0.0206506631962079 0.039661171487225186 0.030149869778946178 -0.025765585449377605 -0.0012417622470124701 0.019550275158327128
leaf_weight=3.096710416750283 0.60174465534510035 0.60733334950054974 0.22432838985696435 0.57444681413471699 1.1237434139475251 4.3953764620237052 1.8315716120414434 16.0107067595236 2.4794279821217078 2.7620727553730822 1.7681160728679959 6.5745224355487153 2.5637874951353297 1.2119034124771131
leaf_count=2185 43 713 87 33 20 110 36 249 26 71 46 133 65 23
internal_value=-0.000110904 -0.0296922 -0.00666447 0.018892 0.00311247 0.014199 -0.00627646 0.000917719 0.00639754 0.00375409 -0.00342307 -0.00920542 0.0199711 -0.0187125
internal_weight=45.8258 4.50282 1.40611 0.798775 41.323 6.82869 2.43332 34.4943 18.4836 17.3598 12.034 10.2659 5.32586 7.78643
internal_count=3840 3018 833 120 822 189 79 633 384 364 228 182 136 156
is_linear=0
shrinkage=0.05


Tree=485
num_leaves=15
num_cat=0
split_feature=6 1 3 3 6 7 8 15 7 7 15 2 3 5
split_gain=0.802512 0.939406 0.466569 0.730336 0.544695 0.488485 1.08109 0.7412 0.637439 1.47484 1.29629 1.08555 1.18643 1.04092
threshold=2.5000000000000004 4.5000000000000009 0.52548701298701317 0.50125628140703526 5.5000000000000009 1.0241841491841495 1.0000000180025095e-35 0.05634920634920635 0.099050632911392419 0.26931366047745364 1.9045454545454548 1.7187187333386496 1.2702152267927187 0.85375611407220309
decision_type=2 2 2 2 2 2 2 2 2 2 2 2 2 2
left_child=1 -1 3 4 -2 8 -7 -8 10 -10 -4 12 13 -11
right_child=2 -3 5 -5 -6 6 7 -9 9 11 -12 -13 -14 -15
leaf_value=0.0022707619663655618 -0.012127209155458098 -0.041473291053793861 -0.0030633127440335647 -0.045775230622200139 0.043666475162498025 0.043604627128963035 0.023435404856298473 -0.035880737445579361 0.028774895698176609 -0.036623455739444748 0.057398436365659826 0.012047386097598405 0.024000042497874439 -0.0026524881890410542
leaf_weight=2.6195565936650373 1.8008772903122006 2.3092335966503015 26.839640153106306 1.2503065988421438 0.57779486197978247 0.69825508689973403 0.64968924759887192 2.7811539130634628 7.4841149928979567 3.6231139347655716 0.91678556991973792 16.830485740327276 2.3736655148677519 5.9715778571553528
leaf_count=198 70 1879 652 8 11 37 30 102 210 40 28 420 49 106
internal_value=0.00129261 -0.0182242 0.00263241 -0.0148368 0.00142544 0.00356239 -0.0131062 -0.0246482 0.00463714 0.00900025 -0.00106628 0.0038613 -0.00765037 -0.0154805
internal_weight=76.7263 4.92879 71.7975 3.62898 2.37867 68.1685 4.1291 3.43084 64.0394 36.283 27.7564 28.7988 11.9684 9.59469
internal_count=3840 2077 1763 89 81 1674 169 132 1505 825 680 615 195 146
is_linear=0
shrinkage=0.05


Tree=486
num_leaves=15
num_cat=0
split_feature=10 11 11 1 4 10 12 11 11 1 11 6 2 18
split_gain=2.40251 0.471747 0.426377 0.343398 0.576547 0.685771 0.859564 0.6381 0.589073 0.760125 0.448322 0.490179 0.451661 0.427364
threshold=1.5000000000000002 0.19000905873514459 -0.0041455337260741789 13.500000000000002 -0.14250723581357902 3.5000000000000004 2.169157341998281 0.072438221252411714 0.11400737744892402 21.500000000000004 0.044538304309147937 1.5000000000000002 2.0331595646116862 1.0722996515679444
decision_type=2 2 2 2 2 2 2 2 2 2 2 2 2 2
left_child=-1 2 -2 10 -5 6 -6 -8 -7 -10 11 -4 -12 -9
right_child=1 -3 3 4 5 8 7 13 9 -11 12 -13 -14 -15
leaf_value=-0.040154176947805688 -0.035805698271214673 0.040375930029930091 0.016721630733294395 0.030322461195575186 -0.037395854842582503 -0.037072261996520299 -0.0091122079875823308 0.0044252411715438554 -0.032968708275561635 0.013486453353019746 0.040788446662037736 -0.0076727775358875917 0.0078441132458438555 0.034339647528475736
leaf_weight=3.3670294661642393 0.68039430642966792 0.88453479058807616 3.8648274773731845 1.3709681965410769 1.0241947323083787 2.2127998284995547 2.4972352259792387 2.0411166179692373 1.4359254229348155 2.2767060813494027 2.0220327036222434 4.4079182199202478 2.1429915940389037 2.8764886513818055
leaf_count=3034 40 247 54 33 16 73 39 60 15 42 49 52 35 51
internal_value=-0.000123905 0.00440843 0.00330581 0.00425037 -0.000657383 -0.00361415 0.00554022 0.0114709 -0.0166519 -0.0044809 0.0104593 0.0037237 0.0238379 0.0219233
internal_weight=33.1052 29.7381 28.8536 28.1732 15.7354 14.3645 8.43904 7.41484 5.92543 3.71263 12.4378 8.27275 4.16502 4.91761
internal_count=3840 806 559 519 329 296 166 150 130 57 190 106 84 111
is_linear=0
shrinkage=0.05


Tree=487
num_leaves=15
num_cat=0
split_feature=5 12 6 12 3 3 6 15 14 7 7 11 11 8
split_gain=1.39395 0.641308 0.531496 0.551097 0.53406 0.796363 1.11462 0.647123 0.697669 0.519513 0.663368 0.840851 0.632893 0.697655
threshold=0.95776068230679401 23.853941230049966 8.5000000000000018 4.8045639978882413 1.0782781862745101 1.0835034013605445 1.5000000000000002 0.53066332916145187 5.5000000000000009 0.96578947368421064 0.57735042735042741 0.023736106886675743 -0.016163316564473281 1.0000000180025095e-35
decision_type=2 2 2 2 2 2 2 2 2 2 2 2 2 2
left_child=-1 2 3 4 7 -6 -7 8 -2 10 11 12 -5 -14
right_child=1 -3 -4 9 5 6 -8 -9 -10 -11 -12 -13 13 -15
leaf_value=-0.035340093241848052 -0.017868430810170109 0.040942545568435934 -0.060761225825841349 -0.0057082496282935815 0.068819242617342777 0.026429359755001741 -0.032077122999167221 -0.040049403417073366 0.035793761178835121 -0.0012251565849250353 0.036544897875491748 -0.02815616301339496 0.0536432622143879 0.0046653655987240585
leaf_weight=2.7624477976059998 2.5288313100318285 1.0084381353808556 0.35098802411812258 2.0117266429588199 0.43978132918709922 1.6259207603288817 1.6303550367447313 2.1837001590756699 0.79645590478321526 11.705303083057514 2.5166034737776499 1.3900345941656267 1.5546415721764808 1.3658702950342556
leaf_count=1627 426 479 7 40 8 56 256 446 46 295 67 39 16 32
internal_value=-0.00130147 0.00172116 0.000407139 0.00112882 -0.00903783 0.0056656 -0.00286372 -0.0189026 -0.00501554 0.00568409 0.014834 0.0061919 0.0158721 0.0307372
internal_weight=33.8711 31.1087 30.1002 29.7492 9.20504 3.69606 3.25628 5.50899 3.32529 20.5442 8.83888 6.32227 4.93224 2.92051
internal_count=3840 2213 1734 1727 1238 320 312 918 472 489 194 127 88 48
is_linear=0
shrinkage=0.05


Tree=488
num_leaves=15
num_cat=0
split_feature=0 14 12 7 3 16 18 18 12 11 11 12 5 1
split_gain=0.638312 0.625402 0.538641 0.799047 0.724924 0.759621 0.796493 1.21977 0.660462 0.557847 0.796389 0.557829 0.570919 1.28284
threshold=6.5000000000000009 1.5000000000000002 4.4923343301018823 0.11112409831685814 0.55712530712530728 1.0000000180025095e-35 1.9508064516129033 1.8672955974842769 8.5772155017046448 0.021710739180298425 0.0040012715752230652 4.4216367364106945 0.6101196609334637 19.500000000000004
decision_type=2 2 2 2 2 2 2 2 2 2 2 2 2 2
left_child=-1 -2 11 -4 -5 6 7 8 9 10 -6 12 13 -3
right_child=1 2 3 4 5 -7 -8 -9 -10 -11 -12 -13 -14 -15
leaf_value=-0.040161112733012649 -0.040325141322294596 -0.02442569505164887 -0.039656113311840518 0.03481059697159123 -0.0070675146551783807 -0.036608099343290672 -0.044631700208682804 0.046177103337563835 -0.041716459228920998 -0.027194621951113204 0.044744697367262123 0.03335166455729998 0.00014870577390955404 0.033223973654446355
leaf_weight=1.0072218470450014 0.95076136020361346 1.3120279475115229 1.8028326638450369 1.0983183183707286 1.8490170245058819 1.8745989508752243 0.92235975753283117 1.4136596443131564 1.0450633880682287 1.1413882646884301 1.238373414147645 1.4423534600064147 47.541720354522113 3.6481437823968008
leaf_count=963 810 36 71 32 39 64 240 9 117 40 12 16 1309 82
internal_value=-0.000652009 -6.05391e-05 0.000516607 -0.00888666 -0.00364493 -0.00809815 -0.00107506 0.0049324 -0.00612329 0.00267289 0.0137147 0.0026756 0.00183286 0.0179749
internal_weight=68.2878 67.2806 66.3299 12.3856 10.5828 9.48446 7.60986 6.6875 5.27384 4.22878 3.08739 53.9442 52.5019 4.96017
internal_count=3840 2877 2067 624 553 521 457 217 208 91 51 1443 1427 118
is_linear=0
shrinkage=0.05


Tree=489
num_leaves=15
num_cat=0
split_feature=16 11 13 3 15 2 17 11 16 15 11 7 12 17
split_gain=1.67287 0.413509 0.389068 1.32742 1.02859 0.864438 0.713595 0.779781 0.840121 1.73315 0.988992 0.966504 0.691239 1.07379
threshold=1.0000000180025095e-35 0.12299854486245139 19.500000000000004 1.0176177273855831 0.83156028368794332 1.5872720876018218 0.097619047619047633 0.0025518886150095181 4.5000000000000009 0.21583850931677021 -0.03118581763115685 0.56342821782178232 2.3256164358571501 0.23303167420814483
decision_type=2 2 2 2 2 2 2 2 2 2 2 2 2 2
left_child=1 -1 6 4 5 -4 -2 8 9 -8 -10 -11 -9 -14
right_child=2 -3 3 -5 -6 -7 7 12 10 11 -12 -13 13 -15
leaf_value=-0.0353528103169473 -0.031368158669611471 0.012987333757322434 -0.024855518155487002 0.04213049597144617 -0.0207677916965027 0.037502283003648031 -0.034309533024128619 0.016750843975647443 -0.017127594497230756 -0.0088497568368070753 0.03674001529091598 0.028393282498676922 -0.038187313715048132 -0.0029530885739806755
leaf_weight=3.8149676980974609 1.6681036665104318 0.50042439687240392 0.75633159722201382 2.6174362768651918 3.0608500287635252 2.0957987944129854 2.509829217335211 2.7972464768681666 1.0613483595661781 2.8592117135412991 4.3213593412074287 4.4583297101780772 2.7749442830681792 9.7954505401430634
leaf_count=2658 32 360 11 33 74 58 33 66 45 40 171 48 40 171
internal_value=-0.000143453 -0.0297472 0.00298954 0.0124853 -0.000637389 0.0209662 0.000477491 0.00221476 0.0102406 0.00154387 0.0261185 0.0138412 -0.00572881 -0.0107311
internal_weight=45.0916 4.31539 40.7762 8.53042 5.91298 2.85213 32.2458 30.5777 15.2101 9.82737 5.38271 7.31754 15.3676 12.5704
internal_count=3840 3018 822 176 143 69 646 614 337 121 216 88 277 211
is_linear=0
shrinkage=0.05


Tree=490
num_leaves=15
num_cat=0
split_feature=6 6 3 3 6 15 15 4 18 4 3 3 11 7
split_gain=0.754298 0.907779 0.43803 0.680029 0.509151 0.499962 1.11078 0.846472 0.990528 0.809872 1.224 0.751497 0.734334 1.29524
threshold=2.5000000000000004 1.0000000180025095e-35 0.52548701298701317 0.50125628140703526 5.5000000000000009 1.4693366708385485 1.4031250000000002 0.18922466422466327 2.2540322580645165 0.16171380833034957 2.0152997583222896 0.99863013698630143 -1.0000000180025095e-35 0.62387724550898216
decision_type=2 2 2 2 2 2 2 2 2 2 2 2 2 2
left_child=1 -1 3 4 -2 6 9 8 11 12 -11 -7 13 -4
right_child=2 -3 5 -5 -6 7 -8 -9 -10 10 -12 -13 -14 -15
leaf_value=0.0032913576249269452 -0.011911149338521105 -0.04019933519883049 0.018381216906603295 -0.044874344750317229 0.042804563128632733 0.02002959923677464 0.048818913601400143 -0.030893826914484904 0.041647600547459668 0.044641721322093798 -0.0045016991883542164 -0.020139045799591193 -0.0021238076575739295 -0.012733799870672639
leaf_weight=2.4584953840821973 1.7680852083722127 2.3436575501909829 13.139176059106825 1.2171193589456377 0.55978023726493109 1.718162503791971 1.4218167717335735 2.7011114845518023 1.289226346183568 2.8766957403859115 2.2644036618294194 3.6125463250209577 33.861924596363686 4.4867762116482472
leaf_count=48 70 2029 429 8 11 53 35 58 39 83 64 85 749 79
internal_value=0.00124369 -0.017934 0.00254231 -0.0145886 0.0012463 0.00344371 0.00516966 -0.00730536 0.00231937 0.00407373 0.0229964 -0.00719213 0.00218428 0.0104607
internal_weight=75.719 4.80215 70.9168 3.54498 2.32787 67.3718 58.0508 9.32105 6.61994 56.629 5.1411 5.33071 51.4879 17.626
internal_count=3840 2077 1763 89 81 1674 1439 235 177 1404 147 138 1257 508
is_linear=0
shrinkage=0.05


Tree=491
num_leaves=15
num_cat=0
split_feature=10 11 11 4 12 12 3 18 3 1 2 2 4 5
split_gain=2.29667 0.452234 0.405961 0.325761 1.03379 0.578319 0.744824 0.578673 0.567927 0.789506 0.75448 0.879879 0.554291 0.456928
threshold=1.5000000000000002 0.19000905873514459 -0.0041455337260741789 -0.10914862914862974 4.1908123719209316 3.3542239315120468 0.66866084834834849 1.9968750000000002 0.78583659491193758 22.500000000000004 1.6244247221943426 2.3042489880403836 -0.026745350500715151 1.0259410928938058
decision_type=2 2 2 2 2 2 2 2 2 2 2 2 2 2
left_child=-1 2 -2 4 13 6 -5 -7 -8 10 -10 12 -12 -4
right_child=1 -3 3 5 -6 7 8 -9 9 -11 11 -13 -14 -15
leaf_value=-0.040149630393472059 -0.035402699775212605 0.04036170030876976 0.032474220676128686 -0.051374194591982697 -0.01698565772734242 0.014827254704223259 0.030141007992746251 -0.018875390810339645 0.027961922878914299 -0.033767460794248062 -0.0013309230265022938 0.018614473351771542 -0.047455583091209508 -0.00024085312066266884
leaf_weight=3.2211851843821924 0.66309314119280927 0.84579541010316361 4.1786604635417559 0.88115844270213983 2.1028874991461635 8.1948922555893642 1.1187066521961231 1.5080063552595664 1.8572416470851729 2.1662677720887586 1.1310189228970611 1.6438008652767164 1.5358012330252624 1.4334416387137023
leaf_count=3034 40 247 94 21 25 144 28 29 28 49 20 22 23 36
internal_value=-7.83561e-05 0.00433291 0.00326048 0.00418428 0.0129144 0.000822843 -0.0074082 0.00958925 -0.00330986 -0.00780003 0.00132021 -0.0101584 -0.0278938 0.0241181
internal_weight=32.482 29.2608 28.415 27.7519 7.71499 20.0369 10.334 9.7029 9.45284 8.33413 6.16786 4.31062 2.66682 5.6121
internal_count=3840 806 559 519 155 364 191 173 170 142 93 65 43 130
is_linear=0
shrinkage=0.05


Tree=492
num_leaves=15
num_cat=0
split_feature=5 5 11 12 17 14 19 4 7 8 11 11 5 18
split_gain=1.33183 0.617755 0.579066 0.630192 0.604152 0.67429 0.69854 1.01332 0.601264 0.961731 0.934933 0.724878 0.533398 0.506048
threshold=0.95776068230679401 1.9632013168378839 0.091371893954874342 20.244350546088853 0.4045454545454546 5.5000000000000009 1.0000000180025095e-35 -0.011037477053492421 0.58434959349593507 1.0000000180025095e-35 -0.02126928654793955 -0.00030406150335676724 1.8955646847729906 3.7565789473684217
decision_type=2 2 2 2 2 2 2 2 2 2 2 2 2 2
left_child=-1 2 3 4 5 6 13 -8 9 10 -7 -11 -6 -2
right_child=1 -3 -4 -5 12 8 7 -9 -10 11 -12 -13 -14 -15
leaf_value=-0.035164363142369412 -0.013949921013980996 0.026015840557721461 -0.028987204619291652 0.042343742248118266 -0.03460400848678049 -0.049943139314893102 -0.013790300950191296 0.035711905526146441 0.026188251167379318 0.0050775358993033932 0.03616000069762209 -0.052735252706964934 0.051242080026508811 0.033847344206958188
leaf_weight=2.6581188814889165 9.8594712605409001 2.4127177618793203 1.6606891521951173 0.90971624286612396 1.834859878959832 0.37517955563089378 1.9132608730287755 2.2490186403738326 4.4181480415863916 1.0869106329919307 1.9743487210944275 1.0818900492158716 0.20074301958084095 0.58671862818300802
leaf_count=1627 510 402 225 213 224 21 137 68 162 71 79 82 1 18
internal_value=-0.00121762 0.00173473 -0.000346318 0.00144919 -5.13036e-06 0.00225423 -0.00436375 0.0129574 0.0130727 0.000247855 0.0224108 -0.0237619 -0.0261382 -0.0112653
internal_weight=33.2218 30.5637 28.151 26.4903 25.5805 23.5449 14.6085 4.16228 8.93648 4.51833 2.34953 2.1688 2.0356 10.4462
internal_count=3840 2213 1811 1586 1373 1148 733 205 415 253 100 153 225 528
is_linear=0
shrinkage=0.05


Tree=493
num_leaves=15
num_cat=0
split_feature=0 14 18 4 5 2 0 17 5 13 18 15 7 15
split_gain=0.609756 0.596439 0.526187 0.958491 0.506654 0.764757 0.757855 0.74362 1.58232 0.915181 0.718931 0.695399 1.07662 1.37974
threshold=6.5000000000000009 1.5000000000000002 2.8660714285714293 -0.034674981103552258 0.87454355411967166 2.5914022397130965 7.5000000000000009 0.18898809523809526 0.64584087887659691 30.500000000000004 0.6755681818181819 0.66915422885572151 0.57735042735042741 1.5303308823529413
decision_type=2 2 2 2 2 2 2 2 2 2 2 2 2 2
left_child=-1 -2 4 -4 7 6 -6 9 -9 10 -3 -12 13 -13
right_child=1 2 3 -5 5 -7 -8 8 -10 -11 11 12 -14 -15
leaf_value=-0.040157891074601472 -0.040315045737408642 0.033158000796134159 0.030020022807794949 -0.046680401235151069 -0.029232342088325397 -0.037884304107757318 0.00078871734463733059 0.022604388050189925 -0.042150243988478595 -0.031035557103717623 0.02166425700591992 -0.02238480721801249 0.016791782702640225 0.029495228123068457
leaf_weight=0.96438657196995237 0.90987448404484794 3.3116591500584134 0.5697521590627731 1.4286909744550926 2.256395888660335 1.4899094399297599 30.762154687254224 1.6542801987379783 2.1953246499178931 1.3324687448039174 6.4141567352926385 5.8788278408464958 6.4307881755521521 1.6388035751879213
leaf_count=963 810 135 11 226 143 115 832 10 99 50 100 137 192 17
internal_value=-0.000686241 -0.000111861 0.000447778 -0.0248133 0.00124448 -0.00284398 -0.00126284 0.00613375 -0.0143234 0.00928299 0.0115523 0.00803841 0.00177259 -0.0110752
internal_weight=67.2375 66.2731 65.3632 1.99844 63.3648 34.5085 33.0186 28.8563 3.8496 25.0067 23.6742 20.3626 13.9484 7.51763
internal_count=3840 2877 2067 237 1830 1090 975 740 109 631 581 446 346 154
is_linear=0
shrinkage=0.05


Tree=494
num_leaves=15
num_cat=0
split_feature=16 5 5 13 3 15 2 17 11 16 15 11 7 12
split_gain=1.59615 0.406746 0.438383 0.379212 1.25216 0.953889 0.795653 0.670097 0.725649 0.801126 1.62385 0.930255 0.889798 0.693032
threshold=1.0000000180025095e-35 1.1886417238943825 1.2689484061319853 19.500000000000004 1.0176177273855831 0.83156028368794332 1.5872720876018218 0.097619047619047633 0.0025518886150095181 4.5000000000000009 0.21583850931677021 -0.03118581763115685 0.56342821782178232 9.1781814677969695
decision_type=2 2 2 2 2 2 2 2 2 2 2 2 2 2
left_child=1 -1 -3 7 5 6 -5 -2 9 10 -9 -11 -12 -13
right_child=3 2 -4 4 -6 -7 -8 8 -10 11 12 13 -14 -15
leaf_value=-0.040138970177843292 -0.030699332894460685 0.018324159474342069 -0.040261782161585491 -0.02339664895064672 0.041524664993017539 -0.019902920552467635 0.036944036136364426 -0.033593112454134148 -0.005541179989315732 -0.016279641315234749 -0.0084304426136816921 0.043502751822787546 0.027530161814307716 -0.021045469638145811
leaf_weight=2.8582250996696521 1.6373980781063462 0.75430179751128867 0.55368958992767148 0.74754345160908853 2.5626449828851037 3.0187490429962054 2.029511418833863 2.4638862686697411 15.208920107921584 1.0533053663675671 2.8309405078180134 3.7198523670667774 4.3842313308268785 0.46817554906010617
leaf_count=2185 32 134 699 11 33 74 58 33 277 45 40 165 48 6
internal_value=-0.000113645 -0.0295704 -0.00647602 0.00294487 0.0124209 -0.000447495 0.0207012 0.000451539 0.00214445 0.00997871 0.00145292 0.0257231 0.0134207 0.036287
internal_weight=44.2914 4.16622 1.30799 40.1252 8.35845 5.7958 2.77705 31.7667 30.1293 14.9204 9.67906 5.24133 7.21517 4.18803
internal_count=3840 3018 833 822 176 143 69 646 614 337 121 216 88 171
is_linear=0
shrinkage=0.05


Tree=495
num_leaves=15
num_cat=0
split_feature=6 1 17 10 11 4 5 5 4 1 1 11 11 18
split_gain=0.718563 0.873927 0.461875 0.438218 0.8624 0.745981 0.672315 0.931826 0.686144 0.559633 0.540015 0.643654 0.530753 0.529016
threshold=2.5000000000000004 4.5000000000000009 0.26969696969696971 3.5000000000000004 -1.0000000180025095e-35 -0.20039889829805868 0.72849595197769956 0.77810787933675118 0.019075851684547434 43.500000000000007 33.500000000000007 0.095345011758259116 0.072438221252411714 1.3352059925093636
decision_type=2 2 2 2 2 2 2 2 2 2 2 2 2 2
left_child=1 2 -1 5 -5 13 -6 -8 10 12 11 -9 -7 -2
right_child=3 -3 -4 4 6 9 7 8 -10 -11 -12 -13 -14 -15
leaf_value=0.010739354994707982 -0.007237097900568929 -0.041471365591872804 -0.049604519579545786 0.061258909421496734 -0.050307053029555737 0.00289589769061661 0.081714228989831619 0.00610319772945215 0.042200406007790153 0.044867730428110514 0.031739249831071022 -0.04312689486991908 -0.02011955643117996 -0.051800143643812448
leaf_weight=2.1808568700362225 1.8028184288414189 2.1199698499694932 0.37105288798920799 0.8711497634067199 0.45784742687828739 57.474646707065403 0.44899585610255588 1.5525206159800298 1.0250658707227556 0.76722561049973492 0.80253440444357682 1.1600422424962742 2.6190613850485525 1.0561147206462917
leaf_count=157 52 1879 41 22 7 1453 13 24 22 40 28 48 44 10
internal_value=0.00124095 -0.0177451 0.00196523 0.00250741 0.0150674 0.00126202 0.00767995 0.0130013 0.00620602 0.00243457 -0.00429059 -0.0149503 0.00189282 -0.0236991
internal_weight=74.7099 4.67188 2.55191 70.038 6.31816 63.7199 5.44701 4.98916 4.54016 60.8609 3.5151 2.71256 60.0937 2.85893
internal_count=3840 2077 198 1763 164 1599 142 135 122 1537 100 72 1497 62
is_linear=0
shrinkage=0.05


Tree=496
num_leaves=15
num_cat=0
split_feature=10 11 11 1 11 5 13 10 1 12 11 18 11 4
split_gain=2.18407 0.435321 0.41502 0.337618 0.437134 0.518089 0.442037 0.435783 0.989853 0.808203 0.64165 0.533302 0.559264 0.492974
threshold=1.5000000000000002 -0.0080263752823453421 0.19000905873514459 12.500000000000002 0.044538304309147937 1.0496366737918306 3.5000000000000004 3.5000000000000004 17.500000000000004 2.169157341998281 0.072438221252411714 1.4188596491228072 0.11400737744892402 -0.10914862914862974
decision_type=2 2 2 2 2 2 2 2 2 2 2 2 2 2
left_child=-1 -2 3 4 6 -6 -3 9 -9 -5 -11 12 13 -10
right_child=1 2 -4 7 5 -7 -8 8 11 10 -12 -13 -14 -15
leaf_value=-0.04014483101403081 -0.043126110240792041 0.014122985935745356 0.040347442522320622 -0.035943083454472141 0.037254142767042468 -0.0013522894285335103 -0.009313713813846913 -0.061488934484037305 0.014581994930956627 -0.0088849889699822351 0.022156437835709742 -0.034879550641927923 0.018335053028797066 -0.034673613604228895
leaf_weight=3.0763964887373758 0.47822431640816176 4.5065324916504377 0.80583772563841094 0.98922151373699119 2.5464350767433639 1.3192122110631315 3.6344635402783751 0.83090143837034602 0.82962585799396071 2.462354292278178 5.1396096817916259 1.0942406262038273 2.8149173157289624 1.3102856122422961
leaf_count=3034 34 65 247 16 57 21 43 21 9 42 132 35 48 36
internal_value=-0.000102845 0.00418008 0.00497995 0.00394273 0.0102341 0.0240791 0.00365991 -0.000939759 -0.010317 0.00656973 0.0121018 -0.00328806 0.00368871 -0.0155776
internal_weight=31.8383 28.7619 28.2836 27.4778 12.0066 3.86565 8.141 15.4712 6.87997 8.59119 7.60196 6.04907 4.95483 2.13991
internal_count=3840 806 772 525 186 78 108 339 149 190 174 128 93 45
is_linear=0
shrinkage=0.05


Tree=497
num_leaves=15
num_cat=0
split_feature=13 2 12 0 5 1 5 6 5 14 1 6 3 7
split_gain=1.27958 0.751815 0.676804 0.503148 0.431139 0.392955 0.402061 0.461386 0.346812 0.424026 0.602349 0.653677 0.64344 0.788993
threshold=3.5000000000000004 0.85039384551116426 23.853941230049966 3.5000000000000004 1.2570494572073074 37.500000000000007 1.9632013168378839 4.5000000000000009 1.8539532060947088 5.5000000000000009 29.500000000000004 1.5000000000000002 1.118118686868687 1.2532051282051284
decision_type=2 2 2 2 2 2 2 2 2 2 2 2 2 2
left_child=2 -2 5 4 -3 6 8 -8 9 10 11 12 -1 -14
right_child=1 3 -4 -5 -6 -7 7 -9 -10 -11 -12 -13 13 -15
leaf_value=-0.028538689406153048 0.026163699090268101 -0.040198909325707272 0.041850205007140637 -0.039359177747393455 0.05160788790002209 -0.037343407743235073 0.042918356133290037 -0.0094992904008609751 -0.027001461317380279 0.011061427070149402 -0.045831788451136717 0.009592901282380481 0.036838887830034521 -0.013184469722809547
leaf_weight=3.1349111270392456 0.6229515690356483 0.22061621057218861 1.0752234536339518 3.6284308208705625 0.30423083587083966 0.63910162475076404 1.2129304314148601 0.64201290439814318 1.085248834453522 8.1957574108964746 0.78111500653904009 7.3706202681642026 1.1403952371911148 2.5527514872374013
leaf_count=120 10 160 480 2317 9 30 84 9 22 229 24 274 21 51
internal_value=-0.00114835 -0.0250577 0.00295499 -0.0327404 0.0130175 0.00139187 0.00233979 0.0247761 0.000624347 0.00191799 -0.00308458 -0.000732914 -0.0118792 0.00226209
internal_weight=32.6063 4.77623 27.8301 4.15328 0.524847 26.7548 26.1157 1.85494 24.2608 23.1756 14.9798 14.1987 6.82806 3.69315
internal_count=3840 2496 1344 2486 169 864 834 93 741 719 490 466 192 72
is_linear=0
shrinkage=0.05


Tree=498
num_leaves=15
num_cat=0
split_feature=0 14 4 5 4 3 11 11 4 18 6 18 2 7
split_gain=0.580934 0.568823 0.501524 0.517302 0.514196 0.699253 0.986052 1.08218 1.01984 0.967664 1.20415 0.803768 1.17955 1.56809
threshold=6.5000000000000009 1.5000000000000002 0.40000000000000008 0.49248990270120258 0.3244949494949505 1.1736231884057975 -0.012715118215907399 0.0087236753739503587 -0.032738095238095587 1.2480769230769233 5.5000000000000009 1.1645833333333335 1.9480065881853315 0.62387724550898216
decision_type=2 2 2 2 2 2 2 2 2 2 2 2 2 2
left_child=-1 -2 3 -3 5 11 -7 9 -9 -8 -11 -5 -13 -14
right_child=1 2 -4 4 -6 6 7 8 -10 10 -12 12 13 -15
leaf_value=-0.04015308796501061 -0.040305513787657038 0.042866621398069828 -0.034857192521508207 -0.0027959171290232385 0.029085553787144593 -0.041904563769579253 0.043091228742612564 0.0089968748878624157 -0.039083947696811401 -0.029514329304027889 0.042868479187408069 0.019063849136845151 -0.026936204806014594 0.022438183929498014
leaf_weight=0.92000672500580449 0.86982438882114266 0.72769846417941053 0.99306697916472231 30.495666927628918 1.5310805706540112 2.1605722997046533 1.7057332090917023 1.7742892879177805 2.9144729844410913 1.7260545887984338 0.86129277851432551 12.834399908198977 3.955401287181302 2.7097307769581676
leaf_count=963 810 30 218 953 45 116 31 29 127 95 8 194 169 52
internal_value=-0.000698469 -0.000142249 0.000400308 0.000952596 0.000465897 -0.00025083 -0.0115776 -0.00428252 -0.0208895 0.0138551 -0.00541908 0.00227357 0.0102018 -0.00686289
internal_weight=66.1793 65.2593 64.3895 63.3964 62.6687 61.1376 11.1424 8.98184 4.68876 4.29308 2.58735 49.9952 19.4995 6.66513
internal_count=3840 2877 2067 1849 1819 1774 406 290 156 134 103 1368 415 221
is_linear=0
shrinkage=0.05


Tree=499
num_leaves=15
num_cat=0
split_feature=16 5 13 7 18 8 11 18 16 12 11 13 3 1
split_gain=1.52528 0.385713 0.409615 0.382361 0.36966 0.813169 0.698561 0.698091 0.563381 1.32918 0.917441 0.918387 0.744193 0.712726
threshold=1.0000000180025095e-35 1.1886417238943825 3.5000000000000004 1.0424679487179491 1.7884868421052633 1.5000000000000002 0.12920411876812046 1.5564663023679419 4.5000000000000009 5.9104600014976336 0.0085383198984951576 13.500000000000002 0.55712530712530728 5.5000000000000009
decision_type=2 2 2 2 2 2 2 2 2 2 2 2 2 2
left_child=1 -1 -3 -4 6 -6 7 8 13 10 12 -12 -10 -2
right_child=4 2 3 -5 5 -7 -8 -9 9 -11 11 -13 -14 -15
leaf_value=-0.040134069699032514 -0.019533181776517097 -0.04025849913687634 -0.040183474381876048 0.039926810484692633 -0.0031774273582233763 0.039696506590968579 -0.042993910549441509 -0.03755694081097017 -0.0070539107822830769 -0.036202941606200009 -0.011642904210305872 0.042232489559332988 0.042383462644144748 0.003325347261998058
leaf_weight=2.7317036683161855 4.1915046004578498 0.53032320929924004 0.20730972322053276 0.52909502491820604 2.4205221079755566 2.0363744732458144 0.8748780635651191 1.0667269068071608 0.92749934067250972 1.2120330580510188 3.1187540480168536 1.0598183331312609 4.2463095302227885 18.291737832361832
leaf_count=2185 29 713 111 9 38 21 25 21 46 22 77 74 241 228
internal_value=-0.000132796 -0.029559 -0.00675391 0.0173745 0.00284997 0.0164119 0.00112248 0.00225386 0.00353889 0.0130626 0.0194473 0.0020216 0.0335209 -0.000936121
internal_weight=43.4446 3.99843 1.26673 0.736405 39.4462 4.4569 34.9893 34.1144 33.0477 10.5644 9.35238 4.17857 5.17381 22.4832
internal_count=3840 3018 833 120 822 59 763 738 717 460 438 151 287 257
is_linear=0
shrinkage=0.05


end of trees

feature_importances:
app_share_shift=778
burst_ratio=642
ticket_ratio=605
base_txn_mean=503
slope_last8=474
active_weeks=444
cashin_ratio_last4=385
fail_last6=361
weeks_since_cashin=354
weeks_silent=353
cashout_ok_ratio_last4=334
weeks_since_burst=332
post_fee_ratio=329
last4_txn_ratio=302
weeks_since_district_change=263
fail_rate_last6=179
fade_weeks=131
weeks_after_fee=120
pay_cycle=92
district_changed=19

parameters:
[boosting: gbdt]
[objective: multiclass]
[metric: multi_logloss]
[tree_learner: serial]
[device_type: cpu]
[data_sample_strategy: bagging]
[data: ]
[valid: ]
[num_iterations: 100]
[learning_rate: 0.05]
[num_leaves: 15]
[num_threads: 0]
[seed: 42]
[deterministic: 1]
[force_col_wise: 0]
[force_row_wise: 0]
[histogram_pool_size: -1]
[max_depth: -1]
[min_data_in_leaf: 20]
[min_sum_hessian_in_leaf: 0.001]
[bagging_fraction: 1]
[pos_bagging_fraction: 1]
[neg_bagging_fraction: 1]
[bagging_freq: 0]
[bagging_seed: 400]
[bagging_by_query: 0]
[feature_fraction: 1]
[feature_fraction_bynode: 1]
[feature_fraction_seed: 30056]
[extra_trees: 0]
[extra_seed: 12879]
[early_stopping_round: 0]
[early_stopping_min_delta: 0]
[first_metric_only: 0]
[max_delta_step: 0]
[lambda_l1: 0]
[lambda_l2: 0]
[linear_lambda: 0]
[min_gain_to_split: 0]
[drop_rate: 0.1]
[max_drop: 50]
[skip_drop: 0.5]
[xgboost_dart_mode: 0]
[uniform_drop: 0]
[drop_seed: 17869]
[top_rate: 0.2]
[other_rate: 0.1]
[min_data_per_group: 100]
[max_cat_threshold: 32]
[cat_l2: 10]
[cat_smooth: 10]
[max_cat_to_onehot: 4]
[top_k: 20]
[monotone_constraints: ]
[monotone_constraints_method: basic]
[monotone_penalty: 0]
[feature_contri: ]
[forcedsplits_filename: ]
[refit_decay_rate: 0.9]
[cegb_tradeoff: 1]
[cegb_penalty_split: 0]
[cegb_penalty_feature_lazy: ]
[cegb_penalty_feature_coupled: ]
[path_smooth: 0]
[interaction_constraints: ]
[verbosity: -1]
[saved_feature_importance_type: 0]
[use_quantized_grad: 0]
[num_grad_quant_bins: 4]
[quant_train_renew_leaf: 0]
[stochastic_rounding: 1]
[linear_tree: 0]
[max_bin: 255]
[max_bin_by_feature: ]
[min_data_in_bin: 3]
[bin_construct_sample_cnt: 200000]
[data_random_seed: 175]
[is_enable_sparse: 1]
[enable_bundle: 1]
[use_missing: 1]
[zero_as_missing: 0]
[feature_pre_filter: 1]
[pre_partition: 0]
[two_round: 0]
[header: 0]
[label_column: ]
[weight_column: ]
[group_column: ]
[ignore_column: ]
[categorical_feature: ]
[forcedbins_filename: ]
[precise_float_parser: 0]
[parser_config_file: ]
[objective_seed: 16083]
[num_class: 5]
[is_unbalance: 0]
[scale_pos_weight: 1]
[sigmoid: 1]
[boost_from_average: 1]
[reg_sqrt: 0]
[alpha: 0.9]
[fair_c: 1]
[poisson_max_delta_step: 0.7]
[tweedie_variance_power: 1.5]
[lambdarank_truncation_level: 30]
[lambdarank_norm: 1]
[label_gain: ]
[lambdarank_position_bias_regularization: 0]
[eval_at: ]
[multi_error_top_k: 1]
[auc_mu_weights: ]
[num_machines: 1]
[local_listen_port: 12400]
[time_out: 120]
[machine_list_filename: ]
[machines: ]
[gpu_platform_id: -1]
[gpu_device_id: -1]
[gpu_device_id_list: ]
[gpu_use_dp: 0]
[num_gpu: 1]

end of parameters

pandas_categorical:[]
